SETTLEMENTDATE,REGIONID,RRP,TOTALDEMAND,AVAILABLEGENERATION,DEMANDFORECAST,DISPATCHABLEGENERATION,NETINTERCHANGE,INITIALSUPPLY,CLEAREDSUPPLY,TOTALINTERMITTENTGENERATION,UIGF,SEMISCHEDULE_CLEAREDMW,SPARE_CAPACITY
2026-01-04 00:05:00,NSW1,81.45856,6738.26,10902.59188,-63,5861.06,-877.2,6824.38577,6756.46,105.88537,578.59188,578.59188,4164.33188
2026-01-04 00:05:00,QLD1,76.38036,6251.88,10747.65814,-20,6735.13,483.24,6279.21455,6255.83,33.044,1124.65814,1124.65814,4495.778139999999
2026-01-04 00:05:00,SA1,78.92059,1371.51,3103.80677,5,1044.81,-326.7,1371.73199,1373.15,0.0,897.80677,897.80677,1732.2967700000002
2026-01-04 00:05:00,TAS1,50.18,855.71,1784.66067,-1,855.71,0.0,858.98804,855.71,88.48072,78.66067,78.66067,928.95067
2026-01-04 00:05:00,VIC1,73.79,4331.57,9251.11104,-20,5102.8,771.23,4381.19849,4358.36,167.61399,823.90103,823.11104,4919.54104
2026-01-04 00:10:00,NSW1,67.81371,6756.16,10874.57102,-31,5757.05,-999.11,6793.84771,6780.27,104.72537,550.57102,550.57102,4118.41102
2026-01-04 00:10:00,QLD1,64.75,6214.99,10713.45592,-36,6571.33,352.34,6260.04641,6220.71,33.128,1090.45592,1090.45592,4498.465920000001
2026-01-04 00:10:00,SA1,58.67563,1382.29,3096.44227,2,1344.44,-37.85,1384.73454,1382.25,0.0,890.44227,890.44227,1714.15227
2026-01-04 00:10:00,TAS1,50.18,858.99,1782.72785,-1,858.99,0.0,860.89026,858.99,92.84268,76.72785,76.72785,923.73785
2026-01-04 00:10:00,VIC1,58.87351,4300.95,9262.87968,-33,5050.88,749.93,4371.12373,4340.47,159.43166,835.66967,834.87968,4961.92968
2026-01-04 00:15:00,NSW1,80.02,6761.15,10848.94835,-28,5710.23,-1050.93,6809.41337,6791.64,104.42536,524.94835,524.94835,4087.798350000001
2026-01-04 00:15:00,QLD1,71.92,6143.22,10698.39497,-34,6862.62,714.4,6201.89547,6158.62,32.719,1070.39497,1070.39497,4555.174969999999
2026-01-04 00:15:00,SA1,77.50956,1392.98,3035.76824,1,1100.77,-292.21,1387.14126,1394.27,0.0,881.76824,881.76824,1642.7882399999999
2026-01-04 00:15:00,TAS1,50.18,855.46,1785.09111,-1,855.46,0.0,857.3819,855.46,94.06345,79.09111,79.09111,929.63111
2026-01-04 00:15:00,VIC1,73.01941,4274.5,9261.03457,-32,4968.03,693.54,4349.82877,4297.11,154.61283,834.82456,834.03457,4986.53457
2026-01-04 00:20:00,NSW1,74.46791,6677.54,10819.90522,-28,5633.68,-1043.86,6733.19272,6703.03,103.54537,495.90522,495.90522,4142.365220000001
2026-01-04 00:20:00,QLD1,68.84913,6169.29,10683.18346,-31,6704.48,535.19,6215.98338,6174.62,33.354,1050.20845,1050.18346,4513.89346
2026-01-04 00:20:00,SA1,69.66,1404.66,2988.53112,1,1143.92,-260.73,1402.01203,1405.66,0.0,887.53112,887.53112,1583.87112
2026-01-04 00:20:00,TAS1,50.18,847.17,1783.61916,-1,847.17,0.0,848.26941,847.17,99.5555,77.61916,77.61916,936.44916
2026-01-04 00:20:00,VIC1,66.14597,4270.33,9265.8975,-27,5103.9,833.57,4327.88202,4302.67,147.91264,839.68749,838.8975,4995.567499999999
2026-01-04 00:25:00,NSW1,80.02,6601.48,10839.32721,-27,5692.12,-909.36,6665.42019,6621.18,103.44512,515.32721,515.32721,4237.84721
2026-01-04 00:25:00,QLD1,74.39672,6147.93,10661.89263,-26,6642.8,494.87,6179.52889,6152.44,33.134,1028.92791,1028.89263,4513.96263
2026-01-04 00:25:00,SA1,77.74905,1410.36,2921.54338,0,1064.54,-345.81,1411.14578,1412.34,0.0,874.54338,874.54338,1511.1833800000002
2026-01-04 00:25:00,TAS1,50.18,838.89,1782.67479,-1,838.89,0.0,839.646,838.89,105.20193,76.67479,76.67479,943.78479
2026-01-04 00:25:00,VIC1,72.20087,4258.62,9255.31786,-24,5074.32,815.7,4316.62908,4287.82,143.34743,829.10785,828.31786,4996.697859999999
2026-01-04 00:30:00,NSW1,77.94,6545.01,10865.75646,-29,5676.0,-869.01,6604.22778,6564.76,103.53513,541.75646,541.75646,4320.74646
2026-01-04 00:30:00,QLD1,71.94292,6104.49,10676.57349,-25,6659.67,555.18,6142.90699,6110.56,32.147,1046.6196,1046.57349,4572.083490000001
2026-01-04 00:30:00,SA1,77.90325,1400.78,2868.60483,-1,1001.6,-399.17,1413.59082,1403.59,0.0,874.60483,874.60483,1467.8248300000002
2026-01-04 00:30:00,TAS1,50.18,833.27,1784.21389,-1,833.27,0.0,832.99127,833.27,111.12137,78.21389,78.21389,950.94389
2026-01-04 00:30:00,VIC1,71.38558,4225.23,9250.49425,-21,5005.49,768.26,4282.37377,4263.86,143.68169,824.28424,823.49425,5025.26425
2026-01-04 00:35:00,NSW1,80.02,6545.98,10856.56512,-30,5672.21,-873.77,6603.5109,6565.99,102.26512,532.56512,532.56512,4310.58512
2026-01-04 00:35:00,QLD1,73.44766,6148.21,10679.22995,-25,6716.3,568.09,6177.93564,6154.52,32.591,1053.24367,1053.22995,4531.019950000001
2026-01-04 00:35:00,SA1,81.11644,1401.16,2804.88913,-2,960.89,-440.27,1408.5791,1404.62,0.0,849.88913,849.88913,1403.72913
2026-01-04 00:35:00,TAS1,50.18,829.35,1785.61513,-1,829.35,0.0,828.51166,829.35,115.32198,79.61513,79.61513,956.2651299999999
2026-01-04 00:35:00,VIC1,73.69,4210.7,9270.74116,-19,5016.0,805.3,4271.39489,4240.27,150.32531,844.53115,843.74116,5060.04116
2026-01-04 00:40:00,NSW1,80.02,6537.32,10833.29435,-31,5646.54,-890.78,6588.5325,6558.62,100.85512,509.29435,509.29435,4295.97435
2026-01-04 00:40:00,QLD1,73.3944,6121.34,10661.40046,-21,6708.35,587.01,6135.8312,6128.26,32.271,1035.40046,1035.40046,4540.060460000001
2026-01-04 00:40:00,SA1,81.843,1409.31,2775.61639,-1,942.62,-466.69,1410.35679,1413.32,0.0,820.61639,820.61639,1366.3063900000002
2026-01-04 00:40:00,TAS1,50.18,834.44,1781.4763,-1,834.44,0.0,833.74847,834.44,114.30861,75.4763,75.4763,947.0363
2026-01-04 00:40:00,VIC1,73.67,4161.93,9282.94879,-19,4996.67,834.74,4224.85639,4193.96,163.92406,877.73878,876.94879,5121.01879
2026-01-04 00:45:00,NSW1,80.02,6534.61,10805.33767,-33,5634.98,-899.63,6588.1443,6556.54,99.08512,481.33767,481.33767,4270.727670000001
2026-01-04 00:45:00,QLD1,73.36267,6100.77,10651.87021,-15,6697.58,596.81,6111.10156,6108.02,32.24,1027.87021,1027.87021,4551.100209999999
2026-01-04 00:45:00,SA1,82.6139,1422.78,2774.63767,-1,917.64,-505.14,1423.53937,1427.67,0.0,819.63767,819.63767,1351.85767
2026-01-04 00:45:00,TAS1,50.18,828.81,1781.08757,-1,828.81,0.0,830.03821,828.81,113.69493,75.08757,75.08757,952.27757
2026-01-04 00:45:00,VIC1,73.67,4140.54,9230.16507,-18,5018.41,877.86,4206.1565,4176.38,170.74632,888.95506,888.16507,5089.625069999999
2026-01-04 00:50:00,NSW1,80.02,6466.13,10796.11263,-35,5555.22,-910.92,6533.02939,6487.7,98.08512,472.11263,472.11263,4329.9826299999995
2026-01-04 00:50:00,QLD1,73.3532,6093.6,10694.04245,-8,6665.54,571.95,6117.84001,6100.21,33.587,1070.04245,1070.04245,4600.4424500000005
2026-01-04 00:50:00,SA1,81.92311,1412.78,2778.30255,-1,929.3,-483.48,1423.79638,1417.21,0.0,824.30255,824.30255,1365.52255
2026-01-04 00:50:00,TAS1,50.18,826.69,1778.26486,-1,826.69,0.0,828.41333,826.69,113.34972,72.26486,72.26486,951.57486
2026-01-04 00:50:00,VIC1,73.36566,4117.56,9223.27577,-19,5008.28,890.72,4189.44706,4153.23,180.75492,914.06576,913.27577,5105.71577
2026-01-04 00:55:00,NSW1,77.89484,6442.8,10819.01365,-34,5475.97,-966.84,6499.13389,6468.01,97.90512,495.01365,495.01365,4376.213650000001
2026-01-04 00:55:00,QLD1,70.90846,6057.15,10726.40461,-6,6688.33,631.18,6074.28751,6065.51,33.357,1101.40461,1101.40461,4669.25461
2026-01-04 00:55:00,SA1,80.44,1430.69,2777.12647,-1,911.71,-518.98,1435.20942,1435.95,0.0,823.12647,823.12647,1346.43647
2026-01-04 00:55:00,TAS1,50.18,829.73,1779.51673,-1,829.73,0.0,832.24219,829.73,106.757,73.51673,73.51673,949.78673
2026-01-04 00:55:00,VIC1,71.49334,4096.23,9266.16358,-18,5029.16,932.93,4160.47241,4135.71,180.96728,940.95357,940.16358,5169.933580000001
2026-01-04 01:00:00,NSW1,68.4325,6409.91,10805.62539,-31,5434.4,-975.52,6474.98201,6432.37,95.88512,481.62539,481.62539,4395.715389999999
2026-01-04 01:00:00,QLD1,63.82987,6006.87,10737.31978,-6,6487.9,481.03,6027.2118,6011.5,32.916,1115.31978,1115.31978,4730.44978
2026-01-04 01:00:00,SA1,67.41207,1437.08,2761.29981,-1,988.3,-448.78,1440.05956,1440.95,0.0,807.29981,807.29981,1324.21981
2026-01-04 01:00:00,TAS1,50.16388,817.94,1780.33917,-1,817.94,0.0,820.22845,817.94,114.54424,74.33917,74.33917,962.3991699999999
2026-01-04 01:00:00,VIC1,61.05365,4068.88,9298.06508,-19,5086.07,1017.18,4138.99908,4111.84,183.14481,968.85507,968.06508,5229.18508
2026-01-04 01:05:00,NSW1,80.02,6402.83,10800.94726,-29,5414.34,-990.49,6465.16751,6431.85,92.71512,476.94726,476.94726,4398.117260000001
2026-01-04 01:05:00,QLD1,72.33882,6010.59,10717.67192,-9,6665.66,655.07,6040.44186,6019.79,32.965,1117.67192,1117.67192,4707.0819200000005
2026-01-04 01:05:00,SA1,82.81559,1439.16,2749.0631,-2,903.06,-536.09,1433.90971,1444.76,0.0,795.0631,795.0631,1309.9030999999998
2026-01-04 01:05:00,TAS1,50.16388,812.7,1782.95297,-1,812.7,0.0,813.92767,812.7,121.30142,76.95297,76.95297,970.25297
2026-01-04 01:05:00,VIC1,73.45825,4085.99,9264.73669,-19,5040.74,954.75,4147.92197,4127.4,184.46217,965.52668,964.73669,5178.74669
2026-01-04 01:10:00,NSW1,80.02,6399.6,10787.09651,-24,5484.12,-948.49,6473.96716,6458.34,92.60809,463.09651,463.09651,4387.496509999999
2026-01-04 01:10:00,QLD1,72.32755,6008.33,10732.11301,-8,6659.66,651.33,6026.64082,6017.44,33.036,1116.13556,1116.11301,4723.783009999999
2026-01-04 01:10:00,SA1,83.06365,1423.43,2751.00918,-3,892.01,-531.42,1430.34961,1428.94,0.0,797.00918,797.00918,1327.57918
2026-01-04 01:10:00,TAS1,50.14,804.94,1782.0703,-1,804.94,0.0,808.79932,804.94,127.25161,76.0703,76.0703,977.1303
2026-01-04 01:10:00,VIC1,73.67,4065.96,9258.2733,-21,4973.73,907.77,4127.06753,4104.8,184.71586,962.06329,961.2733,5192.313300000001
2026-01-04 01:15:00,NSW1,70.92195,6402.32,10762.08842,-21,5249.16,-1153.16,6509.38855,6433.97,92.25809,438.08842,438.08842,4359.76842
2026-01-04 01:15:00,QLD1,64.95,6038.07,10710.02452,-9,6626.03,587.96,6052.40762,6045.27,33.018,1102.05816,1102.02452,4671.954520000001
2026-01-04 01:15:00,SA1,66.81206,1406.78,2742.44554,-3,1111.45,-295.34,1414.323,1408.31,0.0,789.44554,789.44554,1335.6655400000002
2026-01-04 01:15:00,TAS1,50.14,780.66,1780.64155,-1,780.66,0.0,783.24451,780.66,131.33791,74.64155,74.64155,999.9815500000001
2026-01-04 01:15:00,VIC1,62.70015,4047.97,9236.90413,-18,4996.9,939.93,4110.58398,4096.0,191.91896,963.69412,962.90413,5188.9341300000015
2026-01-04 01:20:00,NSW1,70.49001,6373.2,10754.71317,-18,5214.67,-1158.53,6457.87612,6404.79,91.41809,430.71317,430.71317,4381.513170000001
2026-01-04 01:20:00,QLD1,64.95,6022.08,10649.51777,-5,6574.45,552.37,6048.40511,6028.36,32.789,1109.58174,1109.51777,4627.4377700000005
2026-01-04 01:20:00,SA1,65.03315,1408.78,2747.47376,-4,1172.47,-236.31,1407.02752,1409.67,0.0,794.47376,794.47376,1338.6937599999999
2026-01-04 01:20:00,TAS1,50.14,780.57,1783.62043,-1,780.57,0.0,781.49719,780.57,132.52157,77.62043,77.62043,1003.0504299999999
2026-01-04 01:20:00,VIC1,61.85722,4036.8,9177.72363,-19,4957.72,920.93,4110.23973,4076.5,185.40508,944.51362,943.72363,5140.92363
2026-01-04 01:25:00,NSW1,80.02,6352.22,10751.95516,-18,5324.28,-1062.94,6432.53029,6417.98,91.31809,427.95516,427.95516,4399.735159999999
2026-01-04 01:25:00,QLD1,71.9,5988.85,10658.15289,-7,6668.9,680.06,6022.70764,5998.9,32.672,1089.17474,1089.15289,4669.302889999999
2026-01-04 01:25:00,SA1,80.246,1401.13,2743.77568,-4,959.78,-441.36,1401.10974,1404.75,0.0,790.77568,790.77568,1342.64568
2026-01-04 01:25:00,TAS1,50.14,784.15,1782.04842,-1,784.15,0.0,784.63037,784.15,128.01585,76.04842,76.04842,997.8984200000001
2026-01-04 01:25:00,VIC1,72.77592,4024.23,9128.66152,-18,4928.66,904.43,4089.86542,4059.98,181.40859,922.45151,921.66152,5104.43152
2026-01-04 01:30:00,NSW1,70.13087,6317.14,10793.46178,-17,5252.07,-1065.07,6411.06519,6344.47,90.88809,469.46178,469.46178,4476.321779999999
2026-01-04 01:30:00,QLD1,64.95,5972.11,10632.26888,-12,6477.2,505.09,5996.01684,5977.41,32.155,1064.26888,1064.26888,4660.15888
2026-01-04 01:30:00,SA1,65.95052,1378.9,2730.95856,-5,1096.96,-281.94,1385.59438,1380.22,0.0,777.95856,777.95856,1352.05856
2026-01-04 01:30:00,TAS1,50.14,794.11,1780.18482,-1,794.11,0.0,794.6778,794.11,128.88878,74.18482,74.18482,986.0748199999999
2026-01-04 01:30:00,VIC1,61.95142,4002.46,9106.78901,-17,4915.79,913.33,4059.17194,4039.93,182.18447,912.579,911.78901,5104.32901
2026-01-04 01:35:00,NSW1,80.65537,6306.57,10820.31917,-18,5275.77,-1052.8,6368.12898,6360.86,92.04809,496.31917,496.31917,4513.749170000001
2026-01-04 01:35:00,QLD1,71.91,5964.25,10660.3312,-18,6681.77,717.52,6002.54878,5975.69,33.009,1080.3312,1080.3312,4696.0812000000005
2026-01-04 01:35:00,SA1,82.91155,1378.27,2726.53684,-7,861.54,-516.73,1386.00576,1383.38,0.0,771.53684,771.53684,1348.2668400000002
2026-01-04 01:35:00,TAS1,50.18,795.14,1784.04455,-1,795.14,0.0,797.25244,795.14,125.53869,78.04455,78.04455,988.9045500000001
2026-01-04 01:35:00,VIC1,73.69,3994.13,9028.42873,-17,4947.81,940.68,4051.92429,4046.97,180.80566,905.21872,904.42873,5034.2987299999995
2026-01-04 01:40:00,NSW1,68.08859,6327.55,10828.46377,-18,5343.67,-983.89,6407.23366,6351.18,92.71908,504.46377,504.46377,4500.91377
2026-01-04 01:40:00,QLD1,63.83017,5948.56,10593.04693,-14,6384.54,435.98,5971.7644,5952.4,33.61,1035.14185,1035.04693,4644.48693
2026-01-04 01:40:00,SA1,64.60219,1366.72,2694.25558,-6,1028.26,-338.46,1384.39917,1368.74,0.0,740.25558,740.25558,1327.53558
2026-01-04 01:40:00,TAS1,50.18,796.82,1789.24062,-1,796.82,0.0,799.68921,796.82,123.42435,83.24062,83.24062,992.42062
2026-01-04 01:40:00,VIC1,60.11011,3930.19,8900.79154,-16,4885.79,955.6,4010.61302,3969.93,184.77981,904.58153,903.79154,4970.60154
2026-01-04 01:45:00,NSW1,80.49359,6284.11,10871.57156,-18,5408.98,-875.14,6343.27394,6304.75,92.22809,547.57156,547.57156,4587.461560000001
2026-01-04 01:45:00,QLD1,74.07603,5972.5,10572.47608,-15,6513.58,539.08,6006.40664,5980.65,32.98,1020.54175,1020.47608,4599.97608
2026-01-04 01:45:00,SA1,82.7208,1365.2,2694.72316,-7,858.72,-506.48,1387.34863,1370.21,0.0,747.72316,747.72316,1329.52316
2026-01-04 01:45:00,TAS1,50.18,797.8,1786.27108,-1,797.8,0.0,801.15186,797.8,127.62391,80.27108,80.27108,988.47108
2026-01-04 01:45:00,VIC1,73.69,3904.92,8753.89851,-15,4817.7,912.77,3959.60537,3943.37,190.3678,849.6885,848.89851,4848.978510000001
2026-01-04 01:50:00,NSW1,77.94,6277.05,10867.22245,-19,5397.94,-879.11,6323.61668,6298.85,92.86809,543.22245,543.22245,4590.172449999999
2026-01-04 01:50:00,QLD1,71.65235,5930.35,10588.7207,-19,6498.98,566.64,5952.35986,5939.36,32.992,1004.7207,1004.7207,4658.3706999999995
2026-01-04 01:50:00,SA1,80.44,1369.19,2586.89888,-6,844.53,-524.66,1385.96465,1374.53,0.0,715.89888,715.89888,1217.7088800000001
2026-01-04 01:50:00,TAS1,50.18,798.08,1784.65756,-1,798.08,0.0,802.8902,798.08,127.27149,78.65756,78.65756,986.5775600000001
2026-01-04 01:50:00,VIC1,71.36464,3890.53,8746.88585,-15,4800.89,910.36,3951.47694,3929.59,189.85481,883.67584,882.88585,4856.35585
2026-01-04 01:55:00,NSW1,77.94,6251.5,10844.16781,-20,5358.53,-892.98,6299.04435,6274.6,93.17093,521.16781,521.16781,4592.667810000001
2026-01-04 01:55:00,QLD1,71.15126,5898.21,10578.13378,-16,6487.49,585.28,5917.89802,5909.86,32.86,993.20125,993.13378,4679.92378
2026-01-04 01:55:00,SA1,80.44,1355.05,2583.01456,-7,813.74,-541.31,1377.31939,1360.74,0.0,713.01456,713.01456,1227.9645600000001
2026-01-04 01:55:00,TAS1,50.18,799.4,1784.77844,-1,799.4,0.0,804.82275,799.4,123.55188,78.77844,78.77844,985.3784400000001
2026-01-04 01:55:00,VIC1,71.3419,3876.03,8763.05447,-14,4826.05,926.02,3936.6852,3940.62,177.69332,912.84446,912.05447,4887.0244699999985
2026-01-04 02:00:00,NSW1,71.13508,6214.14,10844.07542,-19,5330.56,-883.58,6260.00866,6236.79,93.24093,521.07542,521.07542,4629.935419999999
2026-01-04 02:00:00,QLD1,64.95,5915.0,10419.89305,-20,6499.94,583.94,5938.85368,5923.58,32.252,1005.95042,1005.89305,4504.893050000001
2026-01-04 02:00:00,SA1,74.93449,1354.07,2571.46577,-6,763.47,-590.6,1375.07841,1360.97,0.0,703.46577,703.46577,1217.3957699999999
2026-01-04 02:00:00,TAS1,50.18,801.27,1780.53928,-1,801.27,0.0,806.72803,801.27,118.90147,74.53928,74.53928,979.26928
2026-01-04 02:00:00,VIC1,65.61331,3868.2,8776.09011,-15,4841.09,972.89,3948.69775,3913.71,176.68049,915.8801,915.09011,4907.890109999999
2026-01-04 02:05:00,NSW1,80.50546,6225.41,10948.48158,-18,5324.79,-900.62,6280.62903,6248.48,94.44093,525.48158,525.48158,4723.07158
2026-01-04 02:05:00,QLD1,73.51589,5911.27,10407.90204,-19,6492.46,580.19,5937.9121,5919.73,34.381,995.91972,995.90204,4496.63204
2026-01-04 02:05:00,SA1,84.13799,1346.32,2536.35962,-6,759.36,-586.96,1371.66187,1353.1,0.0,669.35962,669.35962,1190.0396200000002
2026-01-04 02:05:00,TAS1,50.18,800.91,1781.48104,-1,800.91,0.0,806.23535,800.91,122.38642,75.48104,75.48104,980.5710399999999
2026-01-04 02:05:00,VIC1,73.69,3876.47,8797.02771,-14,4867.47,991.0,3936.43006,3922.77,169.83315,926.8177,926.02771,4920.557710000001
2026-01-04 02:10:00,NSW1,81.92221,6181.55,10947.61352,-16,5297.74,-883.82,6241.93691,6204.07,93.63093,524.61352,524.61352,4766.063520000001
2026-01-04 02:10:00,QLD1,74.75003,5867.71,10366.73793,-16,6437.4,569.69,5896.55581,5875.0,33.76,958.74479,958.73793,4499.027929999999
2026-01-04 02:10:00,SA1,86.35872,1347.81,2503.73483,-5,727.73,-620.07,1362.61231,1355.45,0.0,637.73483,637.73483,1155.92483
2026-01-04 02:10:00,TAS1,50.18,802.0,1782.97064,-1,802.0,0.0,806.36127,802.0,120.82993,76.97064,76.97064,980.97064
2026-01-04 02:10:00,VIC1,74.97855,3848.52,8787.99682,-12,4870.0,1021.48,3912.98577,3898.35,173.27272,949.78681,948.99682,4939.47682
2026-01-04 02:15:00,NSW1,69.71484,6140.02,11003.0237,-15,5185.95,-954.07,6201.34934,6163.4,93.01093,580.0237,580.0237,4863.003699999999
2026-01-04 02:15:00,QLD1,64.75,5802.56,10347.40892,-13,6267.37,464.81,5841.88462,5807.41,33.952,931.41578,931.40892,4544.848919999999
2026-01-04 02:15:00,SA1,69.38685,1331.51,2506.61013,-5,853.61,-477.9,1351.37119,1335.78,0.0,642.61013,642.61013,1175.10013
2026-01-04 02:15:00,TAS1,50.39364,800.63,1778.93411,-1,800.63,0.0,804.44891,800.63,119.5384,72.93411,72.93411,978.3041099999999
2026-01-04 02:15:00,VIC1,62.4313,3854.55,8815.95054,-12,4899.95,1045.4,3924.27037,3900.29,182.79466,986.74053,985.95054,4961.40054
2026-01-04 02:20:00,NSW1,70.36501,6130.14,11050.27171,-15,5213.71,-916.42,6202.21063,6153.13,93.02093,567.27171,567.27171,4920.131710000001
2026-01-04 02:20:00,QLD1,64.95,5794.19,10222.03583,-15,6314.55,520.36,5837.89142,5800.35,33.267,891.04269,891.03583,4427.845830000001
2026-01-04 02:20:00,SA1,73.42608,1310.09,2542.43924,-5,685.44,-624.65,1328.72582,1317.71,0.0,625.43924,625.43924,1232.3492400000002
2026-01-04 02:20:00,TAS1,50.39364,803.4,1779.24293,0,803.4,0.0,806.92432,803.4,118.33714,73.24293,73.24293,975.8429299999999
2026-01-04 02:20:00,VIC1,63.83278,3821.09,8850.79965,-11,4941.8,1112.71,3886.41386,3884.32,187.18121,1028.58964,1027.79965,5029.709650000001
2026-01-04 02:25:00,NSW1,86.63361,6134.66,10983.66013,-15,5214.59,-933.07,6171.9515,6170.91,93.21093,560.66013,560.66013,4849.00013
2026-01-04 02:25:00,QLD1,79.99,5840.27,10277.6998,-16,6351.93,511.67,5863.66842,5846.16,33.124,871.71212,871.6998,4437.4298
2026-01-04 02:25:00,SA1,89.8302,1312.97,2553.71655,-5,691.72,-621.25,1333.26282,1320.51,0.0,601.71655,601.71655,1240.74655
2026-01-04 02:25:00,TAS1,50.39364,807.68,1776.31846,0,807.68,0.0,811.06018,807.68,112.95008,70.31846,70.31846,968.63846
2026-01-04 02:25:00,VIC1,78.08314,3818.37,8826.15626,-11,4954.16,1135.78,3894.13393,3874.81,188.56139,1038.94625,1038.15626,5007.78626
2026-01-04 02:30:00,NSW1,66.94988,6068.15,10993.81345,-13,5215.81,-915.35,6137.27712,6153.18,102.90489,570.81345,570.81345,4925.66345
2026-01-04 02:30:00,QLD1,63.73,5780.5,10240.66178,-15,6105.03,324.52,5838.72378,5782.74,32.812,856.66178,856.66178,4460.16178
2026-01-04 02:30:00,SA1,65.99312,1316.43,2529.26067,-6,796.26,-520.17,1332.69605,1321.55,0.0,577.26067,577.26067,1212.83067
2026-01-04 02:30:00,TAS1,50.39364,803.4,1774.28625,0,803.4,0.0,807.4751,803.4,115.63656,68.28625,68.28625,970.8862500000001
2026-01-04 02:30:00,VIC1,58.66285,3814.16,8881.17934,-10,5012.18,1198.02,3890.31054,3871.81,192.21852,1098.96933,1098.17934,5067.019340000001
2026-01-04 02:35:00,NSW1,68.73352,6055.24,11005.286,-13,5134.73,-920.51,6171.62376,6077.41,111.23197,582.286,582.286,4950.046
2026-01-04 02:35:00,QLD1,63.83017,5795.5,10231.26599,-13,6262.94,467.44,5844.26459,5800.42,32.841,839.26599,839.26599,4435.76599
2026-01-04 02:35:00,SA1,76.14842,1314.15,2535.98593,-5,643.99,-670.16,1329.96469,1322.83,0.0,583.98593,583.98593,1221.8359299999997
2026-01-04 02:35:00,TAS1,50.18,799.64,1772.18575,0,799.64,0.0,803.4245,799.64,112.34044,66.18575,66.18575,972.5457500000001
2026-01-04 02:35:00,VIC1,61.537,3801.15,8934.90221,-9,5026.9,1224.75,3871.62658,3867.9,191.31284,1111.6922,1110.90221,5133.752210000001
2026-01-04 02:40:00,NSW1,89.94447,6013.86,11012.84462,-13,5133.94,-911.92,6067.32944,6067.16,118.48419,589.84462,589.84462,4998.98462
2026-01-04 02:40:00,QLD1,84.65159,5805.9,10184.89137,-11,6188.45,382.55,5845.87907,5809.1,32.512,798.89137,798.89137,4378.99137
2026-01-04 02:40:00,SA1,92.43328,1311.45,2525.29704,-5,664.3,-647.15,1330.68808,1319.6,0.0,574.29704,574.29704,1213.8470399999999
2026-01-04 02:40:00,TAS1,50.18,804.53,1772.64459,0,804.53,0.0,807.27307,804.53,109.81188,66.64459,66.64459,968.1145900000001
2026-01-04 02:40:00,VIC1,80.0,3795.14,8884.25374,-8,5071.38,1276.24,3874.69837,3862.22,202.23007,1117.04373,1116.25374,5089.113740000001
2026-01-04 02:45:00,NSW1,67.22339,6003.76,11065.18638,-11,5081.46,-923.3,6087.65459,6029.2,116.92183,582.18638,582.18638,5061.426379999999
2026-01-04 02:45:00,QLD1,64.75003,5781.62,10142.97299,-11,6020.12,237.5,5800.42718,5783.75,32.761,758.98395,758.97299,4361.35299
2026-01-04 02:45:00,SA1,65.19637,1292.75,2515.21475,-4,774.21,-518.54,1301.8992,1297.72,0.0,564.21475,564.21475,1222.46475
2026-01-04 02:45:00,TAS1,50.18,806.6,1776.67834,0,806.6,0.0,809.71436,806.6,109.69532,70.67834,70.67834,970.0783399999999
2026-01-04 02:45:00,VIC1,58.02528,3806.33,8925.3649,-8,5107.36,1301.03,3873.17003,3872.49,205.21088,1134.15489,1133.3649,5119.034900000001
2026-01-04 02:50:00,NSW1,76.99081,6044.22,11020.31212,-12,5040.83,-1003.38,6094.81792,6069.96,115.51902,577.31212,577.31212,4976.09212
2026-01-04 02:50:00,QLD1,71.9,5780.43,10087.16103,-7,6236.35,451.92,5800.49081,5789.09,33.759,721.17199,721.16103,4306.731029999999
2026-01-04 02:50:00,SA1,80.44,1306.73,2477.11195,-4,648.56,-658.18,1319.55434,1315.05,0.0,569.11195,569.11195,1170.38195
2026-01-04 02:50:00,TAS1,50.18,806.73,1773.97454,0,806.73,0.0,808.68787,806.73,113.03642,67.97454,67.97454,967.2445399999999
2026-01-04 02:50:00,VIC1,67.93212,3813.7,8957.16363,-7,5139.16,1319.46,3882.5961,3890.8,201.11436,1165.95362,1165.16363,5143.463629999999
2026-01-04 02:55:00,NSW1,82.39186,6018.56,11031.90471,-11,5072.56,-945.99,6078.32014,6044.75,117.14778,588.90471,588.90471,5013.34471
2026-01-04 02:55:00,QLD1,79.99,5893.41,10058.64398,-9,6106.87,210.45,5901.63953,5897.16,32.759,681.64398,681.64398,4165.233980000001
2026-01-04 02:55:00,SA1,79.40725,1301.22,2481.98688,-3,784.99,-516.24,1310.12475,1306.19,0.0,574.98688,574.98688,1180.76688
2026-01-04 02:55:00,TAS1,50.18,792.93,1769.19317,0,792.93,0.0,794.75696,792.93,116.50214,63.19317,63.19317,976.2631700000001
2026-01-04 02:55:00,VIC1,70.62965,3786.28,8914.15468,-7,5141.15,1354.88,3869.29528,3857.47,198.8797,1167.94467,1167.15468,5127.874679999999
2026-01-04 03:00:00,NSW1,66.40846,5995.27,11013.93048,-9,5086.76,-908.51,6049.27957,6020.81,124.26968,569.93048,569.93048,5018.6604800000005
2026-01-04 03:00:00,QLD1,64.75002,5797.83,10026.99369,-4,5977.08,176.26,5812.69017,5801.39,32.496,693.99369,693.99369,4229.163689999999
2026-01-04 03:00:00,SA1,64.00933,1294.95,2531.12481,-3,766.12,-528.82,1309.6779,1300.19,0.0,581.12481,581.12481,1236.1748099999998
2026-01-04 03:00:00,TAS1,50.18,791.4,1770.74968,0,791.4,0.0,792.64172,791.4,118.97398,64.74968,64.74968,979.3496799999999
2026-01-04 03:00:00,VIC1,56.93802,3782.79,8949.1399,-6,5147.14,1364.35,3862.58261,3854.72,203.80593,1173.92989,1173.1399,5166.3499
2026-01-04 03:05:00,NSW1,78.6142,6006.82,11022.73237,-9,4994.92,-1011.91,6055.75383,6034.22,124.72557,538.73237,538.73237,5015.91237
2026-01-04 03:05:00,QLD1,74.75003,5768.68,10036.72024,-4,6083.93,315.25,5764.47554,5770.87,33.111,692.72399,692.72024,4268.04024
2026-01-04 03:05:00,SA1,76.63256,1296.88,2526.36267,-3,743.36,-553.52,1306.50718,1302.61,0.0,575.36267,575.36267,1229.4826699999999
2026-01-04 03:05:00,TAS1,50.18,791.04,1769.05101,0,791.04,0.0,791.80481,791.04,119.40217,63.05101,63.05101,978.0110099999999
2026-01-04 03:05:00,VIC1,67.87031,3779.07,8964.03428,-6,5136.03,1356.97,3855.82231,3850.54,209.58181,1167.82427,1167.03428,5184.96428
2026-01-04 03:10:00,NSW1,79.64605,5993.43,11009.96613,-7,5060.2,-959.23,6050.516,6043.28,117.42771,525.96613,525.96613,5016.53613
2026-01-04 03:10:00,QLD1,74.75002,5744.2,10060.75768,-6,6147.66,402.46,5731.33816,5749.0,32.995,706.75768,706.75768,4316.557680000001
2026-01-04 03:10:00,SA1,83.06048,1326.65,2534.05003,-2,673.05,-653.6,1328.48688,1335.01,0.0,583.05003,583.05003,1207.4000299999998
2026-01-04 03:10:00,TAS1,50.18,803.35,1769.22181,0,803.35,0.0,804.47083,803.35,120.45315,63.22181,63.22181,965.87181
2026-01-04 03:10:00,VIC1,70.33358,3752.67,8950.89296,-5,5069.89,1317.22,3834.10099,3823.52,212.65102,1156.68295,1155.89296,5198.222959999999
2026-01-04 03:15:00,NSW1,78.0971,5987.17,10987.09534,-5,5013.41,-973.76,6050.45085,6012.5,108.46366,503.09534,503.09534,4999.92534
2026-01-04 03:15:00,QLD1,74.75003,5801.36,10067.3756,-7,6095.22,293.86,5799.34567,5803.21,32.446,713.4111,713.3756,4266.0156
2026-01-04 03:15:00,SA1,68.56258,1314.04,2541.547,-1,758.55,-555.49,1326.5273,1319.95,0.0,590.547,590.547,1227.507
2026-01-04 03:15:00,TAS1,50.18,801.13,1773.09408,1,801.13,0.0,802.15344,801.13,121.43035,67.09408,67.09408,971.9640800000001
2026-01-04 03:15:00,VIC1,54.03,3728.93,8928.93451,-4,5099.93,1338.2,3823.62357,3831.45,217.88642,1186.7245,1185.93451,5200.004509999999
2026-01-04 03:20:00,NSW1,62.92464,5972.11,10980.24068,-5,5125.48,-846.63,5999.20896,5996.94,105.09798,496.24068,496.24068,5008.130680000001
2026-01-04 03:20:00,QLD1,62.08287,5769.21,10033.83143,-5,5871.95,102.74,5770.27702,5769.35,33.123,700.83143,700.83143,4264.62143
2026-01-04 03:20:00,SA1,59.52856,1322.01,2442.78935,0,886.79,-435.22,1322.81697,1325.45,0.0,600.78935,600.78935,1120.77935
2026-01-04 03:20:00,TAS1,50.18,797.55,1774.93623,1,797.55,0.0,798.74902,797.55,123.70411,68.93623,68.93623,977.3862300000001
2026-01-04 03:20:00,VIC1,54.03,3739.38,8951.8226,-3,5094.82,1271.57,3859.80687,3887.3,217.44158,1180.61259,1179.8226,5212.442599999999
2026-01-04 03:25:00,NSW1,77.94,6008.99,11072.08492,-4,5060.17,-948.82,6040.26818,6033.24,107.05637,468.08492,468.08492,5063.09492
2026-01-04 03:25:00,QLD1,74.08878,5732.38,9968.29535,-3,6046.4,314.01,5745.19399,5734.58,32.436,660.3672,660.29535,4235.91535
2026-01-04 03:25:00,SA1,77.91762,1296.26,2429.28904,-1,678.29,-617.97,1303.19066,1303.67,0.0,587.28904,587.28904,1133.0290400000001
2026-01-04 03:25:00,TAS1,50.18,798.96,1771.59144,1,798.96,0.0,799.47498,798.96,120.3289,65.59144,65.59144,972.6314399999999
2026-01-04 03:25:00,VIC1,67.75492,3724.47,8940.10156,-3,5084.1,1359.63,3893.78354,3797.46,224.26827,1170.89155,1170.10156,5215.63156
2026-01-04 03:30:00,NSW1,77.64487,5962.44,11043.75533,-3,4989.98,-972.46,5979.33715,5988.91,100.65,439.75533,439.75533,5081.31533
2026-01-04 03:30:00,QLD1,74.75002,5775.25,9954.38376,-7,6040.54,265.29,5780.11664,5776.75,33.745,633.44658,633.38376,4179.133760000001
2026-01-04 03:30:00,SA1,67.43037,1275.27,2430.4227,-1,769.42,-505.85,1287.34521,1279.97,0.0,588.4227,588.4227,1155.1527
2026-01-04 03:30:00,TAS1,50.18,798.41,1772.90777,1,798.41,0.0,799.05603,798.41,120.95304,66.90777,66.90777,974.4977700000001
2026-01-04 03:30:00,VIC1,54.03,3724.23,8907.68524,-2,5054.69,1313.09,3809.50543,3809.0,221.46928,1141.47523,1140.68524,5183.455240000001
2026-01-04 03:35:00,NSW1,67.89288,6007.52,11042.19379,-2,5073.92,-933.61,6034.02076,6031.56,100.57057,438.19379,438.19379,5034.673789999999
2026-01-04 03:35:00,QLD1,64.95,5759.62,9928.19157,-4,6055.6,295.98,5756.30244,5761.54,33.402,635.22354,635.19157,4168.571570000001
2026-01-04 03:35:00,SA1,67.46614,1274.55,2437.32224,-4,671.32,-603.23,1289.48738,1281.51,0.0,594.32224,594.32224,1162.77224
2026-01-04 03:35:00,TAS1,50.18,804.05,1776.07054,1,804.05,0.0,804.0484,804.05,118.43091,70.07054,70.07054,972.02054
2026-01-04 03:35:00,VIC1,58.95641,3701.19,8903.63858,-1,5046.64,1345.45,3799.84098,3772.87,226.34442,1133.42857,1132.63858,5202.44858
2026-01-04 03:40:00,NSW1,80.08,5996.96,10957.69079,-1,4989.9,-1007.06,6014.78652,6023.66,100.52143,418.69079,418.69079,4960.7307900000005
2026-01-04 03:40:00,QLD1,75.6961,5784.02,9891.6898,-2,6126.74,342.72,5786.92744,5786.61,33.07,628.71766,628.6898,4107.6698
2026-01-04 03:40:00,SA1,69.95931,1283.75,2438.413,-4,697.41,-586.34,1303.39047,1290.37,0.0,596.413,596.413,1154.663
2026-01-04 03:40:00,TAS1,50.18,803.7,1781.51203,1,803.7,0.0,805.02734,803.7,117.27635,75.51203,75.51203,977.81203
2026-01-04 03:40:00,VIC1,54.03,3684.33,8905.61285,-1,5049.61,1359.11,3768.41853,3763.03,237.65363,1136.40284,1135.61285,5221.28285
2026-01-04 03:45:00,NSW1,80.67597,6002.28,10826.08524,1,5038.31,-971.98,6017.57122,6036.33,99.00383,412.08524,412.08524,4823.805240000001
2026-01-04 03:45:00,QLD1,77.18208,5772.23,9866.72662,2,6074.43,302.2,5760.89275,5774.24,32.467,617.7607,617.72662,4094.49662
2026-01-04 03:45:00,SA1,80.44,1266.29,2412.82741,-3,651.24,-615.04,1276.27423,1273.51,0.0,575.82741,575.82741,1146.53741
2026-01-04 03:45:00,TAS1,50.18,803.64,1779.16243,1,803.64,0.0,803.64709,803.64,119.14952,73.16243,73.16243,975.5224300000001
2026-01-04 03:45:00,VIC1,70.01298,3686.28,8937.80477,0,5082.8,1396.52,3776.93421,3762.71,242.34086,1169.59476,1168.80477,5251.52477
2026-01-04 03:50:00,NSW1,83.56354,5978.94,10805.44081,1,4985.62,-1000.32,5985.64392,6013.92,103.59444,403.44081,403.44081,4826.5008100000005
2026-01-04 03:50:00,QLD1,79.99,5823.91,9853.87842,-2,6100.03,276.12,5805.84253,5825.51,32.677,616.87842,616.87842,4029.9684199999992
2026-01-04 03:50:00,SA1,69.5817,1256.29,2390.22553,-4,774.23,-482.07,1272.1792,1260.48,0.0,564.22553,564.22553,1133.9355300000002
2026-01-04 03:50:00,TAS1,50.18,801.89,1786.0887,1,801.89,0.0,803.46521,801.89,119.46373,80.0887,80.0887,984.1987
2026-01-04 03:50:00,VIC1,54.03,3687.01,8932.64186,1,5090.64,1307.63,3768.62517,3850.6,248.59862,1177.43185,1176.64186,5245.6318599999995
2026-01-04 03:55:00,NSW1,77.94,5990.38,10751.98146,3,4971.76,-1034.62,5988.19786,6036.2,96.78881,406.98146,406.98146,4761.601460000001
2026-01-04 03:55:00,QLD1,74.75002,5823.19,9796.2047,3,6096.75,273.56,5803.03424,5824.75,33.486,636.2047,636.2047,3973.0147000000006
2026-01-04 03:55:00,SA1,66.58577,1274.25,2375.3632,-4,814.36,-459.88,1287.51489,1278.1,0.0,554.3632,554.3632,1101.1131999999998
2026-01-04 03:55:00,TAS1,50.14,798.13,1790.17904,1,798.13,0.0,798.40674,798.13,123.4503,84.17904,84.17904,992.04904
2026-01-04 03:55:00,VIC1,54.03,3669.42,8908.91586,2,5060.92,1325.96,3833.41498,3804.74,252.18858,1147.70585,1146.91586,5239.495859999999
2026-01-04 04:00:00,NSW1,67.48427,5944.18,10734.46494,1,4948.08,-1018.1,5997.37021,5996.72,91.2466,402.46494,402.46494,4790.28494
2026-01-04 04:00:00,QLD1,64.94996,5752.86,10005.99828,1,5986.83,233.97,5767.4019,5754.0,32.429,627.99828,627.99828,4253.13828
2026-01-04 04:00:00,SA1,61.11634,1255.35,2379.90552,-4,826.91,-428.44,1271.32432,1258.56,0.0,566.90552,566.90552,1124.55552
2026-01-04 04:00:00,TAS1,50.18,800.0,1787.32366,0,800.0,0.0,799.62842,800.0,124.11383,81.32366,81.32366,987.32366
2026-01-04 04:00:00,VIC1,54.03,3676.63,8944.88427,1,5059.88,1317.29,3822.53566,3812.41,249.49502,1146.67426,1145.88427,5268.25427
2026-01-04 04:05:00,NSW1,86.0,6032.87,10769.11696,1,4993.09,-1150.78,6082.89683,6179.06,90.6266,416.11696,416.11696,4736.2469599999995
2026-01-04 04:05:00,QLD1,80.93924,5752.79,10026.16043,1,6132.59,379.8,5739.74393,5756.09,31.976,619.16043,619.16043,4273.37043
2026-01-04 04:05:00,SA1,71.59,1252.28,2393.10546,-3,691.38,-560.9,1259.31643,1258.11,0.0,573.10546,573.10546,1140.8254600000002
2026-01-04 04:05:00,TAS1,35.1,800.12,1782.09117,0,800.12,0.0,800.45898,800.12,124.95915,78.09117,78.09117,981.9711699999999
2026-01-04 04:05:00,VIC1,54.15199,3670.6,9013.24297,-1,5129.24,1458.64,3816.30146,3753.05,251.51652,1156.03296,1155.24297,5342.642969999999
2026-01-04 04:10:00,NSW1,66.74087,6035.72,11440.2387,6,5018.0,-1017.71,6168.39693,6065.07,90.37661,417.2387,417.2387,5404.5187
2026-01-04 04:10:00,QLD1,63.83017,5747.62,9989.80245,0,6025.32,277.7,5728.63692,5749.31,30.758,612.81407,612.80245,4242.182449999999
2026-01-04 04:10:00,SA1,62.91625,1264.74,2388.63554,-3,703.64,-561.1,1276.31045,1270.64,0.0,568.63554,568.63554,1123.8955400000002
2026-01-04 04:10:00,TAS1,35.1,808.74,1781.17744,1,808.74,0.0,814.91455,808.74,115.92312,77.17744,77.17744,972.4374399999999
2026-01-04 04:10:00,VIC1,54.03,3683.38,9051.69366,0,5132.69,1416.17,3755.23014,3794.63,260.44208,1159.48365,1158.69366,5368.313660000001
2026-01-04 04:15:00,NSW1,78.57584,6049.98,10794.59512,8,4962.75,-1152.23,6059.76349,6151.3,90.02661,403.59512,403.59512,4744.61512
2026-01-04 04:15:00,QLD1,74.75003,5781.84,10004.428,0,6103.67,321.83,5782.24714,5784.09,30.668,610.47235,610.428,4222.588
2026-01-04 04:15:00,SA1,65.4971,1250.86,2412.16203,-1,854.16,-396.7,1262.05163,1253.56,0.0,594.16203,594.16203,1161.30203
2026-01-04 04:15:00,TAS1,35.1,808.95,1777.69044,1,808.95,0.0,811.66571,808.95,115.791,73.69044,73.69044,968.74044
2026-01-04 04:15:00,VIC1,54.03,3694.83,9064.82367,2,5132.82,1342.33,3795.3799,3864.46,253.92575,1159.61366,1158.82367,5369.99367
2026-01-04 04:20:00,NSW1,67.0051,6022.73,10794.51603,8,4997.58,-1034.15,6112.70931,6063.98,90.2766,403.51603,403.51603,4771.786030000001
2026-01-04 04:20:00,QLD1,64.95,5805.68,9958.93273,2,6025.07,219.39,5795.44005,5806.61,30.731,611.93273,611.93273,4153.25273
2026-01-04 04:20:00,SA1,61.93803,1248.18,2401.61864,0,732.62,-515.57,1257.94661,1253.01,0.0,575.61864,575.61864,1153.43864
2026-01-04 04:20:00,TAS1,35.1,814.36,1773.06678,2,814.36,0.0,816.52832,814.36,110.12513,69.06678,69.06678,958.7067800000001
2026-01-04 04:20:00,VIC1,54.03,3714.18,9128.31454,3,5174.31,1449.88,3876.35766,3805.98,249.92314,1201.10453,1200.31454,5414.134539999999
2026-01-04 04:25:00,NSW1,66.78593,6002.35,10785.04254,7,4999.71,-1066.65,6033.86002,6099.64,90.82661,394.04254,394.04254,4782.69254
2026-01-04 04:25:00,QLD1,64.75002,5806.42,9932.14309,3,6035.37,228.95,5813.36327,5807.43,30.496,616.14309,616.14309,4125.7230899999995
2026-01-04 04:25:00,SA1,60.45377,1267.95,2412.87495,0,856.87,-411.08,1282.66357,1270.92,0.0,587.87495,587.87495,1144.9249499999999
2026-01-04 04:25:00,TAS1,35.1,811.15,1772.91457,1,811.15,0.0,816.2276,811.15,111.09496,68.91457,68.91457,961.7645699999999
2026-01-04 04:25:00,VIC1,54.03,3721.04,9166.22842,3,5192.23,1360.44,3814.44888,3906.19,243.02159,1224.01841,1223.22842,5445.1884199999995
2026-01-04 04:30:00,NSW1,67.67212,6041.73,10772.31481,8,4981.57,-1139.16,6125.40685,6157.55,90.68661,382.31481,382.31481,4730.58481
2026-01-04 04:30:00,QLD1,64.75002,5753.86,9961.18855,4,6035.55,281.69,5752.71402,5755.57,30.651,622.18855,622.18855,4207.328550000001
2026-01-04 04:30:00,SA1,60.38457,1245.35,2408.55791,-1,848.56,-397.79,1257.46359,1249.01,0.0,586.55791,586.55791,1163.20791
2026-01-04 04:30:00,TAS1,35.1,817.04,1775.28228,1,817.04,0.0,821.23322,817.04,105.4521,71.28228,71.28228,958.2422799999999
2026-01-04 04:30:00,VIC1,54.03,3721.37,9171.5439,4,5175.33,1373.47,3905.04171,3878.88,238.46211,1231.33389,1230.5439,5450.173900000001
2026-01-04 04:35:00,NSW1,67.68739,6049.95,10781.26347,6,5080.22,-1045.73,6142.45737,6156.43,90.5166,391.26347,391.26347,4731.31347
2026-01-04 04:35:00,QLD1,64.75002,5739.86,10000.9761,2,6036.87,297.01,5737.88858,5741.8,30.599,638.04266,637.9761,4261.1161
2026-01-04 04:35:00,SA1,64.62716,1259.52,2386.99453,0,623.99,-638.53,1268.45704,1270.32,0.0,563.99453,563.99453,1127.47453
2026-01-04 04:35:00,TAS1,36.22252,818.76,1774.45474,1,818.76,0.0,822.49939,818.76,102.6586,70.45474,70.45474,955.6947399999999
2026-01-04 04:35:00,VIC1,54.4,3718.97,9138.29917,4,5234.31,1515.34,3873.83833,3806.85,236.73977,1199.08916,1198.29917,5419.329170000001
2026-01-04 04:40:00,NSW1,68.03861,6057.55,10772.87011,7,5097.78,-1030.77,6132.31569,6157.25,91.2966,383.87011,383.87011,4715.32011
2026-01-04 04:40:00,QLD1,64.75002,5800.02,9997.39444,4,6132.76,332.74,5802.29968,5802.4,31.105,649.406,649.39444,4197.37444
2026-01-04 04:40:00,SA1,65.73,1251.19,2373.76958,0,609.77,-649.55,1263.91987,1267.27,0.0,549.76958,549.76958,1122.57958
2026-01-04 04:40:00,TAS1,36.22252,817.77,1776.58005,1,817.77,0.0,826.04059,817.77,101.49165,72.58005,72.58005,958.81005
2026-01-04 04:40:00,VIC1,54.4,3729.59,9104.36665,4,5200.04,1470.45,3807.6835,3813.43,232.42223,1167.15664,1166.36665,5374.77665
2026-01-04 04:45:00,NSW1,68.94921,6080.71,10767.70084,8,5102.6,-1036.11,6111.43995,6166.81,90.8166,382.70084,382.70084,4686.9908399999995
2026-01-04 04:45:00,QLD1,64.75002,5744.93,9946.98911,3,6135.48,390.55,5758.14838,5748.42,30.55,655.99654,655.98911,4202.05911
2026-01-04 04:45:00,SA1,70.33047,1272.27,2373.7105,0,603.71,-668.56,1296.90474,1280.76,0.0,543.7105,543.7105,1101.4405000000002
2026-01-04 04:45:00,TAS1,36.22252,820.74,1779.25974,1,820.74,0.0,828.00183,820.74,100.88274,75.25974,75.25974,958.51974
2026-01-04 04:45:00,VIC1,54.4,3730.81,9110.59278,5,5167.12,1436.31,3818.39138,3812.92,227.42225,1172.38277,1171.59278,5379.782780000001
2026-01-04 04:50:00,NSW1,64.8901,6064.71,10795.27178,7,5115.32,-949.39,6064.12994,6090.06,91.22661,372.27178,372.27178,4730.561779999999
2026-01-04 04:50:00,QLD1,62.08819,5753.83,9974.5152,3,6027.68,273.85,5773.03258,5755.44,31.241,631.5152,631.5152,4220.6852
2026-01-04 04:50:00,SA1,63.77781,1271.57,2372.56788,1,647.57,-636.0,1284.23122,1291.29,0.0,544.56788,544.56788,1100.9978800000001
2026-01-04 04:50:00,TAS1,70.07,833.91,1778.64358,1,833.91,0.0,832.91357,833.91,95.04148,74.64358,74.64358,944.73358
2026-01-04 04:50:00,VIC1,54.4,3724.41,9138.396,5,5175.0,1425.6,3811.16998,3828.79,215.11771,1201.18599,1200.396,5413.986000000001
2026-01-04 04:55:00,NSW1,66.33271,6056.08,10758.88647,3,5101.72,-955.36,6053.99981,6083.12,90.76808,367.88647,367.88647,4702.8064699999995
2026-01-04 04:55:00,QLD1,63.83017,5710.57,9900.06406,0,5976.11,265.53,5727.38087,5712.11,32.386,601.06406,601.06406,4189.494060000001
2026-01-04 04:55:00,SA1,64.24184,1270.42,2423.25441,1,636.25,-634.17,1289.3104,1278.06,0.0,558.25441,558.25441,1152.83441
2026-01-04 04:55:00,TAS1,36.22252,829.14,1779.9512,1,829.14,0.0,833.9975,829.14,97.17341,75.9512,75.9512,950.8112
2026-01-04 04:55:00,VIC1,54.4,3737.19,9142.12885,5,5176.89,1439.69,3833.21904,3817.68,215.52447,1180.91884,1180.12885,5404.938849999999
2026-01-04 05:00:00,NSW1,65.41835,6044.44,10616.39722,-1,5122.53,-921.9,6052.30936,6071.33,91.05808,369.39722,369.39722,4571.957220000001
2026-01-04 05:00:00,QLD1,63.73,5717.94,9859.83486,-2,5898.59,180.65,5731.05312,5718.58,32.146,617.84143,617.83486,4141.894860000001
2026-01-04 05:00:00,SA1,61.43593,1263.16,2449.16285,2,753.16,-510.0,1267.60728,1267.85,0.0,561.16285,561.16285,1186.00285
2026-01-04 05:00:00,TAS1,36.22252,831.51,1783.81954,1,831.51,0.0,836.1062,831.51,93.30606,79.81954,79.81954,952.30954
2026-01-04 05:00:00,VIC1,54.03,3760.03,9164.7025,4,5174.7,1355.16,3839.33711,3891.23,217.39559,1205.7025,1205.7025,5404.672499999999
2026-01-04 05:05:00,NSW1,66.76942,6095.04,10629.45614,0,5080.2,-1014.84,6111.29833,6124.75,91.11809,368.45614,368.45614,4534.41614
2026-01-04 05:05:00,QLD1,63.83017,5672.29,9878.6038,-6,5950.11,277.82,5697.29555,5674.02,32.758,629.61037,629.6038,4206.313800000001
2026-01-04 05:05:00,SA1,63.52877,1246.39,2440.00375,1,646.0,-600.39,1249.95601,1253.04,0.0,556.00375,556.00375,1193.6137499999998
2026-01-04 05:05:00,TAS1,70.07,834.25,1780.50467,0,834.25,0.0,837.78101,834.25,91.77989,76.50467,76.50467,946.25467
2026-01-04 05:05:00,VIC1,54.4,3750.73,9155.02606,4,5208.28,1457.55,3883.87182,3832.78,218.3042,1199.02606,1199.02606,5404.296060000001
2026-01-04 05:10:00,NSW1,66.33994,6024.21,10719.94668,-1,5075.06,-949.15,6060.34287,6050.15,90.47108,369.94668,369.94668,4695.736679999999
2026-01-04 05:10:00,QLD1,63.82987,5715.46,9918.59128,-8,5975.57,260.11,5733.36888,5716.93,33.749,660.6089,660.59128,4203.1312800000005
2026-01-04 05:10:00,SA1,64.01108,1262.48,2442.21236,0,629.21,-633.27,1271.20729,1270.07,0.0,563.21236,563.21236,1179.73236
2026-01-04 05:10:00,TAS1,71.08,841.23,1775.02705,0,841.23,0.0,843.30969,841.23,90.76235,71.02705,71.02705,933.7970499999999
2026-01-04 05:10:00,VIC1,54.09,3754.63,9165.38413,5,5191.95,1437.31,3839.02883,3834.64,221.863,1211.38413,1211.38413,5410.75413
2026-01-04 05:15:00,NSW1,64.8901,5994.35,10727.91921,-2,5081.1,-913.25,6037.32823,6020.63,90.29908,378.91921,378.91921,4733.56921
2026-01-04 05:15:00,QLD1,63.20802,5711.68,9870.32401,-10,5900.5,188.82,5736.42118,5712.39,32.786,648.34163,648.32401,4158.64401
2026-01-04 05:15:00,SA1,61.85132,1245.31,2458.94934,1,693.95,-551.36,1253.38467,1250.76,0.0,601.94934,601.94934,1213.6393400000002
2026-01-04 05:15:00,TAS1,80.68112,843.32,1772.70434,1,843.32,0.0,843.53491,843.32,91.60757,68.70434,68.70434,929.38434
2026-01-04 05:15:00,VIC1,54.03,3767.18,9154.57454,7,5170.57,1382.27,3846.27834,3862.35,223.15542,1201.9622,1201.57454,5387.394539999999
2026-01-04 05:20:00,NSW1,62.78244,6006.96,10750.56149,-4,5079.67,-927.29,6060.15609,6032.58,90.35109,401.56149,401.56149,4743.60149
2026-01-04 05:20:00,QLD1,60.38054,5671.17,9847.07183,-10,5911.82,240.66,5708.32444,5672.45,32.856,668.07183,668.07183,4175.901830000001
2026-01-04 05:20:00,SA1,59.81456,1240.79,2429.77053,1,763.77,-477.02,1249.42115,1244.71,0.0,594.77053,594.77053,1188.9805299999998
2026-01-04 05:20:00,TAS1,85.2,845.63,1774.90437,1,845.63,0.0,846.09967,845.63,89.03543,70.90437,70.90437,929.27437
2026-01-04 05:20:00,VIC1,54.03,3769.44,9145.78915,6,5106.79,1257.57,3866.71059,3912.32,212.81396,1193.17681,1192.78915,5376.34915
2026-01-04 05:25:00,NSW1,57.14382,5987.47,10798.63836,-6,5114.27,-875.2,6041.45285,6011.72,90.57574,449.63836,449.63836,4811.168360000001
2026-01-04 05:25:00,QLD1,54.96,5680.89,9840.94988,-11,5944.71,263.83,5709.88126,5682.45,32.698,670.94988,670.94988,4160.05988
2026-01-04 05:25:00,SA1,56.47868,1245.4,2449.86749,1,679.87,-565.53,1254.42745,1251.19,0.0,616.86749,616.86749,1204.46749
2026-01-04 05:25:00,TAS1,73.08,845.33,1776.78065,1,845.33,0.0,844.54828,845.33,91.59852,72.78065,72.78065,931.4506499999999
2026-01-04 05:25:00,VIC1,49.90738,3759.96,9144.83371,4,5134.83,1270.87,3917.59892,3928.33,215.74364,1195.14875,1192.83371,5384.873710000001
2026-01-04 05:30:00,NSW1,56.29575,5928.52,10878.11472,-8,5063.59,-864.93,5985.55201,5951.95,90.55174,528.11472,528.11472,4949.594719999999
2026-01-04 05:30:00,QLD1,54.75001,5617.06,9731.46703,-14,5811.14,194.09,5652.28991,5617.91,32.34,668.46703,668.46703,4114.407029999999
2026-01-04 05:30:00,SA1,55.28944,1244.54,2441.35945,0,678.36,-566.18,1257.50188,1250.32,0.0,609.35945,609.35945,1196.81945
2026-01-04 05:30:00,TAS1,73.08,840.36,1777.209,1,840.36,0.0,839.45807,840.36,96.29664,73.209,73.209,936.849
2026-01-04 05:30:00,VIC1,48.86472,3774.51,9124.12832,3,5111.13,1336.62,3952.50217,3844.04,206.59766,1195.60088,1192.12832,5349.61832
2026-01-04 05:35:00,NSW1,64.8901,5953.88,11065.79947,-9,5143.63,-810.25,6017.02915,5976.87,91.32645,633.79947,633.79947,5111.91947
2026-01-04 05:35:00,QLD1,63.73,5581.12,9768.53234,-17,5709.47,128.35,5628.89707,5581.47,33.398,715.53234,715.53234,4187.41234
2026-01-04 05:35:00,SA1,37.94022,1246.03,2447.64334,-1,677.64,-568.38,1257.43219,1251.97,0.0,617.64334,617.64334,1201.61334
2026-01-04 05:35:00,TAS1,71.8617,842.79,1773.38026,1,837.56,-5.23,841.83429,842.81,95.93152,69.38026,69.38026,930.59026
2026-01-04 05:35:00,VIC1,12.87819,3764.54,9139.35707,1,5124.36,1355.81,3878.80239,3839.53,214.35452,1216.68139,1212.35707,5374.81707
2026-01-04 05:40:00,NSW1,60.77407,5975.73,11201.11889,-11,5223.47,-752.26,6019.09501,5997.08,91.21483,768.11889,768.11889,5225.38889
2026-01-04 05:40:00,QLD1,59.84138,5594.76,9813.21475,-21,5683.25,88.49,5654.02613,5594.9,32.55,764.21475,764.21475,4218.454749999999
2026-01-04 05:40:00,SA1,35.95,1258.53,2451.8804,-2,686.92,-571.61,1274.44097,1264.63,0.0,624.8804,624.8804,1193.3504
2026-01-04 05:40:00,TAS1,70.21314,840.51,1778.73368,1,838.73,-1.77,840.82782,840.52,95.23089,74.73368,74.73368,938.2236800000001
2026-01-04 05:40:00,VIC1,12.71,3764.14,9124.42846,-1,5098.29,1334.15,3846.18433,3833.55,214.68929,1198.97364,1197.42846,5360.28846
2026-01-04 05:45:00,NSW1,44.91163,5941.76,11307.38401,-10,5233.03,-708.72,5980.68312,5964.15,91.81391,875.38401,875.38401,5365.6240099999995
2026-01-04 05:45:00,QLD1,44.73,5546.97,9903.97465,-17,5565.18,18.21,5659.36878,5546.96,32.425,848.97465,848.97465,4357.00465
2026-01-04 05:45:00,SA1,28.40133,1252.85,2466.45837,0,701.46,-551.39,1268.84325,1258.48,0.0,641.45837,641.45837,1213.60837
2026-01-04 05:45:00,TAS1,64.1077,839.68,1779.83849,2,832.54,-7.14,838.33313,839.72,95.0607,75.83849,75.83849,940.1584900000001
2026-01-04 05:45:00,VIC1,12.71,3725.25,9171.85051,-2,5072.22,1346.97,3812.18234,3795.11,224.90422,1245.77789,1243.85051,5446.60051
2026-01-04 05:50:00,NSW1,54.7665,5953.37,11419.70439,-11,5234.89,-718.47,5986.26142,5975.75,91.35391,991.70439,991.70439,5466.334390000001
2026-01-04 05:50:00,QLD1,54.53,5523.96,9738.80051,-18,5555.66,31.69,5587.64551,5523.97,33.676,897.80301,897.80051,4214.840509999999
2026-01-04 05:50:00,SA1,30.79506,1251.03,2435.79317,-1,671.79,-579.24,1260.82333,1257.32,0.0,611.79317,611.79317,1184.76317
2026-01-04 05:50:00,TAS1,37.1,830.9,1781.69208,2,830.9,0.0,830.73132,830.9,102.68092,77.69208,77.69208,950.79208
2026-01-04 05:50:00,VIC1,8.95,3723.29,9218.84636,-5,5090.78,1367.49,3806.52029,3796.08,227.53677,1302.33666,1293.01436,5495.55636
2026-01-04 05:55:00,NSW1,36.07,5889.96,11443.5588,-14,5144.15,-750.71,5919.77313,5919.03,91.3532,1015.5588,1015.5588,5553.598800000001
2026-01-04 05:55:00,QLD1,35.88661,5488.64,9845.10979,-21,5519.31,30.66,5559.58269,5488.66,32.721,1009.11229,1009.10979,4356.46979
2026-01-04 05:55:00,SA1,21.9931,1237.67,2427.47549,-1,687.48,-550.19,1248.96545,1243.19,0.0,603.47549,603.47549,1189.8054899999997
2026-01-04 05:55:00,TAS1,37.1,829.72,1785.37917,2,829.72,0.0,829.17487,829.72,104.44489,81.37917,81.37917,955.6591699999999
2026-01-04 05:55:00,VIC1,8.95,3719.55,9244.24912,-8,5092.24,1372.69,3803.21707,3792.3,226.26294,1330.96028,1325.24912,5524.69912
2026-01-04 06:00:00,NSW1,35.5,5839.86,11538.04715,-16,5167.37,-722.49,5890.83842,5916.06,91.88849,1110.04715,1110.04715,5698.187150000001
2026-01-04 06:00:00,QLD1,35.75229,5492.25,9784.24303,-23,5458.48,-33.77,5566.31586,5492.3,33.34,979.24553,979.24303,4291.99303
2026-01-04 06:00:00,SA1,18.2,1235.09,2438.49378,-1,705.17,-529.92,1246.42297,1240.39,0.0,613.49378,613.49378,1203.4037799999999
2026-01-04 06:00:00,TAS1,37.1,833.14,1783.23641,1,833.14,0.0,832.3382,833.14,102.58367,79.23641,79.23641,950.09641
2026-01-04 06:00:00,VIC1,3.04052,3706.63,9288.3091,-12,5099.37,1392.74,3796.32603,3781.63,224.65453,1373.78166,1369.3671,5581.6791
2026-01-04 06:05:00,NSW1,0.99149,5862.03,11370.29848,-18,5105.45,-756.58,5937.6534,5884.7,92.0342,1169.29848,1169.29848,5508.26848
2026-01-04 06:05:00,QLD1,0.97852,5371.36,9920.67613,-22,5445.88,74.52,5444.22386,5371.54,33.457,1088.67613,1088.67613,4549.31613
2026-01-04 06:05:00,SA1,0.96854,1225.29,2431.11564,-4,671.12,-556.17,1235.48853,1232.82,0.0,610.11564,610.11564,1205.82564
2026-01-04 06:05:00,TAS1,36.22252,830.36,1787.89789,1,830.36,0.0,829.45819,830.36,104.61448,83.89789,83.89789,957.53789
2026-01-04 06:05:00,VIC1,0.86,3697.76,9289.04823,-13,5039.32,1336.27,3781.80674,3772.7,226.17331,1378.52079,1362.31913,5591.28823
2026-01-04 06:10:00,NSW1,0.79536,5813.31,11577.92432,-19,5168.36,-644.95,5863.91516,5834.67,85.34198,1375.92432,1375.92432,5764.61432
2026-01-04 06:10:00,QLD1,0.79979,5403.67,9906.94962,-24,5383.24,-20.42,5478.80889,5403.67,33.322,1094.98673,1094.94962,4503.279619999999
2026-01-04 06:10:00,SA1,0.77635,1216.53,2438.34144,-6,679.34,-537.18,1234.39955,1221.64,0.0,619.34144,619.34144,1221.8114400000002
2026-01-04 06:10:00,TAS1,37.1,837.15,1796.01608,1,837.15,0.0,835.63275,837.15,102.6636,92.01608,92.01608,958.8660800000001
2026-01-04 06:10:00,VIC1,0.69,3689.27,9316.63929,-12,5006.11,1294.72,3788.1461,3777.07,232.6588,1410.11185,1392.10669,5627.369289999999
2026-01-04 06:15:00,NSW1,6e-05,5805.94,11735.00476,-19,5188.97,-616.97,5884.69669,5827.06,83.18621,1534.00476,1534.00476,5929.06476
2026-01-04 06:15:00,QLD1,6e-05,5404.14,10076.64528,-25,5448.4,-35.74,5506.70497,5484.18,33.606,1278.64528,1278.64528,4672.50528
2026-01-04 06:15:00,SA1,6e-05,1198.71,2456.40457,-6,733.4,-465.31,1213.26912,1202.31,0.0,640.40457,640.40457,1257.69457
2026-01-04 06:15:00,TAS1,38.1,837.64,1794.82431,1,837.64,0.0,836.39392,837.64,99.36745,90.82431,90.82431,957.18431
2026-01-04 06:15:00,VIC1,5e-05,3669.24,9387.82713,-12,4978.03,1200.79,3803.31886,3835.26,227.76737,1482.29969,1462.31229,5718.58713
2026-01-04 06:20:00,NSW1,-3.05441,5807.89,11908.00838,-18,5219.02,-588.87,5854.29896,5828.72,84.081,1712.00838,1669.12974,6100.118379999999
2026-01-04 06:20:00,QLD1,-3.04958,5341.09,10136.58402,-24,5494.14,73.05,5495.97523,5424.01,32.739,1333.58402,1327.18947,4795.49402
2026-01-04 06:20:00,SA1,-2.85549,1179.58,2446.63204,-7,794.22,-385.36,1187.56384,1182.84,0.0,630.63204,612.21664,1267.05204
2026-01-04 06:20:00,TAS1,37.31094,842.09,1798.40575,1,836.38,-5.7,840.94104,842.12,97.86375,94.40575,94.40575,956.3157499999999
2026-01-04 06:20:00,VIC1,-2.7,3667.4,9432.3058,-13,4755.46,986.06,3871.67787,3821.53,228.36603,1465.3907,1302.17965,5764.9058
2026-01-04 06:25:00,NSW1,6e-05,5793.58,12031.47957,-18,5276.23,-518.35,5824.97207,5815.92,80.86325,1836.47957,1834.36357,6237.89957
2026-01-04 06:25:00,QLD1,6e-05,5338.71,10142.8092,-22,5525.62,-123.09,5480.69772,5649.06,32.374,1361.8092,1361.8092,4804.0992
2026-01-04 06:25:00,SA1,6e-05,1186.13,2454.90858,-8,725.6,-460.53,1200.40259,1189.62,0.0,641.90858,633.59858,1268.7785799999997
2026-01-04 06:25:00,TAS1,38.1,841.98,1800.84589,1,841.98,0.0,840.71356,841.98,97.87015,96.84589,96.84589,958.86589
2026-01-04 06:25:00,VIC1,5e-05,3636.54,9446.46489,-14,4830.31,1183.78,3825.0272,3703.16,225.20813,1466.54979,1443.93293,5809.924889999999
2026-01-04 06:30:00,NSW1,25.45751,5704.26,12128.94193,-19,5292.53,-424.73,5744.10858,5745.55,80.6924,1934.94193,1934.94193,6424.681930000001
2026-01-04 06:30:00,QLD1,26.63,5435.85,10042.96363,-21,5416.91,-266.94,5780.50645,5685.99,33.202,1271.96363,1271.96363,4607.11363
2026-01-04 06:30:00,SA1,24.03342,1157.14,2426.96182,-10,691.59,-465.55,1171.33487,1160.56,0.0,646.96182,638.58982,1269.82182
2026-01-04 06:30:00,TAS1,38.1,847.41,1798.82472,1,847.41,0.0,845.90808,847.41,93.75254,94.82472,94.82472,951.4147200000001
2026-01-04 06:30:00,VIC1,21.87573,3691.07,9448.30509,-15,4945.61,1253.54,3759.06843,3754.52,216.68159,1518.00779,1514.61109,5757.23509
2026-01-04 06:35:00,NSW1,-0.11225,5670.26,12171.74448,-18,5349.98,-320.28,5762.23531,5688.96,81.46119,2141.74448,2117.00303,6501.484479999999
2026-01-04 06:35:00,QLD1,-0.11657,5334.56,10329.9585,-24,5651.63,-133.92,5737.69708,5788.67,31.773,1547.9585,1547.9585,4995.3985
2026-01-04 06:35:00,SA1,-0.10762,1156.2,2431.13559,-12,701.47,-460.73,1198.11319,1166.39,0.0,669.13559,659.47159,1274.9355899999998
2026-01-04 06:35:00,TAS1,39.90041,848.77,1789.95286,1,842.65,-6.11,848.46979,848.8,93.57266,85.95286,85.95286,941.1828600000001
2026-01-04 06:35:00,VIC1,-0.1,3632.21,9432.42654,-17,4686.44,998.1,3741.59089,3739.38,226.00259,1531.8991,1386.75714,5800.21654
2026-01-04 06:40:00,NSW1,-2e-05,5728.05,12273.8977,-18,5362.41,-456.63,5782.80174,5858.09,84.04054,2243.8977,2218.4777,6545.847699999999
2026-01-04 06:40:00,QLD1,-2e-05,5293.48,10650.7496,-20,5771.88,-76.63,5825.83007,5859.46,32.755,1677.78203,1677.7496,5357.2696
2026-01-04 06:40:00,SA1,-2e-05,1125.13,2459.75085,-11,723.21,-401.92,1153.23102,1131.02,0.0,691.75085,681.20885,1334.6208499999998
2026-01-04 06:40:00,TAS1,39.99998,847.66,1787.06141,1,839.96,-7.7,846.78638,847.71,94.44674,83.06141,83.06141,939.40141
2026-01-04 06:40:00,VIC1,-2e-05,3622.42,9470.44046,-17,4710.78,1078.37,3753.84698,3711.98,232.59461,1574.0547,1460.06356,5848.02046
2026-01-04 06:45:00,NSW1,-3e-05,5638.7,12238.79459,-15,5201.55,-531.15,5794.98742,5793.23,83.73797,2208.79459,2178.69105,6600.09459
2026-01-04 06:45:00,QLD1,-3e-05,5272.73,10817.36088,-20,5853.72,-142.46,5872.3504,6013.6,32.581,1776.36088,1776.36088,5544.630880000001
2026-01-04 06:45:00,SA1,-2e-05,1107.38,2488.73534,-12,750.19,-357.18,1132.30433,1113.35,0.0,718.73534,708.19334,1381.35534
2026-01-04 06:45:00,TAS1,39.99998,846.5,1789.05055,1,841.85,-4.65,845.25293,846.53,99.52284,85.05055,85.05055,942.5505499999999
2026-01-04 06:45:00,VIC1,-2e-05,3570.09,9516.90912,-19,4797.74,1217.66,3676.15424,3678.35,228.12732,1616.24572,1594.36602,5946.81912
2026-01-04 06:50:00,NSW1,-1e-05,5532.86,12347.4839,-15,5191.77,-436.09,5712.76882,5690.37,94.38881,2321.4839,2290.63545,6814.6239
2026-01-04 06:50:00,QLD1,-2e-05,5140.28,10944.93299,-21,5947.56,-197.75,5973.07923,6164.79,33.175,1897.93299,1889.72099,5804.65299
2026-01-04 06:50:00,SA1,-1e-05,1105.15,2515.07,-14,797.91,-307.24,1145.18504,1110.89,0.0,756.07,740.905,1409.92
2026-01-04 06:50:00,TAS1,38.1,839.99,1794.26247,1,839.99,0.0,840.17657,839.99,97.66807,90.26247,90.26247,954.2724699999999
2026-01-04 06:50:00,VIC1,-1e-05,3560.92,9475.9166,-22,4692.39,1121.47,3693.74361,3663.58,228.16487,1579.4069,1557.393,5914.9966
2026-01-04 06:55:00,NSW1,-0.39078,5524.29,12422.65492,-17,5176.15,-437.14,5724.96172,5671.66,96.31759,2395.65492,2359.39724,6898.364920000001
2026-01-04 06:55:00,QLD1,-0.4158,5124.05,11115.26106,-25,5966.67,-161.39,6190.18993,6146.42,33.012,1939.26106,1929.19106,5991.2110600000005
2026-01-04 06:55:00,SA1,-2.73624,1092.56,2529.85917,-12,802.73,-290.83,1118.80637,1099.17,0.0,785.85917,760.73077,1437.2991700000002
2026-01-04 06:55:00,TAS1,37.31094,834.09,1793.42421,1,832.46,-1.63,832.98956,834.1,104.09334,89.42421,89.42421,959.3342099999999
2026-01-04 06:55:00,VIC1,-2.7,3531.03,9700.7071,-24,4692.67,1061.64,3685.55848,3719.32,225.70973,1821.82474,1608.66612,6169.677099999999
2026-01-04 07:00:00,NSW1,-5.90785,5507.11,12592.72726,-19,5109.78,-494.33,5699.62884,5663.29,101.21629,2563.72726,2332.02568,7085.61726
2026-01-04 07:00:00,QLD1,-6.28,5071.68,11292.79921,-27,5977.42,-140.25,6160.50012,6135.41,32.961,2039.85016,1941.02452,6221.119209999999
2026-01-04 07:00:00,SA1,-5.09469,1074.49,2579.2343,-15,833.83,-240.66,1107.60165,1079.95,0.0,822.2343,791.8346,1504.7443
2026-01-04 07:00:00,TAS1,35.1,845.48,1797.45768,1,785.48,-60.0,843.48291,846.1,106.87953,93.45768,93.45768,951.97768
2026-01-04 07:00:00,VIC1,-5.09598,3462.8,9747.30966,-25,4671.84,1109.04,3711.81972,3653.6,222.63006,1875.3995,1695.46546,6284.509660000001
2026-01-04 07:05:00,NSW1,-4e-05,5482.03,13029.62556,-20,5439.45,-136.58,5675.64048,5609.08,91.83388,2930.62556,2771.39956,7547.595560000001
2026-01-04 07:05:00,QLD1,-4e-05,5065.19,11518.01616,-28,6093.12,11.78,6167.5303,6096.52,32.865,2188.01616,2168.44898,6452.82616
2026-01-04 07:05:00,SA1,-7.66109,1055.63,2585.96927,-16,619.36,-438.27,1091.54845,1063.85,0.0,843.96927,577.36001,1530.33927
2026-01-04 07:05:00,TAS1,35.08,849.64,1799.89667,1,769.64,-80.0,850.52478,849.64,104.75043,95.89667,95.89667,950.2566700000001
2026-01-04 07:05:00,VIC1,-7.3,3473.85,9857.49395,-26,4386.82,751.96,3718.38872,3689.29,221.1279,1990.58379,1556.40946,6383.64395
2026-01-04 07:10:00,NSW1,-3e-05,5535.01,13096.84531,-23,5466.33,-167.68,5642.49029,5672.05,98.55714,2998.84531,2860.80314,7561.83531
2026-01-04 07:10:00,QLD1,-3e-05,5017.85,11338.05129,-30,5831.51,-61.91,6034.25671,5909.42,33.337,1995.08881,1975.58329,6320.201289999999
2026-01-04 07:10:00,SA1,-7.58786,1037.88,2591.00986,-16,635.41,-402.47,1063.44698,1043.68,0.0,847.00986,593.41226,1553.12986
2026-01-04 07:10:00,TAS1,35.08,845.75,1799.61282,1,765.75,-80.0,846.42688,845.75,112.08193,95.61282,95.61282,953.86282
2026-01-04 07:10:00,VIC1,-7.3,3474.97,9917.48776,-27,4434.26,830.29,3701.61772,3662.36,223.49409,2058.5776,1670.35479,6442.517760000001
2026-01-04 07:15:00,NSW1,0.0,5529.92,13332.81529,-20,5624.19,-8.73,5661.03157,5657.3,81.06625,3238.81529,3114.24674,7802.89529
2026-01-04 07:15:00,QLD1,0.0,5024.03,11395.85891,-30,5845.96,46.92,5958.68787,5811.56,34.667,2058.89626,2052.31579,6371.828910000001
2026-01-04 07:15:00,SA1,-14.41042,988.18,2618.20112,-16,543.17,-450.01,1030.86813,999.28,0.0,879.20112,501.16968,1630.0211200000003
2026-01-04 07:15:00,TAS1,35.08,841.42,1803.32971,1,761.42,-80.0,843.04498,841.42,112.27333,99.32971,99.32971,961.90971
2026-01-04 07:15:00,VIC1,-13.69,3380.7,9939.57623,-29,4172.86,581.34,3636.77729,3638.03,226.67103,2085.66607,1556.23308,6558.876230000001
2026-01-04 07:20:00,NSW1,-5.78418,5457.93,13315.76176,-25,5471.4,-83.32,5573.65941,5600.05,82.34825,3221.76176,3013.45357,7857.831759999999
2026-01-04 07:20:00,QLD1,-6.21,4967.37,11559.09974,-26,5963.28,-215.89,5796.90661,6197.17,34.692,2214.09974,2195.20464,6591.72974
2026-01-04 07:20:00,SA1,-8.03202,955.13,2637.49168,-17,645.92,-309.22,1004.50199,960.3,0.0,898.49168,603.91728,1682.36168
2026-01-04 07:20:00,TAS1,35.08,841.15,1811.0576,1,761.15,-80.0,843.07263,841.15,111.09871,107.0576,107.0576,969.9076000000001
2026-01-04 07:20:00,VIC1,-6.54448,3421.43,9980.55437,-28,4340.23,817.8,3741.21091,3583.29,199.38446,2078.64421,1736.22701,6559.1243699999995
2026-01-04 07:25:00,NSW1,-2e-05,5469.72,13350.88043,-25,5456.14,-127.58,5621.66123,5623.48,81.91875,3196.88043,3040.15891,7881.160429999999
2026-01-04 07:25:00,QLD1,-2e-05,4867.69,11556.31248,-26,5934.66,-131.25,6129.18512,6081.91,35.271,2213.31248,2183.23248,6688.622480000001
2026-01-04 07:25:00,SA1,-7.01,941.99,2700.692,-18,755.24,-297.74,976.45737,1058.09,0.0,963.692,713.24333,1758.702
2026-01-04 07:25:00,TAS1,35.08,839.13,1806.95346,1,759.13,-80.0,840.58734,839.13,121.40017,102.95346,102.95346,967.82346
2026-01-04 07:25:00,VIC1,-6.94785,3329.19,10018.43774,-28,4268.39,755.19,3552.1783,3570.95,227.16013,2095.6261,1754.76425,6689.247739999999
2026-01-04 07:30:00,NSW1,-5.69322,5400.04,13449.87746,-27,5414.59,-183.45,5552.25325,5657.06,80.6189,3286.87746,3041.39232,8049.83746
2026-01-04 07:30:00,QLD1,-6.21,4838.2,11453.48502,-27,5808.68,-315.2,6087.7686,6143.77,36.707,2116.48502,2068.32128,6615.28502
2026-01-04 07:30:00,SA1,-7.01,919.0,2661.62635,-18,752.26,-166.74,1061.31364,924.18,0.0,921.62635,710.25652,1742.62635
2026-01-04 07:30:00,TAS1,35.08,837.04,1817.55077,1,757.04,-80.0,838.72717,837.04,124.59429,113.55077,113.55077,980.5107700000001
2026-01-04 07:30:00,VIC1,-6.5,3284.86,10099.41111,-27,4367.55,908.69,3572.51244,3538.06,223.57106,2220.50095,1929.89273,6814.5511099999985
2026-01-04 07:35:00,NSW1,0.51,5378.51,13832.04503,-23,5437.89,-140.62,5625.87649,5585.66,81.28876,3618.04503,3151.32916,8453.53503
2026-01-04 07:35:00,QLD1,0.50221,4854.89,11557.54652,-22,5890.47,165.58,6194.25747,5728.67,35.306,2170.56112,2170.54652,6702.65652
2026-01-04 07:35:00,SA1,-11.66,914.09,2724.99929,-20,539.76,-391.33,945.50567,936.48,0.0,957.99929,497.75986,1810.90929
2026-01-04 07:35:00,TAS1,35.08,843.27,1814.04957,1,763.27,-80.0,844.62622,843.27,120.9488,110.04957,110.04957,970.7795699999999
2026-01-04 07:35:00,VIC1,-11.26451,3289.25,10117.07331,-28,3909.41,505.16,3584.74746,3446.72,204.29595,2256.16315,1540.25,6827.82331
2026-01-04 07:40:00,NSW1,-2e-05,5309.64,13959.21804,-23,5491.44,-107.9,5537.51126,5624.16,88.38223,3712.21804,3327.48616,8649.57804
2026-01-04 07:40:00,QLD1,-2e-05,4758.59,11712.77273,-21,5930.08,20.8,5668.34996,5920.67,35.31,2256.82421,2256.77273,6954.18273
2026-01-04 07:40:00,SA1,-15.46,904.95,2778.21078,-20,523.43,-390.51,954.30728,919.34,0.0,941.21078,481.4336,1873.2607799999998
2026-01-04 07:40:00,TAS1,35.08,825.88,1811.51894,1,745.88,-80.0,833.72986,825.88,122.4462,107.51894,107.51894,985.6389399999999
2026-01-04 07:40:00,VIC1,-5.73,3303.92,10003.74157,-29,4168.36,647.44,3513.54332,3569.14,187.38343,2131.45273,1849.35527,6699.82157
2026-01-04 07:45:00,NSW1,-3e-05,5272.48,13940.50762,-23,5484.44,-178.04,5597.24654,5693.13,100.58293,3674.50762,3376.0599,8668.02762
2026-01-04 07:45:00,QLD1,-4e-05,4748.18,11703.53406,-20,5877.37,-18.88,5914.48582,5908.84,34.941,2219.53406,2219.53406,6955.35406
2026-01-04 07:45:00,SA1,-8.5,892.51,2811.13174,-22,503.11,-389.4,928.37921,897.9,0.0,961.13174,461.11176,1918.6217399999998
2026-01-04 07:45:00,TAS1,35.08,844.41,1812.85992,1,764.41,-80.0,850.30139,844.41,114.97704,108.85992,108.85992,968.4499200000001
2026-01-04 07:45:00,VIC1,-0.1,3301.43,9939.54501,-29,4162.24,769.82,3569.43964,3447.29,131.89084,2087.63485,1874.08081,6638.1150099999995
2026-01-04 07:50:00,NSW1,0.0103,5267.12,14130.26085,-28,5402.42,-200.7,5695.48222,5610.46,90.47246,3847.26085,3353.91356,8863.14085
2026-01-04 07:50:00,QLD1,0.01,4708.47,11700.01097,-22,5867.29,228.78,5901.1877,5642.35,34.924,2212.0573,2212.01097,6991.540969999999
2026-01-04 07:50:00,SA1,-7.83,928.42,2790.9914,-20,560.98,-386.44,965.72932,952.84,0.0,991.9914,518.98237,1862.5713999999998
2026-01-04 07:50:00,TAS1,35.1,840.79,1800.75158,0,760.79,-80.0,845.76471,840.79,112.35162,96.75158,96.75158,959.9615800000001
2026-01-04 07:50:00,VIC1,-13.69,3218.13,10058.99318,-32,3979.17,497.3,3416.83704,3524.21,122.21172,2208.08302,1717.51486,6840.863179999999
2026-01-04 07:55:00,NSW1,-5.0008,5192.38,14260.93476,-28,5472.24,-111.9,5584.98505,5610.08,105.95279,3977.93476,3443.11344,9068.554759999999
2026-01-04 07:55:00,QLD1,-5.15,4631.14,11823.32515,-22,5947.41,-39.73,5620.6432,5998.02,34.87,2335.32515,2324.8573,7192.18515
2026-01-04 07:55:00,SA1,-8.5,827.28,2780.51039,-18,516.98,-310.29,880.59664,832.12,0.0,1022.51039,474.98255,1953.23039
2026-01-04 07:55:00,TAS1,35.08,838.83,1807.09034,0,758.83,-80.0,843.60992,838.83,116.68227,103.09034,103.09034,968.2603399999999
2026-01-04 07:55:00,VIC1,-5.9604,3236.36,10052.53783,-33,4085.14,632.78,3583.35498,3501.56,132.47472,2163.62767,1825.14236,6816.177829999999
2026-01-04 08:00:00,NSW1,0.01051,5173.36,14282.87138,-29,5511.68,-45.65,5596.85568,5562.55,105.55492,3999.87138,3482.75304,9109.51138
2026-01-04 08:00:00,QLD1,0.01,4699.91,11755.03672,-19,5904.95,314.54,6045.24507,5594.69,33.788,2267.03672,2267.03672,7055.12672
2026-01-04 08:00:00,SA1,-7.01,803.36,2791.84063,-22,472.14,-331.22,833.15006,808.18,0.0,1016.84063,430.14465,1988.48063
2026-01-04 08:00:00,TAS1,35.1,851.05,1805.91455,0,771.05,-80.0,853.31995,851.05,114.96763,101.91455,101.91455,954.86455
2026-01-04 08:00:00,VIC1,-20.29,3187.3,10089.86609,-30,3624.43,189.52,3463.39995,3467.78,126.08253,2173.95593,1364.42788,6902.566089999999
2026-01-04 08:05:00,NSW1,0.00976,5114.52,14395.21521,-34,5445.9,-84.62,5491.61406,5539.59,105.89258,4036.21521,3440.02849,9280.69521
2026-01-04 08:05:00,QLD1,0.01,4714.26,11179.01023,-19,5727.4,-191.25,5602.47551,5919.26,34.546,2119.01023,2119.01023,6464.75023
2026-01-04 08:05:00,SA1,-7.0,825.2,2506.15202,-24,532.49,-294.71,856.09011,831.89,0.0,954.15202,485.49382,1680.95202
2026-01-04 08:05:00,TAS1,35.1,843.99,1808.63061,0,763.99,-80.0,846.71094,843.99,121.61103,104.63061,104.63061,964.6406099999999
2026-01-04 08:05:00,VIC1,-2.59159,3193.58,10117.59329,-29,4038.46,718.88,3480.46347,3373.52,101.62569,2131.68313,1778.46202,6924.013290000001
2026-01-04 08:10:00,NSW1,38.02067,5113.46,14520.57449,-33,5584.67,32.27,5560.85139,5556.33,113.54458,4165.85449,3564.3018,9407.11449
2026-01-04 08:10:00,QLD1,35.73,4677.75,11108.01421,-10,5620.93,344.27,5923.21162,5280.49,34.319,2049.07191,2049.01421,6430.264209999999
2026-01-04 08:10:00,SA1,-7.83,760.21,2550.49684,-22,433.92,-342.3,791.36587,780.88,0.0,1015.49684,384.41518,1790.2868399999998
2026-01-04 08:10:00,TAS1,35.1,845.54,1813.60303,0,765.54,-80.0,848.68805,845.54,117.40875,109.60303,109.60303,968.06303
2026-01-04 08:10:00,VIC1,-25.0,3109.46,10106.72005,-32,3571.22,88.65,3324.27196,3513.03,113.39892,2124.80989,1311.22424,6997.26005
2026-01-04 08:15:00,NSW1,0.00976,5011.91,14616.87964,-34,5422.02,107.12,5453.75148,5317.94,115.07858,4261.87964,3452.54301,9604.96964
2026-01-04 08:15:00,QLD1,0.01,4700.65,11162.37165,-9,5642.7,-184.46,5335.4722,5827.7,34.326,2103.37892,2103.37165,6461.7216499999995
2026-01-04 08:15:00,SA1,-8.64446,735.6,2534.5601,-22,341.08,-419.52,777.45638,765.58,0.0,1012.5601,290.5758,1798.9601000000002
2026-01-04 08:15:00,TAS1,35.1,835.15,1799.11946,-1,755.15,-80.0,838.27496,835.15,123.32915,95.11946,95.11946,963.9694599999999
2026-01-04 08:15:00,VIC1,-7.25,3135.95,10141.4805,-29,3881.77,628.82,3529.15679,3296.35,91.94942,2093.57034,1621.76963,7005.5305
2026-01-04 08:20:00,NSW1,5.43686,4966.35,14659.55875,-37,5538.91,174.47,5285.65932,5361.55,115.47758,4304.83875,3519.72372,9693.20875
2026-01-04 08:20:00,QLD1,5.3,4694.23,11267.04438,-8,5747.36,109.54,5861.00006,5638.38,34.274,2208.04438,2208.04438,6572.81438
2026-01-04 08:20:00,SA1,-8.0,679.43,2509.89733,-22,413.42,-282.01,750.32563,699.85,0.0,982.89733,361.91609,1830.46733
2026-01-04 08:20:00,TAS1,35.1,837.31,1805.11567,-1,757.31,-80.0,842.52704,837.31,120.28598,101.11567,101.11567,967.80567
2026-01-04 08:20:00,VIC1,-25.0,3069.42,10157.3525,-27,3607.81,109.25,3255.392,3527.72,116.80319,2084.44234,1347.81314,7087.932500000001
2026-01-04 08:25:00,NSW1,0.01001,4883.34,14757.03907,-42,5622.1,252.76,5288.48782,5365.51,118.51829,4402.03907,3652.23912,9873.69907
2026-01-04 08:25:00,QLD1,0.01,4732.98,11286.5497,-10,5766.46,-23.73,5654.27818,5790.16,34.118,2228.5497,2228.5497,6553.5697
2026-01-04 08:25:00,SA1,-8.0,676.0,2591.78487,-23,409.62,-276.38,715.25183,690.38,0.0,1058.78487,354.12403,1915.78487
2026-01-04 08:25:00,TAS1,35.08,832.42,1802.69253,-1,752.42,-80.0,836.3468,832.42,125.42807,98.69253,98.69253,970.2725300000001
2026-01-04 08:25:00,VIC1,-14.67,3038.19,10150.14882,-24,3492.33,157.3,3478.37497,3364.47,89.81775,2025.23866,1252.32792,7111.95882
2026-01-04 08:30:00,NSW1,-4e-05,4808.66,14797.50258,-39,5480.28,184.62,5300.82953,5302.64,120.16229,4442.50258,3511.23833,9988.84258
2026-01-04 08:30:00,QLD1,-5e-05,4689.98,11275.99262,-4,5756.5,-135.7,5780.23078,5896.15,34.764,2218.00835,2217.99262,6586.012620000001
2026-01-04 08:30:00,SA1,-8.5,631.56,2531.77111,-23,339.43,-292.13,683.24866,635.86,0.0,994.77111,283.93299,1900.2111100000002
2026-01-04 08:30:00,TAS1,35.08,815.72,1790.24503,-2,735.72,-80.0,819.99762,815.72,120.0162,86.24503,86.24503,974.52503
2026-01-04 08:30:00,VIC1,-8.47468,2988.28,10249.02801,-27,3514.22,372.94,3344.524,3175.78,81.87823,2069.11785,1313.27871,7260.748009999999
2026-01-04 08:35:00,NSW1,0.00995,4753.8,14951.72498,-39,5554.63,224.83,5274.22183,5326.77,121.21629,4521.72498,3585.41447,10197.92498
2026-01-04 08:35:00,QLD1,0.01,4734.33,11236.42685,-6,5722.39,-73.41,5945.27341,5795.8,34.561,2184.42685,2184.42685,6502.09685
2026-01-04 08:35:00,SA1,-12.1443,605.02,2551.34624,-22,298.76,-308.26,645.55355,611.24,0.0,1005.34624,239.25985,1946.3262399999999
2026-01-04 08:35:00,TAS1,35.08,818.46,1804.65702,-2,738.46,-80.0,821.92407,818.46,119.74652,100.65702,100.65702,986.1970200000001
2026-01-04 08:35:00,VIC1,-12.06,2928.41,10205.75545,-27,3373.13,267.72,3140.52656,3135.09,81.05488,2018.84529,1183.12732,7277.345450000001
2026-01-04 08:40:00,NSW1,0.51,4763.66,15063.14652,-39,5615.99,331.33,5341.1383,5282.5,121.81029,4633.14652,3600.61018,10299.48652
2026-01-04 08:40:00,QLD1,0.52267,4801.06,11234.03392,-10,5720.34,-170.72,5850.435,5891.53,33.924,2182.03392,2182.03392,6432.973919999999
2026-01-04 08:40:00,SA1,-14.1024,592.87,2520.24218,-23,281.43,-311.44,638.35229,597.2,0.0,972.24218,217.93446,1927.3721800000003
2026-01-04 08:40:00,TAS1,35.08,825.72,1810.77808,-2,745.72,-80.0,828.55536,825.72,118.20328,106.77808,106.77808,985.05808
2026-01-04 08:40:00,VIC1,-14.0,2872.97,10188.39839,-25,3320.66,263.69,3079.77343,3087.19,80.55786,1996.48823,1130.65791,7315.428390000001
2026-01-04 08:45:00,NSW1,-3e-05,4684.24,14927.49394,-35,5717.82,544.58,5220.20332,5176.51,123.10329,4657.49394,3748.48345,10243.25394
2026-01-04 08:45:00,QLD1,-3e-05,4729.95,11204.90886,-6,5692.27,-214.25,5815.68862,5910.6,31.999,2153.90886,2153.90886,6474.95886
2026-01-04 08:45:00,SA1,-20.0,578.3,2528.57469,-19,250.8,-358.5,616.87623,613.71,0.0,1037.57469,189.14786,1950.27469
2026-01-04 08:45:00,TAS1,35.08,835.77,1809.40515,-2,755.77,-80.0,837.91235,835.77,114.26077,105.40515,105.40515,973.6351500000001
2026-01-04 08:45:00,VIC1,-17.19,2842.19,10247.01497,-27,3268.34,147.01,3098.40462,3148.41,69.0585,2057.10481,1078.33799,7404.82497
2026-01-04 08:50:00,NSW1,-0.00899,4659.6,14909.08193,-33,5707.55,454.35,5155.37369,5279.38,124.44029,4639.36193,3738.3947,10249.48193
2026-01-04 08:50:00,QLD1,-0.00971,4721.1,11261.45679,-9,5739.42,-314.7,5894.36174,6068.23,32.054,2210.45708,2200.45679,6540.35679
2026-01-04 08:50:00,SA1,-11.66,555.02,2495.52207,-16,311.47,-261.54,612.06641,577.47,0.0,990.52207,248.82179,1940.50207
2026-01-04 08:50:00,TAS1,35.08,835.33,1816.46797,-2,755.33,-80.0,836.30585,835.33,111.81465,112.46797,112.46797,981.1379699999999
2026-01-04 08:50:00,VIC1,-8.25,2814.64,10232.38951,-30,3326.51,279.88,3144.57131,3079.88,67.63501,2035.47935,1136.51325,7417.7495100000015
2026-01-04 08:55:00,NSW1,-4e-05,4639.58,15055.98644,-31,5750.4,425.52,5246.77773,5345.82,124.33229,4786.26644,3781.38672,10416.40644
2026-01-04 08:55:00,QLD1,-4e-05,4658.73,11248.31555,-11,5715.59,-185.92,6027.28242,5914.2,31.53,2197.31584,2177.48755,6589.58555
2026-01-04 08:55:00,SA1,-15.08,525.45,2583.91811,-17,280.53,-329.51,573.56168,614.15,0.0,970.91811,217.8753,2058.46811
2026-01-04 08:55:00,TAS1,35.08,838.77,1830.19809,-2,758.77,-80.0,839.12823,838.77,109.7023,126.19809,126.19809,991.4280900000001
2026-01-04 08:55:00,VIC1,-14.93665,2758.58,10230.4377,-31,3321.97,234.39,3064.35259,3114.31,92.00227,2029.52754,1131.9698,7471.8577000000005
2026-01-04 09:00:00,NSW1,-4e-05,4607.87,15045.27929,-29,5805.95,512.08,5315.43092,5323.61,129.36958,4775.55929,3837.26256,10437.40929
2026-01-04 09:00:00,QLD1,-4e-05,4659.74,11210.63411,-14,5672.68,-332.81,5937.79262,6021.84,31.025,2160.66273,2134.62491,6550.894110000001
2026-01-04 09:00:00,SA1,-15.46,487.13,2584.33163,-20,289.47,-329.66,605.38539,623.26,0.0,1019.33163,222.81986,2097.20163
2026-01-04 09:00:00,TAS1,35.08,833.68,1820.93586,-2,753.68,-80.0,832.39288,833.68,110.50166,116.93586,116.93586,987.2558600000001
2026-01-04 09:00:00,VIC1,-13.69,2743.69,10250.0401,-30,3332.18,309.62,3143.39973,3051.57,68.58688,2032.12994,1142.18037,7506.3501
2026-01-04 09:05:00,NSW1,-3e-05,4626.45,15070.48138,-23,5766.51,455.06,5327.60362,5333.05,137.38199,4724.76138,3797.67522,10444.03138
2026-01-04 09:05:00,QLD1,-3e-05,4703.05,11242.93832,-9,5712.21,-194.98,6067.44172,5920.53,32.384,2198.98263,2173.23732,6539.888319999999
2026-01-04 09:05:00,SA1,-15.46,455.65,2564.72253,-19,244.55,-372.1,621.43915,620.76,0.0,982.72253,175.05369,2109.07253
2026-01-04 09:05:00,TAS1,35.08,833.62,1835.67912,-2,753.62,-80.0,835.34485,833.62,108.08098,131.67912,131.67912,1002.05912
2026-01-04 09:05:00,VIC1,-23.37477,2791.93,10254.04854,-34,3325.46,256.43,3138.49844,3094.4,67.26324,2040.13838,1135.45947,7462.1185399999995
2026-01-04 09:10:00,NSW1,0.0,4671.87,15153.0556,-18,5870.63,511.76,5377.16675,5365.56,134.01994,4806.3356,3901.09198,10481.1856
2026-01-04 09:10:00,QLD1,0.0,4716.18,11202.30192,-4,5667.31,-294.57,5897.23896,5967.38,33.105,2160.30192,2129.50092,6486.12192
2026-01-04 09:10:00,SA1,-20.0,462.27,2550.56019,-20,200.63,-422.65,642.46244,627.54,0.0,970.56019,127.12719,2088.29019
2026-01-04 09:10:00,TAS1,36.1,838.58,1827.01973,-2,758.58,-80.0,838.43817,838.58,105.35106,123.01973,123.01973,988.4397299999999
2026-01-04 09:10:00,VIC1,-6.5,2810.31,10191.52758,-29,3443.64,328.33,3110.82975,3141.73,66.57411,1978.61742,1253.6429,7381.21758
2026-01-04 09:15:00,NSW1,-3e-05,4790.51,15053.92443,-7,5857.01,379.5,5468.8128,5494.06,120.37729,4707.20443,3887.91123,10263.414429999999
2026-01-04 09:15:00,QLD1,-3e-05,4686.04,11297.84413,-4,5761.96,-107.76,5959.28153,5880.94,33.143,2255.84642,2223.60113,6611.8041299999995
2026-01-04 09:15:00,SA1,-48.5,406.28,2521.91058,-21,167.44,-353.84,615.33926,525.42,0.0,946.91058,94.94457,2115.63058
2026-01-04 09:15:00,TAS1,36.1,830.07,1819.52734,-3,750.07,-80.0,838.67273,830.07,104.22359,115.52734,115.52734,989.45734
2026-01-04 09:15:00,VIC1,-25.0,2755.78,10238.16302,-24,3298.75,218.69,3119.79228,3104.74,65.40709,2025.25286,1108.75108,7482.383019999999
2026-01-04 09:20:00,NSW1,0.0,4816.15,15032.85238,-4,5986.37,483.23,5496.91299,5505.04,117.65729,4686.13238,4017.50557,10216.70238
2026-01-04 09:20:00,QLD1,0.0,4653.86,11482.21088,-3,5955.17,-159.68,5828.89432,6119.14,32.487,2441.21317,2416.25012,6828.350880000001
2026-01-04 09:20:00,SA1,-59.04,394.46,2539.292,-22,171.82,-401.44,559.60671,577.45,0.0,967.292,95.3216,2144.832
2026-01-04 09:20:00,TAS1,36.1,834.75,1818.33143,-3,754.75,-80.0,839.52594,834.75,99.89303,114.33143,114.33143,983.58143
2026-01-04 09:20:00,VIC1,-14.67,2815.63,10201.7741,-22,3181.87,190.76,3186.03043,3013.6,63.69807,1928.86394,991.86564,7386.1441
2026-01-04 09:25:00,NSW1,0.00981,4899.59,15022.75267,5,5867.24,281.65,5544.64334,5582.37,118.44629,4676.03267,3898.08019,10123.16267
2026-01-04 09:25:00,QLD1,0.01,4741.6,11520.24528,-1,6018.22,-135.5,6135.66627,6154.08,33.469,2479.24757,2479.24528,6778.645279999999
2026-01-04 09:25:00,SA1,-20.57,368.12,2540.76848,-23,174.38,-364.07,563.72714,542.36,0.0,968.76848,93.88242,2172.6484800000003
2026-01-04 09:25:00,TAS1,36.1,832.87,1816.46275,-3,752.87,-80.0,836.71423,832.87,104.60601,112.46275,112.46275,983.5927499999999
2026-01-04 09:25:00,VIC1,-16.04156,2802.66,10312.68703,-19,3294.63,325.05,3016.72464,2995.66,62.97789,1954.77687,1104.63381,7510.027029999999
2026-01-04 09:30:00,NSW1,0.01005,4900.89,15095.93924,7,5951.77,365.87,5539.40846,5577.86,119.34729,4753.21924,3982.9282,10195.04924
2026-01-04 09:30:00,QLD1,0.01,4745.88,11497.02797,1,5995.59,13.94,6131.05776,5981.68,32.312,2457.03026,2457.02797,6751.147969999999
2026-01-04 09:30:00,SA1,-95.07,333.02,2541.7872,-24,152.56,-325.54,537.69911,481.93,0.0,971.7872,72.05506,2208.7672000000002
2026-01-04 09:30:00,TAS1,35.1,824.69,1810.10695,-3,698.89,-125.8,830.73694,824.69,104.41819,106.10695,106.10695,985.41695
2026-01-04 09:30:00,VIC1,-33.60733,2768.5,10322.75839,-14,3266.37,85.88,2991.60419,3199.01,63.05674,1924.84823,1076.37182,7554.258390000001
2026-01-04 09:35:00,NSW1,-6.09497,4922.14,15209.79311,9,5834.41,227.27,5546.72273,5609.22,118.99229,4802.07311,3865.66435,10287.65311
2026-01-04 09:35:00,QLD1,-6.21,4733.21,11635.27465,2,6113.68,-60.06,5964.95002,6177.05,32.854,2598.28913,2574.71252,6902.064649999999
2026-01-04 09:35:00,SA1,-20.57,323.47,2573.58969,-26,131.71,-267.7,497.29017,403.54,0.0,967.58969,49.70885,2250.1196899999995
2026-01-04 09:35:00,TAS1,55.92604,818.74,1816.14651,-3,659.88,-158.86,823.8515,818.74,102.89,112.14651,112.14651,997.40651
2026-01-04 09:35:00,VIC1,-13.69,2792.11,10360.50292,-14,3329.22,297.36,3249.38078,3060.36,57.07485,1951.59276,1139.2242,7568.39292
2026-01-04 09:40:00,NSW1,0.0105,5070.14,15289.8721,11,5839.66,83.52,5688.64744,5752.68,116.76729,4882.1521,3870.38848,10219.732100000001
2026-01-04 09:40:00,QLD1,0.01,4721.93,11495.11531,7,5998.68,248.33,6081.49903,5752.39,18.0,2459.15107,2459.11531,6773.185309999999
2026-01-04 09:40:00,SA1,-35.85,336.11,2559.59493,-24,136.09,-315.96,433.55233,456.03,0.0,953.59493,54.09219,2223.48493
2026-01-04 09:40:00,TAS1,52.23584,815.82,1813.6099,-3,624.57,-191.25,821.53204,815.82,103.65581,109.6099,109.6099,997.7898999999999
2026-01-04 09:40:00,VIC1,-17.19,2759.0,10399.05147,-14,3320.46,199.88,3018.23791,3142.55,54.13422,1992.14131,1130.45873,7640.05147
2026-01-04 09:45:00,NSW1,0.01011,4954.45,15293.52949,20,5838.68,198.22,5580.07285,5634.65,116.92529,4884.80949,3869.80985,10339.07949
2026-01-04 09:45:00,QLD1,0.01,4773.22,11360.13636,7,5865.5,18.2,5808.63127,5847.33,18.0,2327.13636,2327.13636,6586.91636
2026-01-04 09:45:00,SA1,-59.04,294.82,2573.35488,-19,125.83,-367.36,441.90982,496.88,0.0,962.35488,43.83066,2278.5348799999997
2026-01-04 09:45:00,TAS1,49.0323,810.23,1811.08661,-3,620.99,-189.24,821.88849,810.23,103.75584,107.08661,107.08661,1000.85661
2026-01-04 09:45:00,VIC1,-20.29,2778.21,10396.0088,-11,3327.84,361.59,3175.75812,2989.75,57.93761,1975.09864,1137.84425,7617.7988
2026-01-04 09:50:00,NSW1,0.01018,4932.72,15322.04113,15,5897.83,269.11,5575.20616,5621.17,118.02329,4917.32113,3928.25887,10389.32113
2026-01-04 09:50:00,QLD1,0.01,4736.35,11373.14308,9,5878.51,67.67,5798.91622,5811.07,18.3,2340.14308,2340.14308,6636.7930799999995
2026-01-04 09:50:00,SA1,-59.0,279.28,2574.53061,-18,127.21,-361.82,493.37944,492.76,0.0,962.53061,45.21301,2295.25061
2026-01-04 09:50:00,TAS1,44.23191,800.93,1810.47823,-3,620.38,-180.55,815.21436,800.93,103.69331,106.47823,106.47823,1009.54823
2026-01-04 09:50:00,VIC1,-25.0,2790.23,10374.49871,-11,3373.39,221.38,3021.32136,3171.37,54.20297,1936.58855,1183.38573,7584.26871
2026-01-04 09:55:00,NSW1,-5e-05,4962.59,15274.92711,6,5857.7,170.11,5621.48097,5689.91,119.15429,4870.20711,3888.68791,10312.33711
2026-01-04 09:55:00,QLD1,-5e-05,4765.96,11552.29873,7,6023.42,36.18,5840.27813,5991.29,18.8,2520.37653,2520.29873,6786.33873
2026-01-04 09:55:00,SA1,-20.57,256.92,2630.58808,-18,132.49,-322.27,498.32451,458.36,0.0,982.58808,50.48615,2373.66808
2026-01-04 09:55:00,TAS1,53.26344,806.22,1817.62988,-3,627.43,-178.79,816.52295,806.22,100.97015,113.62988,113.62988,1011.4098799999999
2026-01-04 09:55:00,VIC1,-16.23767,2814.93,10392.45981,-7,3320.85,328.01,3212.12764,3016.11,53.7846,1952.54965,1130.84709,7577.52981
2026-01-04 10:00:00,NSW1,0.01023,4916.18,15270.83425,2,5866.17,266.0,5602.52522,5592.35,117.32129,4866.11425,3897.39377,10354.65425
2026-01-04 10:00:00,QLD1,0.01,4789.73,11503.0279,7,5972.24,115.93,5994.31017,5856.88,19.2,2469.05309,2469.0279,6713.2979
2026-01-04 10:00:00,SA1,-20.57,223.72,2676.286,-17,128.96,-332.26,444.52862,464.59,0.0,975.286,46.9644,2452.5660000000003
2026-01-04 10:00:00,TAS1,44.29883,795.95,1822.80579,-3,632.71,-163.24,806.74561,795.95,104.11693,118.80579,118.80579,1026.8557899999998
2026-01-04 10:00:00,VIC1,-25.0,2825.2,10358.98796,-7,3371.05,124.16,3024.51807,3261.36,55.95868,1923.0778,1181.05482,7533.787960000001
2026-01-04 10:05:00,NSW1,0.01036,4903.55,15672.25372,-4,6006.15,22.6,5548.92994,5980.1,125.16681,4932.53372,4032.39692,10768.703720000001
2026-01-04 10:05:00,QLD1,0.01,4781.46,11443.96435,10,5914.33,188.17,5840.9228,5727.39,34.66,2411.96435,2411.96435,6662.50435
2026-01-04 10:05:00,SA1,-59.0,190.79,2731.30017,-16,121.31,-300.7,450.6745,425.34,0.0,969.30017,39.31257,2540.51017
2026-01-04 10:05:00,TAS1,49.14093,792.6,1823.86862,-3,633.77,-158.83,802.53717,792.6,102.88652,119.86862,119.86862,1031.2686199999998
2026-01-04 10:05:00,VIC1,-20.29,2825.97,10383.88597,-4,3315.09,269.58,3257.72175,3065.21,59.7305,1918.97581,1125.08685,7557.91597
2026-01-04 10:10:00,NSW1,14.39638,4951.4,15524.69432,-5,6068.69,237.29,5878.49426,5823.95,125.7652,4799.97432,4049.62304,10573.29432
2026-01-04 10:10:00,QLD1,13.93,4941.48,11432.2902,9,5937.21,168.89,5854.72666,5769.2,35.395,2400.2902,2400.2902,6490.8102
2026-01-04 10:10:00,SA1,-59.0,222.77,2767.11682,-17,107.87,-342.01,461.72722,453.23,0.0,982.11682,25.87252,2544.34682
2026-01-04 10:10:00,TAS1,44.16498,820.32,1821.87932,-3,631.78,-188.55,823.32483,820.32,83.31928,117.87932,117.87932,1001.55932
2026-01-04 10:10:00,VIC1,-25.0,2892.29,10383.93783,-2,3376.86,135.81,3059.5393,3255.71,62.49143,1897.02767,1186.86017,7491.647830000001
2026-01-04 10:15:00,NSW1,0.01003,4756.54,15506.53081,-4,6018.89,182.35,5681.10351,5831.39,131.32727,4780.81081,4050.05277,10749.99081
2026-01-04 10:15:00,QLD1,0.01,4920.35,11421.77523,13,5894.13,-5.67,5764.64571,5899.8,36.429,2391.80213,2391.77523,6501.425229999999
2026-01-04 10:15:00,SA1,-95.07,210.81,2759.98913,-13,101.09,-431.57,464.9361,536.18,0.0,962.98913,19.0872,2549.17913
2026-01-04 10:15:00,TAS1,61.75421,818.01,1828.60024,-2,638.5,-179.5,821.71619,818.01,84.07051,124.60024,124.60024,1010.59024
2026-01-04 10:15:00,VIC1,-8.0,2850.5,10411.23233,1,3389.6,456.1,3222.11289,2956.84,57.62932,1915.32217,1199.59968,7560.732330000001
2026-01-04 10:20:00,NSW1,13.79701,4850.84,15556.25692,-13,6136.86,407.02,5879.81369,5722.28,132.82086,4830.53692,4118.02356,10705.41692
2026-01-04 10:20:00,QLD1,13.94,4965.78,11542.38094,15,6048.35,-93.43,5944.39611,6141.96,38.096,2513.38388,2513.38094,6576.600939999999
2026-01-04 10:20:00,SA1,-85.02,218.05,2767.01286,-10,103.41,-432.64,553.16646,539.75,0.0,943.01286,21.40911,2548.9628599999996
2026-01-04 10:20:00,TAS1,55.85274,814.47,1816.71722,-1,626.52,-187.95,816.13922,814.47,87.33442,112.71722,112.71722,1002.24722
2026-01-04 10:20:00,VIC1,-13.69,2824.65,10362.16577,0,3269.48,322.91,2934.89746,2966.16,62.75316,1866.25561,1079.47679,7537.51577
2026-01-04 10:25:00,NSW1,13.45035,4647.23,15386.36858,-13,5996.71,471.48,5518.04862,5521.77,145.34822,4664.64858,3977.93058,10739.13858
2026-01-04 10:25:00,QLD1,13.93,5052.45,11655.99398,12,6161.82,-228.76,6221.08349,6391.9,39.293,2626.99398,2626.99398,6603.5439799999995
2026-01-04 10:25:00,SA1,-59.04,233.01,2816.82398,-8,108.22,-437.14,568.64682,549.37,0.0,944.82398,26.21873,2583.81398
2026-01-04 10:25:00,TAS1,61.47444,812.69,1818.83748,-1,628.74,-183.95,814.41559,812.69,87.26311,114.83748,114.83748,1006.1474799999999
2026-01-04 10:25:00,VIC1,-8.25,2792.84,10386.75499,-1,3298.11,405.27,2935.2408,2917.87,59.62186,1891.84483,1108.1106,7593.914989999999
2026-01-04 10:30:00,NSW1,0.7,4535.89,15477.27324,-22,6029.5,528.01,5442.41714,5497.64,160.11395,4755.55324,4010.69582,10941.38324
2026-01-04 10:30:00,QLD1,0.72864,5004.12,11647.44422,17,6122.76,-250.36,6377.05333,6374.64,39.472,2619.44422,2619.44422,6643.3242199999995
2026-01-04 10:30:00,SA1,-95.07,199.66,2823.53882,-7,100.2,-434.71,539.9754,538.68,0.0,934.53882,18.19685,2623.8788200000004
2026-01-04 10:30:00,TAS1,49.14093,809.22,1830.76742,-1,640.67,-168.56,813.85046,809.22,89.29163,126.76742,126.76742,1021.5474199999999
2026-01-04 10:30:00,VIC1,-20.29,2715.18,10375.8716,-9,3251.8,348.17,2867.05165,2924.74,56.75398,1880.96144,1061.80015,7660.6916
2026-01-04 10:35:00,NSW1,13.28429,4616.43,15548.30966,-27,6155.28,629.3,5533.64647,5522.32,189.38271,4816.58966,4131.3295,10931.87966
2026-01-04 10:35:00,QLD1,13.93,5101.42,11576.88055,18,6084.64,-285.2,6417.81252,6371.97,40.997,2550.88055,2550.88055,6475.46055
2026-01-04 10:35:00,SA1,-95.07,206.82,2912.95734,-7,97.3,-417.68,541.98429,518.83,0.0,928.95734,15.29641,2706.1373399999998
2026-01-04 10:35:00,TAS1,60.1,803.23,1838.73626,0,555.92,-247.31,808.85394,803.23,91.48351,134.73626,134.73626,1035.5062599999999
2026-01-04 10:35:00,VIC1,-9.45752,2650.81,10327.02994,-17,3189.7,345.89,2865.66648,2866.49,56.95203,1838.11978,999.70099,7676.219940000001
2026-01-04 10:40:00,NSW1,0.00965,4618.41,15548.0684,-19,6081.25,364.84,5499.69737,5715.26,196.92883,4830.3484,4112.14839,10929.6584
2026-01-04 10:40:00,QLD1,0.01,5112.35,11615.80411,13,6093.77,-227.9,6359.20463,6323.02,40.674,2590.80411,2590.80411,6503.454109999999
2026-01-04 10:40:00,SA1,-95.07,209.9,2942.97624,-6,84.83,-426.77,531.06091,515.65,0.0,925.97624,2.8262,2733.07624
2026-01-04 10:40:00,TAS1,61.47444,813.17,1853.09107,0,625.99,-187.18,825.01318,813.17,73.13053,149.09107,149.09107,1039.9210699999999
2026-01-04 10:40:00,VIC1,-8.25,2616.98,10328.90739,-24,3321.02,511.04,2858.98453,2839.76,53.98972,1838.99723,1131.01705,7711.927390000001
2026-01-04 10:45:00,NSW1,13.52067,4691.99,15593.0312,-14,6078.44,511.45,5684.46094,5560.86,199.27278,4860.3112,4054.60271,10901.0412
2026-01-04 10:45:00,QLD1,13.93,5112.1,11579.01919,17,6087.19,-186.95,6279.60648,6275.05,41.204,2552.05619,2552.01919,6466.9191900000005
2026-01-04 10:45:00,SA1,-59.04,208.78,3007.30567,-6,98.96,-390.97,511.25475,493.89,0.0,928.30567,16.95622,2798.52567
2026-01-04 10:45:00,TAS1,48.81503,808.74,1849.53562,0,566.34,-242.41,819.22729,808.74,72.59268,145.53562,145.53562,1040.79562
2026-01-04 10:45:00,VIC1,-20.29,2609.41,10281.84315,-29,3247.32,331.31,2856.12813,2939.7,56.49633,1795.93299,1057.31794,7672.433150000001
2026-01-04 10:50:00,NSW1,0.7,4624.26,15514.05457,-12,6033.88,468.14,5470.05129,5560.82,199.06843,4781.33457,4002.89642,10889.79457
2026-01-04 10:50:00,QLD1,0.72559,5115.04,11716.03342,13,6187.81,-203.24,6313.26541,6392.13,42.372,2690.06567,2690.03342,6600.99342
2026-01-04 10:50:00,SA1,-95.07,161.87,3007.06481,-6,91.27,-421.58,461.89935,516.63,0.0,905.06481,9.2737,2845.19481
2026-01-04 10:50:00,TAS1,48.81503,802.11,1850.48569,0,567.19,-234.92,809.57458,802.11,76.09739,146.48569,146.48569,1048.3756899999998
2026-01-04 10:50:00,VIC1,-20.29,2556.47,10355.63141,-30,3278.35,415.02,2942.59804,2886.81,55.77451,1871.72125,1088.34677,7799.161410000001
2026-01-04 10:55:00,NSW1,13.4979,4765.25,15537.77144,-10,6078.84,491.59,5623.31091,5581.82,174.4908,4804.05144,4045.06309,10772.52144
2026-01-04 10:55:00,QLD1,13.93,5176.05,11646.35837,9,6153.5,-202.53,6385.29708,6357.19,42.857,2628.11313,2621.35837,6470.30837
2026-01-04 10:55:00,SA1,-95.07,161.4,3075.2198,-8,95.81,-381.14,508.61243,480.66,0.0,907.2198,13.81198,2913.8197999999998
2026-01-04 10:55:00,TAS1,54.5651,809.99,1855.38701,0,535.29,-274.7,809.98901,809.99,73.10341,151.38701,151.38701,1045.39701
2026-01-04 10:55:00,VIC1,-14.67,2571.94,10296.54062,-33,3272.56,389.97,2913.24596,2906.34,50.04359,1811.63046,1082.55649,7724.600619999999
2026-01-04 11:00:00,NSW1,13.50867,4751.98,15567.44954,-3,6048.8,499.82,5563.03284,5542.78,156.01236,4833.72954,4014.69786,10815.46954
2026-01-04 11:00:00,QLD1,13.94,5162.71,11498.88165,9,6004.31,-190.81,6324.84674,6196.16,43.27,2479.73265,2473.88165,6336.171649999999
2026-01-04 11:00:00,SA1,-129.0,145.87,3064.05087,-12,98.3,-386.36,471.29471,488.48,0.0,897.05087,16.30131,2918.18087
2026-01-04 11:00:00,TAS1,54.60438,798.85,1848.39009,-1,528.29,-270.56,806.18793,798.85,68.80011,144.39009,144.39009,1049.54009
2026-01-04 11:00:00,VIC1,-14.67,2517.24,10410.06273,-31,3292.1,370.05,2874.1474,2945.52,48.99551,1918.15257,1102.09522,7892.82273
2026-01-04 11:05:00,NSW1,22.07,4702.23,15408.31641,1,6010.21,524.68,5461.42305,5479.68,147.91304,4674.59641,3976.14082,10706.08641
2026-01-04 11:05:00,QLD1,22.91907,5215.75,11490.38028,7,5996.68,-207.07,6166.67832,6204.99,42.192,2464.41104,2464.33019,6274.630279999999
2026-01-04 11:05:00,SA1,-92.01,152.84,3077.79197,-14,96.68,-346.42,498.68562,446.9,0.0,875.79197,14.67806,2924.95197
2026-01-04 11:05:00,TAS1,54.48656,797.4,1831.69904,-2,493.6,-303.8,800.1604,797.4,63.10172,127.69904,127.69904,1034.2990399999999
2026-01-04 11:05:00,VIC1,-14.67,2494.96,10400.85584,-31,3240.54,356.73,2904.98915,2908.74,51.24848,1885.94568,1050.53993,7905.89584
2026-01-04 11:10:00,NSW1,16.09661,4675.69,15417.25066,8,6056.76,467.06,5439.14783,5584.1,148.44938,4682.53066,4022.59984,10741.56066
2026-01-04 11:10:00,QLD1,16.64,5280.33,11402.91585,8,5909.29,-185.07,6291.11817,6095.45,42.15,2386.81585,2376.66585,6122.5858499999995
2026-01-04 11:10:00,SA1,-95.07,135.02,3079.58628,-13,95.14,-350.9,440.63482,449.78,0.0,877.58628,13.1384,2944.56628
2026-01-04 11:10:00,TAS1,51.46648,790.36,1863.49812,-3,525.3,-265.07,795.27881,790.36,71.87854,159.49812,159.49812,1073.13812
2026-01-04 11:10:00,VIC1,-17.66,2433.39,10440.64665,-27,3241.37,356.77,2858.39392,2908.17,48.98587,1904.73649,1051.37429,8007.256650000001
2026-01-04 11:15:00,NSW1,34.04902,4683.77,15307.28834,2,5890.18,404.42,5531.63184,5478.73,137.08182,4568.56834,3856.37467,10623.518339999999
2026-01-04 11:15:00,QLD1,34.76,5287.03,11288.01834,11,5797.6,-124.78,6071.51951,5922.88,43.43,2263.02594,2263.01834,6000.988340000001
2026-01-04 11:15:00,SA1,-95.07,103.58,3091.69329,-13,97.66,-343.63,421.3361,445.0,0.0,890.69329,15.6593,2988.1132900000002
2026-01-04 11:15:00,TAS1,43.76342,789.31,1856.51526,-2,518.42,-270.89,791.39526,789.31,76.75447,152.51526,152.51526,1067.20526
2026-01-04 11:15:00,VIC1,-25.0,2426.05,10463.06927,-22,3243.49,355.41,2838.3897,2911.42,54.42033,1905.15911,1053.48823,8037.01927
2026-01-04 11:20:00,NSW1,0.7,4590.58,15396.34752,0,5950.84,417.54,5406.67746,5530.94,142.16054,4657.62752,3916.85366,10805.76752
2026-01-04 11:20:00,QLD1,0.72799,5296.58,11444.4616,11,5927.08,-231.51,6012.57987,6160.23,44.338,2420.46653,2420.4616,6147.881600000001
2026-01-04 11:20:00,SA1,-95.07,65.1,3078.45688,-14,100.44,-346.99,440.88662,451.09,0.0,877.45688,18.4383,3013.3568800000003
2026-01-04 11:20:00,TAS1,48.76071,780.6,1868.28571,-3,530.09,-250.52,784.84302,780.6,78.94687,164.28571,164.28571,1087.6857100000002
2026-01-04 11:20:00,VIC1,-20.29,2413.78,10419.65394,-19,3217.0,441.03,2959.07227,2802.57,55.16752,1861.74378,1027.00256,8005.8739399999995
2026-01-04 11:25:00,NSW1,36.0601,4686.76,15471.3016,-5,5966.53,548.78,5537.65591,5408.37,166.85539,4731.3016,3930.55068,10784.5416
2026-01-04 11:25:00,QLD1,37.01,5514.92,11394.40062,15,6089.58,-127.34,6313.48619,6217.58,42.51,2370.40555,2370.40062,5879.48062
2026-01-04 11:25:00,SA1,-95.07,73.32,3102.19188,-13,130.98,-339.32,449.32293,473.95,0.0,901.19188,48.9827,3028.8718799999997
2026-01-04 11:25:00,TAS1,28.5672,782.6,1854.07201,-3,515.97,-266.62,785.67285,782.6,82.25069,150.07201,150.07201,1071.47201
2026-01-04 11:25:00,VIC1,-39.48,2420.15,10465.97062,-17,3210.56,197.05,2753.49561,3031.13,57.94662,1911.06046,1020.56398,8045.82062
2026-01-04 11:30:00,NSW1,32.33725,4548.44,15292.92561,-6,5945.06,590.62,5325.93734,5359.41,173.60955,4552.92561,3910.46603,10744.48561
2026-01-04 11:30:00,QLD1,34.76,5516.5,11619.32083,24,6192.45,-397.0,6226.37967,6594.51,41.316,2595.32576,2595.32083,6102.820830000001
2026-01-04 11:30:00,SA1,-95.07,50.95,3065.15272,-13,135.81,-297.92,487.65204,437.46,0.0,865.15272,53.8127,3014.20272
2026-01-04 11:30:00,TAS1,48.67697,776.71,1862.89192,-3,524.79,-251.92,779.14832,776.71,88.1346,158.89192,158.89192,1086.18192
2026-01-04 11:30:00,VIC1,-20.37,2379.81,10449.52543,-13,3233.45,396.96,3018.5966,2863.47,54.22145,1894.61527,1043.45254,8069.71543
2026-01-04 11:35:00,NSW1,13.24291,4597.72,15637.24505,-8,6052.48,475.77,5376.49907,5572.34,180.52361,4901.52505,4018.26847,11039.52505
2026-01-04 11:35:00,QLD1,13.82,5547.48,11639.09478,26,6249.93,-211.44,6603.43927,6462.98,41.365,2619.51592,2619.09478,6091.61478
2026-01-04 11:35:00,SA1,-129.0,54.33,3079.62249,-12,138.44,-278.44,468.92259,420.61,0.0,880.62249,56.4369,3025.2924900000003
2026-01-04 11:35:00,TAS1,51.95973,770.52,1851.94155,-2,504.84,-265.68,772.26141,770.52,91.49512,147.94155,147.94155,1081.42155
2026-01-04 11:35:00,VIC1,-17.19,2378.58,10471.35142,-13,3293.84,304.25,2880.39151,3013.09,56.28145,1918.44126,1103.83836,8092.771420000001
2026-01-04 11:40:00,NSW1,34.01,4723.82,15569.53474,-6,6068.51,523.87,5609.99216,5536.09,158.89055,4832.53474,4034.78929,10845.71474
2026-01-04 11:40:00,QLD1,35.07877,5559.04,11568.60862,22,6179.99,-141.05,6412.52029,6321.86,41.238,2557.50862,2548.60862,6009.568620000001
2026-01-04 11:40:00,SA1,-150.67,74.84,3077.72336,-10,141.8,-269.18,438.38738,414.78,0.0,878.72336,59.80128,3002.88336
2026-01-04 11:40:00,TAS1,28.5672,760.75,1845.23508,-2,498.14,-262.61,769.04022,760.75,93.64028,141.23508,141.23508,1084.48508
2026-01-04 11:40:00,VIC1,-39.48,2341.8,10514.25043,-10,3236.95,163.91,2916.08286,3091.9,53.67318,1961.34027,1046.94621,8172.45043
2026-01-04 11:45:00,NSW1,22.07,4692.6,15570.50512,3,6110.52,510.82,5494.27525,5598.33,146.52584,4833.50512,4076.30423,10877.90512
2026-01-04 11:45:00,QLD1,23.31148,5535.8,11555.43397,20,6133.15,-278.65,6292.72607,6414.46,39.21,2537.19197,2536.43397,6019.63397
2026-01-04 11:45:00,SA1,-150.67,83.4,3089.93664,-7,139.21,-264.09,445.9182,407.2,0.0,890.93664,57.20863,3006.53664
2026-01-04 11:45:00,TAS1,52.00575,750.42,1847.80941,-1,499.71,-250.71,758.58179,750.42,98.72966,143.80941,143.80941,1097.3894100000002
2026-01-04 11:45:00,VIC1,-17.19,2292.83,10476.31399,-9,3248.35,313.12,3038.08561,2960.52,53.68864,1920.40383,1058.35051,8183.483990000001
2026-01-04 11:50:00,NSW1,22.07,4808.54,15584.89551,2,6160.72,534.34,5639.10935,5624.59,138.41988,4843.89551,4127.06359,10776.355510000001
2026-01-04 11:50:00,QLD1,23.3076,5489.14,11502.75069,12,6080.46,-284.68,6358.29307,6367.9,38.61,2483.75069,2483.75069,6013.61069
2026-01-04 11:50:00,SA1,-95.07,78.45,3070.19044,-5,137.74,-265.3,404.33944,407.0,0.0,868.19044,55.7422,2991.74044
2026-01-04 11:50:00,TAS1,43.89728,749.48,1854.92194,-1,506.82,-242.66,757.07007,749.48,99.74372,150.92194,150.92194,1105.44194
2026-01-04 11:50:00,VIC1,-25.0,2264.81,10546.70243,-12,3259.75,287.38,2927.21845,2996.53,48.14723,1972.79227,1069.75485,8281.89243
2026-01-04 11:55:00,NSW1,34.01,4919.68,15298.03804,13,5987.79,362.91,5661.04649,5618.88,119.04929,4556.03804,3953.42455,10378.35804
2026-01-04 11:55:00,QLD1,35.07842,5517.73,11582.71032,7,6161.75,-131.99,6377.62638,6294.46,39.252,2564.54932,2563.60244,6064.980320000001
2026-01-04 11:55:00,SA1,-150.67,50.32,3079.59021,-5,137.76,-273.78,348.99444,415.35,0.0,872.59021,55.75807,3029.2702099999997
2026-01-04 11:55:00,TAS1,43.83035,761.19,1855.29051,-1,507.09,-254.1,766.74231,761.19,84.35723,151.29051,151.29051,1094.10051
2026-01-04 11:55:00,VIC1,-25.0,2244.15,10508.03526,-12,3286.6,319.3,2915.71417,2991.11,50.79762,1925.1251,1096.60185,8263.885260000001
2026-01-04 12:00:00,NSW1,35.51656,4996.54,15405.20917,20,5994.62,237.08,5636.82643,5749.43,115.88829,4663.20917,3960.57468,10408.669170000001
2026-01-04 12:00:00,QLD1,35.73,5430.94,11707.59758,3,6287.81,14.13,6227.55068,6273.65,40.199,2689.59758,2689.59758,6276.65758
2026-01-04 12:00:00,SA1,-187.65,76.6,3078.8357,-4,142.37,-399.09,437.94777,545.32,0.0,868.8357,60.37058,3002.2357
2026-01-04 12:00:00,TAS1,48.67697,761.01,1851.58815,-1,503.49,-257.52,764.79382,761.01,88.94289,147.58815,147.58815,1090.57815
2026-01-04 12:00:00,VIC1,-20.37,2238.11,10607.88419,-12,3312.5,424.72,2946.04753,2911.38,50.38677,2024.97403,1122.50473,8369.77419
2026-01-04 12:05:00,NSW1,37.70537,5090.38,15126.93316,31,5981.57,146.18,5748.00756,5826.88,110.08029,4355.21316,3872.31492,10036.55316
2026-01-04 12:05:00,QLD1,37.01,5428.91,11690.97768,-5,6311.05,160.15,6259.36323,6151.32,41.237,2679.53168,2671.97768,6262.06768
2026-01-04 12:05:00,SA1,-188.99,89.26,3067.4408,-4,115.53,-422.21,547.52971,541.73,0.0,858.4408,33.52929,2978.1807999999996
2026-01-04 12:05:00,TAS1,48.79645,760.66,1852.313,-1,531.11,-229.54,765.5899,760.66,80.34202,148.313,148.313,1091.6530000000002
2026-01-04 12:05:00,VIC1,-20.36,2231.32,10535.40748,-12,3304.85,361.74,2811.13608,2963.53,52.81732,1952.49732,1114.85256,8304.08748
2026-01-04 12:10:00,NSW1,37.22205,5138.78,14730.50274,36,5906.84,80.06,5779.72251,5821.84,115.61329,3957.50274,3712.65711,9591.722740000001
2026-01-04 12:10:00,QLD1,37.01,5455.73,11578.95153,-7,6263.72,53.99,6169.69491,6209.69,42.201,2559.99269,2559.95153,6123.221530000001
2026-01-04 12:10:00,SA1,-289.43794,78.16,3058.30468,-2,114.97,-357.2,523.23853,475.31,0.0,849.30468,32.96592,2980.1446800000003
2026-01-04 12:10:00,TAS1,48.81503,772.35,1855.2755,-1,534.18,-238.17,778.68176,772.35,70.04318,151.2755,151.2755,1082.9254999999998
2026-01-04 12:10:00,VIC1,-20.29,2225.09,10622.9166,-10,3282.37,482.75,2855.25043,2822.87,56.54232,2037.00644,1092.36599,8397.8266
2026-01-04 12:15:00,NSW1,36.32421,5253.36,15345.68235,34,6171.16,168.8,5851.07713,5992.89,108.67729,4412.68235,3943.81698,10092.322349999999
2026-01-04 12:15:00,QLD1,35.73,5497.48,11743.27942,-7,6361.34,144.2,6275.96731,6217.36,42.411,2731.89863,2724.27942,6245.799420000001
2026-01-04 12:15:00,SA1,-187.65,52.7,3087.52477,-2,123.67,-272.39,463.51367,399.28,0.0,878.52477,41.6705,3034.82477
2026-01-04 12:15:00,TAS1,28.88427,761.94,1860.72575,-1,539.53,-222.41,766.88214,761.94,75.04221,156.72575,156.72575,1098.78575
2026-01-04 12:15:00,VIC1,-39.48,2235.82,10641.79673,-9,3249.25,188.88,2818.92971,3073.46,57.28523,2055.88657,1059.2504,8405.97673
2026-01-04 12:20:00,NSW1,36.07,5445.93,15335.94734,35,6229.75,122.24,6093.89987,6099.98,115.05429,4402.94734,3931.98437,9890.01734
2026-01-04 12:20:00,QLD1,35.73,5465.1,11696.16692,-5,6315.41,84.98,6204.10021,6230.41,41.301,2687.06692,2677.8926,6231.066919999999
2026-01-04 12:20:00,SA1,-150.67,51.78,3052.51008,-3,115.84,-214.39,396.15435,333.7,0.0,843.51008,33.8358,3000.73008
2026-01-04 12:20:00,TAS1,20.46178,752.25,1859.76882,-1,538.47,-213.78,755.45313,752.25,74.80326,155.76882,155.76882,1107.51882
2026-01-04 12:20:00,VIC1,-47.69,2220.48,10605.19192,-7,3235.1,235.45,3002.30894,3018.23,53.69898,2019.28176,1045.10228,8384.71192
2026-01-04 12:25:00,NSW1,38.81413,5627.9,15201.00311,48,6288.72,2.82,6174.15435,6279.48,125.61262,4267.00311,3898.57601,9573.10311
2026-01-04 12:25:00,QLD1,37.01,5417.83,11619.68881,3,6354.29,326.46,6168.91462,6029.93,41.882,2608.68181,2597.59208,6201.85881
2026-01-04 12:25:00,SA1,-95.07,53.59,3055.15035,-4,116.84,-137.08,322.15812,257.98,0.0,846.15035,34.8415,3001.5603499999997
2026-01-04 12:25:00,TAS1,19.31351,754.6,1848.42024,-2,527.32,-227.28,754.94641,754.6,78.6473,144.42024,144.42024,1093.82024
2026-01-04 12:25:00,VIC1,-48.67,2278.16,10591.88945,-1,3114.15,49.99,2956.22452,3079.34,46.91687,2005.97929,924.15462,8313.72945
2026-01-04 12:30:00,NSW1,38.56211,5699.18,15006.76751,54,6224.81,-222.38,6230.25893,6447.74,125.91415,4072.76751,3834.0949,9307.58751
2026-01-04 12:30:00,QLD1,37.01,5417.83,11501.70575,7,6270.96,302.13,5995.76639,5970.56,42.055,2483.75759,2483.70575,6083.875749999999
2026-01-04 12:30:00,SA1,-92.01,42.91,3073.2417,-4,148.4,-48.12,247.00377,201.68,0.0,864.2417,42.3981,3030.3317
2026-01-04 12:30:00,TAS1,43.89728,758.25,1835.75933,-2,514.66,-243.59,752.2771,758.25,77.21813,131.75933,131.75933,1077.50933
2026-01-04 12:30:00,VIC1,-25.0,2283.82,10591.74048,3,3161.45,255.5,2970.23947,2942.06,47.02323,2007.83032,971.45032,8307.92048
2026-01-04 12:35:00,NSW1,84.79006,5873.38,14723.48952,59,6099.29,-365.08,6499.21395,6483.53,115.21772,3789.48952,3586.16577,8850.109519999998
2026-01-04 12:35:00,QLD1,70.0,5390.42,11467.18607,5,6695.33,812.36,5915.14247,5898.2,42.375,2456.19474,2456.18607,6076.76607
2026-01-04 12:35:00,SA1,-59.0,51.7,3075.22399,-4,169.57,-27.16,197.94281,202.16,0.0,867.22399,63.5658,3023.52399
2026-01-04 12:35:00,TAS1,17.65023,756.21,1831.40058,-2,497.3,-258.91,746.90363,756.21,84.76074,127.40058,127.40058,1075.19058
2026-01-04 12:35:00,VIC1,-50.01,2265.8,10751.02132,9,3227.32,-102.6,2796.37892,3348.71,50.07873,1982.11116,1037.31828,8485.22132
2026-01-04 12:40:00,NSW1,109.37,6001.26,14800.23225,62,6306.05,-338.22,6502.36558,6652.98,105.89313,3862.23225,3667.71048,8798.972249999999
2026-01-04 12:40:00,QLD1,60.0,5481.21,11572.74553,7,6674.2,648.98,6001.27027,6034.33,42.427,2562.7542,2562.74553,6091.53553
2026-01-04 12:40:00,SA1,-73.5,31.87,3102.44124,-3,153.31,-14.56,179.21894,173.31,0.0,894.44124,47.30973,3070.57124
2026-01-04 12:40:00,TAS1,19.18322,745.37,1833.31789,-2,499.22,-246.16,737.57428,745.37,89.35079,129.31789,129.31789,1087.94789
2026-01-04 12:40:00,VIC1,-48.67,2299.81,10760.4048,11,3205.04,-4.17,3206.4437,3231.82,50.08633,1987.49464,975.49831,8460.5948
2026-01-04 12:45:00,NSW1,109.37,6209.97,14618.55378,65,6340.87,-309.1,6738.89171,6658.63,97.76095,3679.55378,3461.92622,8408.58378
2026-01-04 12:45:00,QLD1,60.0,5522.22,11525.78481,13,6761.15,683.93,6049.09245,6087.21,42.236,2515.79348,2515.78481,6003.564809999999
2026-01-04 12:45:00,SA1,-95.07,46.09,3140.94391,-1,174.06,-13.84,178.76112,194.06,0.0,932.94391,68.06491,3094.85391
2026-01-04 12:45:00,TAS1,28.88427,739.67,1840.11633,-1,506.22,-233.45,735.17145,739.67,93.79822,136.11633,136.11633,1100.4463300000002
2026-01-04 12:45:00,VIC1,-39.48,2292.08,10742.36533,13,2894.22,-79.08,3062.5933,2996.94,49.11726,1969.45517,736.8422,8450.28533
2026-01-04 12:50:00,NSW1,77.9999,6331.65,14680.94295,74,6278.79,-490.85,6660.46656,6782.97,114.68337,3741.94295,3444.79758,8349.292950000001
2026-01-04 12:50:00,QLD1,70.0,5621.06,11412.59009,20,7082.31,672.46,6150.99472,6419.14,42.223,2516.59876,2516.59009,5791.530089999999
2026-01-04 12:50:00,SA1,-92.01,37.76,3189.56263,-1,153.72,-13.62,181.73334,173.72,0.0,981.56263,68.02078,3151.8026299999997
2026-01-04 12:50:00,TAS1,48.70639,732.9,1832.77864,-1,461.68,-271.22,730.47656,732.9,96.04726,128.77864,128.77864,1099.87864
2026-01-04 12:50:00,VIC1,-20.29,2251.25,10810.22231,13,3078.32,170.91,2894.38124,2946.08,50.14209,2029.31215,938.94024,8558.97231
2026-01-04 12:55:00,NSW1,39.03657,6558.59,14715.21638,80,6275.94,-355.65,6884.57553,6635.27,111.9576,3776.21638,3427.01194,8156.62638
2026-01-04 12:55:00,QLD1,37.01,5661.31,11339.43897,28,6660.26,406.94,6398.53858,6255.99,41.261,2448.90564,2443.43897,5678.128969999999
2026-01-04 12:55:00,SA1,-59.04,44.99,3155.57525,-1,151.78,-13.65,153.71399,171.78,0.0,947.57525,69.7809,3110.58525
2026-01-04 12:55:00,TAS1,48.96772,726.31,1823.90445,-1,450.8,-275.51,725.27008,726.31,92.24719,118.90445,118.90445,1097.59445
2026-01-04 12:55:00,VIC1,-19.99,2224.08,10819.15067,11,3215.89,297.8,2842.01774,2965.32,44.43801,2038.24051,1094.13574,8595.070670000001
2026-01-04 13:00:00,NSW1,57.06014,6706.49,14598.66022,83,6242.14,-651.35,6660.53383,6913.32,108.27584,3658.66022,3398.79732,7892.17022
2026-01-04 13:00:00,QLD1,53.52622,5686.84,11342.90381,30,6655.74,450.91,6245.68674,6208.9,41.3,2447.90994,2447.90381,5656.06381
2026-01-04 13:00:00,SA1,-59.0,23.07,3155.88128,-2,163.59,-13.88,172.07741,183.59,0.0,947.88128,81.59388,3132.81128
2026-01-04 13:00:00,TAS1,48.70639,724.83,1828.40034,-1,455.3,-269.53,722.57825,724.83,95.68875,123.40034,123.40034,1103.5703399999998
2026-01-04 13:00:00,VIC1,-20.29,2162.09,10771.02899,7,3219.11,584.83,2922.36809,2705.24,40.46719,1990.11883,1099.11134,8608.93899
2026-01-04 13:05:00,NSW1,109.37,6860.85,14756.58815,91,6461.19,-401.66,6932.17126,6873.54,138.1223,3816.58815,3306.39539,7895.738149999999
2026-01-04 13:05:00,QLD1,63.83008,5731.97,11386.6903,28,6647.25,673.28,6228.40471,5983.59,40.473,2491.21489,2490.6903,5654.7203
2026-01-04 13:05:00,SA1,-129.0,25.83,3179.7634,-1,140.03,-246.94,197.99238,390.85,0.0,971.7634,56.7305,3153.9334
2026-01-04 13:05:00,TAS1,17.38247,729.93,1826.99203,-1,453.89,-276.04,728.99567,729.93,83.3104,121.99203,121.99203,1097.06203
2026-01-04 13:05:00,VIC1,-50.01,2108.49,10821.68574,3,3208.83,296.49,2661.53851,2933.28,47.07649,2038.77558,1088.83017,8713.195740000001
2026-01-04 13:10:00,NSW1,103.99,7104.87,14716.56248,90,6432.24,-674.62,6993.17007,7130.13,133.80861,3772.56248,3354.45315,7611.692480000001
2026-01-04 13:10:00,QLD1,70.5,5706.98,11393.47854,28,6892.91,707.91,5937.48799,6195.93,43.148,2497.47854,2497.47854,5686.4985400000005
2026-01-04 13:10:00,SA1,-150.67,64.36,3147.43702,-1,143.21,-352.57,393.80981,499.67,0.0,963.43702,61.214,3083.0770199999997
2026-01-04 13:10:00,TAS1,55.23256,729.77,1816.57873,-1,443.48,-286.29,727.09106,729.77,81.28407,111.57873,111.57873,1086.80873
2026-01-04 13:10:00,VIC1,-14.0,2164.23,10812.75078,2,3263.62,684.39,2895.22954,2619.97,42.49894,2031.89042,1143.6242,8648.52078
2026-01-04 13:15:00,NSW1,109.37,7301.11,14641.00177,90,6715.87,-587.24,7188.79169,7322.89,120.2576,3692.00177,3292.23451,7339.891770000001
2026-01-04 13:15:00,QLD1,63.83008,5816.94,11227.74032,23,6581.52,715.71,6284.35908,5877.12,43.641,2341.48732,2331.96069,5410.800320000001
2026-01-04 13:15:00,SA1,-160.11,82.52,3175.98256,1,133.54,-247.59,470.27483,385.18,0.0,972.98256,46.836,3093.46256
2026-01-04 13:15:00,TAS1,28.14444,727.06,1824.33448,-1,407.23,-319.83,726.81665,727.06,81.01146,119.33448,119.33448,1097.27448
2026-01-04 13:15:00,VIC1,-39.48,2128.18,10843.75014,-3,3230.04,509.09,2559.04721,2755.94,46.87523,2065.88978,1110.03547,8715.57014
2026-01-04 13:20:00,NSW1,299.98,7490.78,14618.36517,99,6850.46,-642.33,7382.60257,7525.91,116.38061,3665.36517,3218.60596,7127.585169999999
2026-01-04 13:20:00,QLD1,54.73,5833.66,11273.20026,23,6575.31,700.65,5864.42982,5890.66,43.168,2378.29661,2378.20026,5439.54026
2026-01-04 13:20:00,SA1,-286.18645,84.0,3180.63054,3,126.16,-296.74,363.15785,426.9,0.0,972.63054,44.1635,3096.63054
2026-01-04 13:20:00,TAS1,19.44043,731.51,1826.49238,0,409.39,-322.11,730.60706,731.51,74.99389,121.49238,121.49238,1094.98238
2026-01-04 13:20:00,VIC1,-47.69,2074.59,10825.25053,-4,3215.78,656.17,2658.53913,2602.13,43.07528,2047.39017,1095.78103,8750.66053
2026-01-04 13:25:00,NSW1,299.97,7544.09,14512.88448,103,6936.99,-613.1,7438.16079,7582.85,124.47561,3552.16448,3185.59399,6968.7944800000005
2026-01-04 13:25:00,QLD1,44.73,5761.18,11163.55414,25,6445.99,605.8,5779.99038,5854.66,43.394,2276.58014,2268.55414,5402.37414
2026-01-04 13:25:00,SA1,-262.49897,108.14,3190.21242,5,129.78,-354.36,385.69983,488.15,0.0,982.21242,47.7767,3082.07242
2026-01-04 13:25:00,TAS1,48.32617,729.72,1818.20837,0,374.21,-355.52,728.63568,729.72,76.83234,113.20837,113.20837,1088.48837
2026-01-04 13:25:00,VIC1,-20.29,2103.29,10823.74124,-6,3237.8,819.06,2576.59143,2469.39,40.50005,2045.88088,1117.79876,8720.451239999999
2026-01-04 13:30:00,NSW1,180.53719,7748.7,14480.25132,103,6985.11,-764.59,7639.63274,7784.78,124.08461,3518.53132,3055.78663,6731.55132
2026-01-04 13:30:00,QLD1,54.75005,5748.75,11094.48244,13,6434.95,636.2,5824.62939,5810.98,40.845,2199.48244,2199.48244,5345.73244
2026-01-04 13:30:00,SA1,-248.7801,75.87,3216.50607,5,143.88,-307.99,443.20509,455.94,0.0,1008.50607,61.8792,3140.63607
2026-01-04 13:30:00,TAS1,51.68362,725.22,1820.61451,0,376.51,-348.71,725.52155,725.22,78.35004,115.61451,115.61451,1095.39451
2026-01-04 13:30:00,VIC1,-17.19,2060.78,10778.80122,-6,3288.12,900.24,2419.14077,2451.65,41.46542,2000.94086,1168.11942,8718.021219999999
2026-01-04 13:35:00,NSW1,112.13705,7879.93,14728.15334,100,7369.7,-511.22,7785.69562,7897.44,118.28961,3766.15334,3218.37552,6848.2233400000005
2026-01-04 13:35:00,QLD1,54.99,5693.65,11404.73911,0,6291.45,573.81,5736.11783,5726.29,40.79,1939.73911,1939.73911,5711.089110000001
2026-01-04 13:35:00,SA1,-246.96471,109.32,3238.85529,6,158.73,-259.59,488.19523,422.47,0.0,1034.85529,76.7266,3129.53529
2026-01-04 13:35:00,TAS1,48.43481,722.11,1817.66841,0,384.67,-337.45,723.83337,722.11,79.0592,112.66841,112.66841,1095.55841
2026-01-04 13:35:00,VIC1,-20.29,2053.91,10808.57602,-7,3242.22,605.38,2438.74607,2678.46,38.5435,2030.71566,1122.21514,8754.66602
2026-01-04 13:40:00,NSW1,170.63163,8100.26,14634.79924,99,7458.72,-642.54,8031.99433,8128.72,106.22226,3676.79924,3202.23276,6534.53924
2026-01-04 13:40:00,QLD1,54.75005,5729.75,11505.5905,-3,6425.97,626.22,5747.73958,5811.46,41.243,2040.5905,2040.5905,5775.8405
2026-01-04 13:40:00,SA1,-246.80114,121.62,3303.73437,7,160.24,-305.37,396.36555,469.74,0.0,1099.73437,78.2433,3182.1143700000002
2026-01-04 13:40:00,TAS1,53.33518,716.92,1809.89898,0,376.8,-340.12,718.61041,716.92,84.74027,104.89898,104.89898,1092.9789799999999
2026-01-04 13:40:00,VIC1,-15.64,2079.56,10823.22301,-7,3288.44,755.88,2624.02326,2583.34,46.41212,2045.36265,1168.44427,8743.66301
2026-01-04 13:45:00,NSW1,109.37,8051.6,14569.71681,102,7381.73,-669.87,7977.87035,8075.95,97.90707,3614.87481,3195.0536,6518.1168099999995
2026-01-04 13:45:00,QLD1,54.75005,5779.0,11537.12332,0,6474.34,642.33,5848.27569,5841.97,41.864,2072.12602,2072.12332,5758.123320000001
2026-01-04 13:45:00,SA1,-246.00594,55.61,3296.58194,7,163.83,-210.78,416.33862,379.03,0.0,1092.58194,81.827,3240.97194
2026-01-04 13:45:00,TAS1,48.43481,714.19,1821.53177,1,388.43,-325.76,713.58044,714.19,93.21488,116.53177,116.53177,1107.34177
2026-01-04 13:45:00,VIC1,-20.29,2048.0,10847.72325,-4,3286.09,654.87,2546.71028,2683.29,45.91181,2069.86289,1166.09457,8799.72325
2026-01-04 13:50:00,NSW1,170.95195,8161.37,14412.70228,96,7511.66,-650.71,8080.9524,8189.07,96.82999,3461.98228,3061.95403,6251.33228
2026-01-04 13:50:00,QLD1,54.99,5865.7,11669.65188,4,6511.46,618.23,5906.30772,5904.15,43.406,2089.65188,2089.65188,5803.95188
2026-01-04 13:50:00,SA1,-243.72038,43.27,3322.25304,3,160.3,-116.97,353.44247,282.45,0.0,1118.25304,78.2955,3278.98304
2026-01-04 13:50:00,TAS1,53.33518,697.67,1813.90228,1,357.8,-339.87,696.63843,697.67,105.43988,108.90228,108.90228,1116.2322800000002
2026-01-04 13:50:00,VIC1,-15.64,2083.43,10893.73706,-1,3266.07,589.64,2627.32811,2733.94,41.07258,2115.8767,1146.06711,8810.30706
2026-01-04 13:55:00,NSW1,138.42008,8085.16,14164.87009,83,7257.13,-829.03,8012.33484,8116.79,111.69255,3217.87009,2867.16417,6079.7100900000005
2026-01-04 13:55:00,QLD1,54.99,5872.59,11753.97681,14,6600.71,684.62,5909.92883,5925.67,40.24,2176.24273,2174.97681,5881.38681
2026-01-04 13:55:00,SA1,-92.01,40.74,3308.37155,-1,199.78,64.47,306.33197,143.1,0.0,1104.37155,95.7812,3267.63155
2026-01-04 13:55:00,TAS1,48.38049,704.08,1819.20307,1,363.1,-340.98,701.29761,704.08,102.82681,114.20307,114.20307,1115.12307
2026-01-04 13:55:00,VIC1,-20.29,2063.95,10872.09064,-2,3326.66,551.03,2640.61817,2857.74,40.75176,2091.23028,1206.6571,8808.140640000001
2026-01-04 14:00:00,NSW1,162.47819,8127.26,14296.24661,74,7539.76,-587.5,8040.06441,8143.64,119.11797,3379.24661,2941.83752,6168.98661
2026-01-04 14:00:00,QLD1,64.95,5898.21,11625.32998,21,6605.43,696.22,5936.65226,5918.9,40.066,2046.35512,2046.32998,5727.11998
2026-01-04 14:00:00,SA1,-246.87158,59.04,3324.68156,-3,178.62,-88.42,174.71225,272.58,0.0,1120.68156,96.6177,3265.64156
2026-01-04 14:00:00,TAS1,48.29525,709.69,1823.65868,1,367.56,-342.13,708.93011,709.69,97.99047,118.65868,118.65868,1113.96868
2026-01-04 14:00:00,VIC1,-20.37,2090.83,10840.70859,-1,3222.85,397.79,2821.26028,2869.42,42.72846,2057.84823,1102.85182,8749.87859
2026-01-04 14:05:00,NSW1,70.77951,8098.52,14307.97629,61,7365.74,-733.77,8011.66362,8123.71,119.79397,3390.97629,2979.87476,6209.45629
2026-01-04 14:05:00,QLD1,63.83012,5867.47,11555.71968,23,6568.71,691.24,5863.65782,5887.06,38.597,2031.71968,2031.71968,5688.24968
2026-01-04 14:05:00,SA1,-242.37303,108.29,3344.58157,-4,186.29,-109.0,332.17189,300.58,0.0,1140.58157,104.2869,3236.29157
2026-01-04 14:05:00,TAS1,48.83754,714.53,1801.00507,1,334.91,-379.63,711.39606,714.53,96.36493,96.00507,96.00507,1086.47507
2026-01-04 14:05:00,VIC1,-20.29,2167.08,10888.55999,2,3260.63,631.42,2890.65838,2690.41,36.50462,2105.69963,1140.63096,8721.47999
2026-01-04 14:10:00,NSW1,119.52963,8290.53,14218.30287,47,7608.69,-681.84,8230.6269,8314.25,117.49697,3301.58287,2882.44312,5927.772869999999
2026-01-04 14:10:00,QLD1,64.75005,5821.4,11474.70496,21,6524.16,702.76,5804.97503,5832.24,37.46,1950.71125,1950.70496,5653.3049599999995
2026-01-04 14:10:00,SA1,-233.63701,118.84,3379.47324,-2,180.44,-90.4,307.66586,276.3,0.0,1175.47324,98.4351,3260.6332399999997
2026-01-04 14:10:00,TAS1,48.18619,717.6,1818.80529,1,352.71,-364.9,722.09576,717.6,93.69778,113.80529,113.80529,1101.2052899999999
2026-01-04 14:10:00,VIC1,-20.37,2178.37,10882.84462,4,3292.64,528.98,2646.98831,2818.23,39.96517,2099.98426,1172.6352,8704.47462
2026-01-04 14:15:00,NSW1,86.72036,8144.08,14541.80447,46,7568.78,-639.3,8061.58723,8226.07,117.87997,3625.08447,3062.67354,6397.724469999999
2026-01-04 14:15:00,QLD1,78.83012,5957.68,11403.12175,23,6626.04,668.36,5954.19779,5966.25,38.134,1879.12804,1879.12175,5445.44175
2026-01-04 14:15:00,SA1,-243.34257,151.91,3359.4136,-1,168.1,-120.81,322.76057,294.09,0.0,1155.4136,86.099,3207.5036
2026-01-04 14:15:00,TAS1,48.75165,726.69,1810.58366,2,344.48,-382.21,730.89978,726.69,90.23093,105.58366,105.58366,1083.89366
2026-01-04 14:15:00,VIC1,-20.37,2195.13,10932.84313,6,3310.87,558.84,2792.21601,2805.18,40.34368,2149.98277,1190.87143,8737.71313
2026-01-04 14:20:00,NSW1,70.98278,8122.03,14534.83682,42,7685.93,-437.09,8109.97168,8130.58,133.02875,3617.83682,3103.22214,6412.806820000001
2026-01-04 14:20:00,QLD1,64.95,5989.55,11370.20932,30,6601.21,611.66,5953.87403,5996.47,40.047,1846.21561,1846.20932,5380.65932
2026-01-04 14:20:00,SA1,-264.92563,145.83,3483.59541,2,178.21,-108.62,299.43811,292.2,0.0,1279.59541,96.2092,3337.76541
2026-01-04 14:20:00,TAS1,18.37,731.16,1814.21828,2,348.12,-383.04,734.3562,731.16,87.5832,109.21828,109.21828,1083.0582800000002
2026-01-04 14:20:00,VIC1,-48.67,2197.21,10964.4571,6,3253.56,377.72,2777.80678,2916.63,39.8926,2181.59674,1133.56491,8767.2471
2026-01-04 14:25:00,NSW1,57.08,7827.98,14570.64498,34,7721.08,-365.66,7819.6511,8092.51,184.65968,3653.64498,3150.69009,6742.66498
2026-01-04 14:25:00,QLD1,54.99,5978.2,11254.43368,35,6334.41,299.01,6003.62631,6036.41,38.442,1730.49266,1730.43368,5276.23368
2026-01-04 14:25:00,SA1,-262.20293,143.55,3407.50944,5,165.94,-150.61,295.25189,321.55,0.0,1203.50944,83.941,3263.9594399999996
2026-01-04 14:25:00,TAS1,21.76823,731.6,1807.54917,2,341.45,-390.15,733.9491,731.6,87.2222,102.54917,102.54917,1075.9491699999999
2026-01-04 14:25:00,VIC1,-45.39142,2227.58,11007.45325,7,3283.1,679.53,2894.97005,2663.92,38.15997,2225.59289,1163.10355,8779.87325
2026-01-04 14:30:00,NSW1,57.08,7731.29,14819.61961,18,7851.27,-104.0,7923.45832,7950.48,212.43309,3901.61961,3264.30246,7088.32961
2026-01-04 14:30:00,QLD1,55.49578,5953.98,11140.71432,31,6189.9,235.92,6006.15925,5954.42,36.699,1616.71432,1616.71432,5186.73432
2026-01-04 14:30:00,SA1,-263.03005,204.67,3469.0533,7,173.31,-169.36,365.07737,347.53,0.0,1265.0533,91.3098,3264.3833
2026-01-04 14:30:00,TAS1,21.52344,733.76,1814.11812,2,348.02,-385.74,734.34467,733.76,88.68501,109.11812,109.11812,1080.35812
2026-01-04 14:30:00,VIC1,-45.73262,2245.61,10963.97853,9,3254.6,464.99,2694.01549,2830.89,45.75239,2183.11817,1134.59537,8718.36853
2026-01-04 14:35:00,NSW1,53.22486,7525.88,15019.05729,6,8085.84,168.78,7753.8321,7917.9,230.70025,4067.33729,3481.58013,7493.1772900000005
2026-01-04 14:35:00,QLD1,54.99,5972.84,10958.80929,28,5975.44,-133.59,5986.55059,6110.08,38.28,1431.80929,1431.80929,4985.969289999999
2026-01-04 14:35:00,SA1,-242.49302,329.92,3463.65716,10,181.48,-250.45,466.00939,436.44,0.0,1260.65716,99.4752,3133.73716
2026-01-04 14:35:00,TAS1,51.06484,736.01,1810.96755,2,344.87,-391.14,735.9931,736.01,91.98244,105.96755,105.96755,1074.95755
2026-01-04 14:35:00,VIC1,-18.17,2270.44,11000.23021,10,3326.44,661.41,2800.05214,2713.63,37.20851,2213.36985,1206.43603,8729.79021
2026-01-04 14:40:00,NSW1,36.05988,7516.38,15050.89095,0,8241.05,330.19,7852.49461,7911.27,240.74426,4098.89095,3638.32193,7534.510950000001
2026-01-04 14:40:00,QLD1,37.90941,5943.53,11084.73106,29,6049.09,-211.44,6083.33663,6262.62,39.175,1557.73106,1557.73106,5141.20106
2026-01-04 14:40:00,SA1,-70.67,535.4,3491.6601,20,301.31,-237.09,624.47013,542.45,0.0,1288.6601,207.9389,2956.2601
2026-01-04 14:40:00,TAS1,48.78322,748.84,1821.1572,3,355.06,-393.78,747.57892,748.84,91.36467,116.1572,116.1572,1072.3172
2026-01-04 14:40:00,VIC1,-20.29,2271.54,10998.87944,10,3286.99,558.06,2713.39596,2768.32,44.30323,2212.01908,1166.99284,8727.33944
2026-01-04 14:45:00,NSW1,38.0697,7402.78,14784.73684,-2,8094.81,296.47,7744.17972,7802.8,240.14942,3832.73684,3470.68166,7381.95684
2026-01-04 14:45:00,QLD1,40.31117,6037.41,11263.13037,23,6120.79,-246.62,6362.94161,6370.19,40.104,1736.14173,1736.13037,5225.720370000001
2026-01-04 14:45:00,SA1,-68.71,696.31,3595.0169,32,279.38,-429.93,663.00028,714.47,0.0,1392.0169,197.37856,2898.7069
2026-01-04 14:45:00,TAS1,56.09085,743.8,1819.82508,3,353.73,-390.08,740.34106,743.8,91.93145,114.82508,114.82508,1076.0250800000001
2026-01-04 14:45:00,VIC1,-13.5,2294.06,11010.66962,13,3437.51,831.58,2716.38147,2654.95,46.09664,2229.80926,1317.50728,8716.609620000001
2026-01-04 14:50:00,NSW1,56.98005,7369.27,14431.77872,-6,7920.53,176.27,7731.10682,7743.65,234.69444,3479.77872,3208.75227,7062.50872
2026-01-04 14:50:00,QLD1,58.99358,6127.19,11183.46895,30,6110.08,-102.11,6460.54667,6212.96,40.339,1656.46895,1656.46895,5056.278950000001
2026-01-04 14:50:00,SA1,-41.97,762.74,3600.34212,43,374.44,-401.35,727.6735,780.83,0.0,1397.34212,292.44122,2837.6021199999996
2026-01-04 14:50:00,TAS1,48.78322,745.03,1819.29153,3,353.19,-391.84,742.04358,745.03,87.78984,114.29153,114.29153,1074.26153
2026-01-04 14:50:00,VIC1,-20.29,2293.52,11044.05412,12,3398.63,771.26,2576.40612,2674.4,43.41948,2263.19376,1278.62727,8750.53412
2026-01-04 14:55:00,NSW1,62.9353,7456.85,13921.55916,-4,7676.11,200.26,7764.04228,7474.36,208.41199,3204.55916,2882.02307,6464.70916
2026-01-04 14:55:00,QLD1,64.95,6254.53,11011.55376,45,6178.41,-100.12,6278.65109,6279.32,39.378,1470.57691,1470.55376,4757.023760000001
2026-01-04 14:55:00,SA1,-68.71,681.49,3648.71794,49,385.71,-409.78,640.74593,800.28,0.0,1445.71794,303.7141,2967.2279399999998
2026-01-04 14:55:00,TAS1,48.83754,751.61,1832.48476,4,366.48,-385.13,748.19153,751.61,88.85968,127.48476,127.48476,1080.8747600000002
2026-01-04 14:55:00,VIC1,-20.29,2372.1,11053.47545,16,3423.73,741.96,2630.19218,2724.87,41.29248,2271.61509,1303.73125,8681.37545
2026-01-04 15:00:00,NSW1,62.92116,7624.47,14267.30569,7,7889.49,174.8,7718.66455,7712.16,174.77916,3580.30569,3105.01695,6642.835689999999
2026-01-04 15:00:00,QLD1,64.95,6295.69,11050.54771,49,6244.24,-69.45,6281.24759,6314.21,40.257,1506.54771,1506.54771,4754.857710000001
2026-01-04 15:00:00,SA1,-200.0,598.89,3719.16999,42,345.03,-417.86,678.02919,767.53,0.0,1516.16999,263.03248,3120.27999
2026-01-04 15:00:00,TAS1,48.78322,757.28,1828.12802,3,362.03,-395.25,751.9613,757.28,90.78135,123.12802,123.12802,1070.8480200000001
2026-01-04 15:00:00,VIC1,-20.29,2377.17,11046.68095,20,3375.78,752.48,2704.32909,2665.38,44.44906,2264.82059,1255.77746,8669.51095
2026-01-04 15:05:00,NSW1,61.82626,7702.29,14404.33124,27,8070.44,289.15,7731.03499,7780.83,146.11828,3717.33124,3237.3814,6702.04124
2026-01-04 15:05:00,QLD1,64.75005,6456.61,11114.4197,51,6294.17,-162.44,6406.57868,6458.39,40.328,1475.4197,1475.4197,4657.809700000001
2026-01-04 15:05:00,SA1,-190.01,585.16,3648.42681,31,310.94,-422.22,725.83191,737.94,0.0,1444.42681,228.93807,3063.26681
2026-01-04 15:05:00,TAS1,48.72322,768.45,1837.15126,4,371.05,-397.4,762.15796,768.45,86.83217,132.15126,132.15126,1068.70126
2026-01-04 15:05:00,VIC1,-20.29,2420.2,11073.38555,27,3400.78,741.3,2667.96128,2701.78,42.66852,2289.52519,1280.78419,8653.185550000002
2026-01-04 15:10:00,NSW1,62.92657,7954.0,14290.86144,51,8125.3,92.29,7945.05633,8031.75,157.17246,3604.14144,3291.05456,6336.861440000001
2026-01-04 15:10:00,QLD1,64.75005,6441.47,11209.553,56,6415.06,-40.42,6354.16817,6455.76,38.776,1570.56266,1570.553,4768.083
2026-01-04 15:10:00,SA1,-190.01,646.23,3717.32125,21,333.39,-440.84,798.5822,779.5,0.0,1513.32125,250.39211,3071.09125
2026-01-04 15:10:00,TAS1,55.51525,775.55,1828.17939,4,362.08,-413.47,770.51416,775.55,84.10395,123.17939,123.17939,1052.62939
2026-01-04 15:10:00,VIC1,-14.0,2460.79,11082.49602,32,3479.5,857.72,2663.35715,2672.77,41.56393,2307.63566,1359.50205,8621.706020000001
2026-01-04 15:15:00,NSW1,74.11958,7935.29,14344.48314,70,8097.11,84.81,7964.72773,8007.66,189.58651,3657.76314,3247.71052,6409.19314
2026-01-04 15:15:00,QLD1,75.48,6510.53,11217.66554,55,6539.15,28.61,6493.4724,6510.31,38.001,1578.71495,1578.66554,4707.13554
2026-01-04 15:15:00,SA1,-247.90282,571.98,3762.04253,21,300.9,-367.08,709.35531,672.44,0.0,1558.04253,218.901,3190.06253
2026-01-04 15:15:00,TAS1,48.7289,776.28,1836.0653,5,369.97,-406.31,773.20392,776.28,86.31506,131.0653,131.0653,1059.7853
2026-01-04 15:15:00,VIC1,-20.29,2480.61,11132.33336,36,3398.7,701.73,2670.4704,2739.14,41.9312,2360.473,1278.70417,8651.72336
2026-01-04 15:20:00,NSW1,64.18508,7991.91,14073.19924,94,8069.41,16.51,7935.51635,8049.76,194.2422,3386.47924,3199.16361,6081.28924
2026-01-04 15:20:00,QLD1,64.95,6535.69,11245.00834,61,6581.12,45.43,6448.3785,6535.38,38.771,1605.02802,1605.00834,4709.318340000001
2026-01-04 15:20:00,SA1,-246.09588,509.56,3686.15229,14,291.2,-312.37,603.90924,607.71,0.0,1482.15229,209.1972,3176.59229
2026-01-04 15:20:00,TAS1,49.05258,779.52,1833.67427,5,367.57,-411.94,777.07831,779.52,85.74121,128.67427,128.67427,1054.15427
2026-01-04 15:20:00,VIC1,-19.99,2539.33,11114.83185,39,3378.02,707.69,2735.878,2714.96,43.93851,2360.97149,1258.022,8575.50185
2026-01-04 15:25:00,NSW1,57.08,7904.22,14395.22412,91,8263.95,194.8,7915.10018,8077.9,200.599,3708.22412,3386.19906,6491.0041200000005
2026-01-04 15:25:00,QLD1,60.68719,6578.76,11239.87127,62,6418.88,-229.88,6598.84611,6651.95,40.214,1598.90424,1598.87127,4661.111269999999
2026-01-04 15:25:00,SA1,-235.07441,394.29,3684.22672,1,288.0,-198.3,523.45726,490.48,0.0,1480.22672,205.9971,3289.93672
2026-01-04 15:25:00,TAS1,59.95555,781.52,1827.34399,5,361.24,-420.28,779.54999,781.52,88.94337,122.34399,122.34399,1045.82399
2026-01-04 15:25:00,VIC1,-9.86,2605.53,11118.71157,41,3436.44,724.11,2832.60918,2766.65,47.1244,2367.85121,1316.43529,8513.181569999999
2026-01-04 15:30:00,NSW1,57.08,7859.11,14354.98271,86,8424.05,450.53,7955.73478,7979.73,215.06907,3668.26171,3540.12771,6495.872710000001
2026-01-04 15:30:00,QLD1,61.73,6592.12,11173.87705,59,6297.03,-316.79,6667.19671,6619.03,42.627,1532.87705,1532.87705,4581.757049999999
2026-01-04 15:30:00,SA1,-243.74977,362.38,3717.8523,-14,282.5,-203.87,491.87776,490.56,0.0,1513.8523,200.5024,3355.4723
2026-01-04 15:30:00,TAS1,83.43,779.55,1822.16327,5,358.01,-421.53,778.05896,779.55,86.60003,117.16327,117.16327,1042.61327
2026-01-04 15:30:00,VIC1,-20.29,2628.28,11213.99584,45,3404.66,548.61,2781.46767,2897.38,59.99183,2439.16328,1284.66072,8585.715839999999
2026-01-04 15:35:00,NSW1,57.08,7860.77,14309.53322,77,8244.77,191.24,7854.56385,8064.92,190.93634,3622.81322,3316.80989,6448.763219999999
2026-01-04 15:35:00,QLD1,60.96252,6515.7,11402.16096,57,6356.69,-259.01,6479.02869,6619.4,46.374,1649.16096,1649.16096,4886.460959999999
2026-01-04 15:35:00,SA1,-233.64003,405.36,3631.50102,-20,262.13,-253.23,549.99927,519.49,0.0,1422.50102,180.133,3226.14102
2026-01-04 15:35:00,TAS1,62.66237,782.32,1838.85929,5,372.76,-409.56,783.19183,782.32,89.23101,133.85929,133.85929,1056.5392900000002
2026-01-04 15:35:00,VIC1,-7.32,2702.98,11199.22181,45,3569.36,806.37,2887.46646,2819.59,50.10569,2420.38461,1449.35762,8496.24181
2026-01-04 15:40:00,NSW1,57.08,7783.18,14073.40759,66,8066.41,140.54,7912.65776,7926.58,187.1006,3386.68759,3111.08828,6290.22759
2026-01-04 15:40:00,QLD1,59.48489,6471.65,11488.07962,43,6442.0,-103.66,6553.79665,6546.63,43.427,1735.07962,1735.07962,5016.429620000001
2026-01-04 15:40:00,SA1,-187.65,462.11,3654.98786,-10,330.98,-223.52,588.12396,558.74,0.0,1445.98786,248.9799,3192.87786
2026-01-04 15:40:00,TAS1,82.43,793.2,1830.33503,5,372.11,-421.09,788.93799,793.2,91.16551,125.33503,125.33503,1037.13503
2026-01-04 15:40:00,VIC1,-14.67,2703.9,11247.94641,45,3453.67,662.19,2797.60464,2840.02,58.83306,2467.14279,1333.67436,8544.04641
2026-01-04 15:45:00,NSW1,57.06014,7634.33,14230.35662,49,8007.15,51.81,7776.19982,7955.63,196.53539,3543.63662,3066.13071,6596.026620000001
2026-01-04 15:45:00,QLD1,58.70804,6469.13,11540.38727,30,6497.15,-41.98,6571.86454,6539.43,43.804,1790.38727,1790.38727,5071.257269999999
2026-01-04 15:45:00,SA1,-190.01,528.9,3651.20393,5,367.28,-231.61,639.85712,603.22,0.0,1442.20393,285.28343,3122.30393
2026-01-04 15:45:00,TAS1,85.1,796.87,1839.02916,6,426.48,-370.4,791.36035,796.87,95.4122,134.02916,134.02916,1042.1591600000002
2026-01-04 15:45:00,VIC1,-10.84,2777.84,11330.28235,44,3512.22,644.38,2919.46934,2915.13,55.73839,2548.55599,1392.21896,8552.44235
2026-01-04 15:50:00,NSW1,59.81516,7674.99,14125.92424,29,8007.19,311.2,7857.03713,7689.31,192.86491,3438.92424,3001.01288,6450.9342400000005
2026-01-04 15:50:00,QLD1,61.72997,6557.0,11575.62622,32,6532.8,-61.61,6587.35699,6594.92,46.438,1825.657,1825.62622,5018.62622
2026-01-04 15:50:00,SA1,-190.01,540.67,3658.47773,20,391.44,-153.23,586.20348,549.43,0.0,1449.47773,307.43909,3117.80773
2026-01-04 15:50:00,TAS1,34.33018,800.64,1841.80951,6,391.07,-409.57,794.10779,800.64,94.67881,136.80951,136.80951,1041.1695100000002
2026-01-04 15:50:00,VIC1,-33.58,2824.83,11362.1776,44,3469.78,349.95,2906.29152,3157.98,62.96605,2577.98714,1349.78382,8537.347600000001
2026-01-04 15:55:00,NSW1,57.08,7453.5,14095.85292,19,8160.3,436.79,7486.59794,7734.14,191.19636,3408.85292,3130.69874,6642.352919999999
2026-01-04 15:55:00,QLD1,61.86319,6771.43,11465.83963,33,6422.87,-348.56,6790.93327,6777.61,49.387,1714.87311,1714.83963,4694.40963
2026-01-04 15:55:00,SA1,-80.0,557.61,3757.17596,23,507.43,-66.18,542.69457,579.28,0.0,1548.17596,421.43054,3199.56596
2026-01-04 15:55:00,TAS1,54.03109,814.86,1838.65752,6,407.56,-407.31,808.93231,814.86,97.34232,133.65752,133.65752,1023.79752
2026-01-04 15:55:00,VIC1,-15.32,2878.8,11456.80996,47,3501.26,460.83,3144.40842,3093.52,56.22892,2669.6913,1381.2553,8578.00996
2026-01-04 16:00:00,NSW1,57.08,7474.39,13619.30072,9,7931.93,342.18,7639.82684,7608.87,183.09324,2932.30072,2902.69316,6144.910719999999
2026-01-04 16:00:00,QLD1,62.71315,6869.67,11514.32814,50,6477.6,-392.07,6842.36317,6877.34,43.436,1759.32975,1759.32814,4644.65814
2026-01-04 16:00:00,SA1,-35.44,550.88,3754.47186,25,543.04,-13.84,545.12342,563.04,0.0,1545.47186,449.52408,3203.59186
2026-01-04 16:00:00,TAS1,68.08,825.65,1835.35748,6,405.68,-419.98,818.64288,825.65,99.50255,130.35748,130.35748,1009.7074799999999
2026-01-04 16:00:00,VIC1,-14.0,2855.63,11470.60021,50,3518.45,582.82,2998.8647,3001.79,53.21651,2683.01745,1398.44711,8614.97021
2026-01-04 16:05:00,NSW1,57.06014,7299.52,14090.36985,7,7858.25,171.06,7487.55554,7686.93,187.02054,3353.36985,2916.48911,6790.849849999999
2026-01-04 16:05:00,QLD1,59.47648,6957.3,12388.41491,63,6861.69,-95.61,6988.75249,6958.35,39.939,2022.43479,2022.41491,5431.114909999999
2026-01-04 16:05:00,SA1,-41.97,550.59,3768.78025,23,536.08,-21.27,564.88023,563.13,0.0,1561.78025,446.07643,3218.1902499999997
2026-01-04 16:05:00,TAS1,48.58259,834.03,1822.39517,7,427.3,-406.74,826.09961,834.03,98.21389,117.39517,117.39517,988.36517
2026-01-04 16:05:00,VIC1,-20.37,2873.36,11475.62944,51,3501.52,411.23,3033.48477,3142.4,66.12733,2682.65984,1331.76629,8602.26944
2026-01-04 16:10:00,NSW1,57.08,7490.19,13979.52618,4,7908.27,174.69,7774.17964,7739.07,214.76827,3242.52618,2895.23656,6489.336180000001
2026-01-04 16:10:00,QLD1,60.63794,6997.81,12344.85807,69,6891.35,-176.46,6952.38568,7070.25,36.772,1948.85807,1948.85807,5347.04807
2026-01-04 16:10:00,SA1,-35.61,533.62,3846.76098,28,551.12,-13.49,508.72149,571.12,0.0,1637.76098,445.30238,3313.14098
2026-01-04 16:10:00,TAS1,48.7289,848.9,1829.9712,8,434.87,-414.03,837.20856,848.9,95.25603,124.9712,124.9712,981.0712
2026-01-04 16:10:00,VIC1,-20.29,2911.01,11523.06713,51,3554.39,506.86,3133.59305,3110.68,70.16816,2736.67165,1364.39287,8612.05713
2026-01-04 16:15:00,NSW1,57.08,7517.66,13835.58427,20,7888.9,210.28,7706.68596,7687.73,250.93305,3098.58427,2849.21899,6317.9242699999995
2026-01-04 16:15:00,QLD1,61.09164,7100.51,12284.21794,69,6911.15,-232.37,7107.3096,7147.22,37.468,1875.21794,1875.21794,5183.70794
2026-01-04 16:15:00,SA1,-20.0,547.16,3808.01948,26,590.95,-13.2,556.64818,610.95,0.0,1599.01948,484.95431,3260.85948
2026-01-04 16:15:00,TAS1,48.93906,853.96,1832.53661,8,437.34,-416.62,844.17078,853.96,100.66502,127.53661,127.53661,978.5766100000001
2026-01-04 16:15:00,VIC1,-19.99,3006.89,11598.10963,52,3590.76,538.87,3116.15511,3119.24,73.64898,2815.86785,1400.76205,8591.219630000001
2026-01-04 16:20:00,NSW1,60.13298,7752.28,13728.98662,28,7884.65,114.37,7848.27111,7785.32,231.53622,2991.98662,2752.56087,5976.70662
2026-01-04 16:20:00,QLD1,64.75005,7166.29,12157.81019,71,6917.92,-248.36,7135.34408,7170.51,36.832,1732.81019,1732.81019,4991.52019
2026-01-04 16:20:00,SA1,-11.66,583.99,3787.09542,24,633.77,-13.22,614.52001,653.77,0.0,1578.09542,527.76563,3203.10542
2026-01-04 16:20:00,TAS1,55.41777,853.44,1830.24851,7,435.15,-418.29,845.30621,853.44,100.77815,125.24851,125.24851,976.8085099999998
2026-01-04 16:20:00,VIC1,-14.0,3053.71,11539.67014,53,3777.13,668.41,3112.096,3185.57,67.6121,2754.5766,1535.25101,8485.96014
2026-01-04 16:25:00,NSW1,93.66618,7803.95,13764.75444,47,7910.15,89.2,7769.82443,7826.07,217.23585,3027.75444,2640.74732,5960.804440000001
2026-01-04 16:25:00,QLD1,98.71,7210.26,12066.79031,77,7084.56,-125.69,7121.33296,7211.94,36.094,1641.79031,1641.79031,4856.53031
2026-01-04 16:25:00,SA1,-9.49996,633.05,3799.56372,22,639.61,-13.45,671.52983,659.61,0.0,1590.56372,544.60814,3166.51372
2026-01-04 16:25:00,TAS1,70.08,855.48,1827.95402,7,434.01,-421.47,848.78766,855.48,104.59371,122.95402,122.95402,972.4740199999999
2026-01-04 16:25:00,VIC1,-14.04,3108.06,11594.02523,56,3715.53,551.46,3196.34672,3230.76,70.88735,2805.08539,1486.39626,8485.96523
2026-01-04 16:30:00,NSW1,95.6481,7825.24,13637.57451,64,7826.37,-12.87,7735.29696,7839.15,223.96521,2900.57451,2524.19645,5812.334510000001
2026-01-04 16:30:00,QLD1,98.71,7260.6,11956.44753,76,7266.72,6.12,7153.73847,7260.46,38.506,1530.44753,1530.44753,4695.847529999999
2026-01-04 16:30:00,SA1,-8.0,669.96,3821.73144,18,714.08,-25.88,665.50197,746.67,0.0,1612.73144,619.08153,3151.77144
2026-01-04 16:30:00,TAS1,70.08,865.43,1827.24221,6,445.33,-420.1,860.33026,865.43,99.28705,122.24221,122.24221,961.8122099999999
2026-01-04 16:30:00,VIC1,-15.64,3198.92,11618.39488,59,3760.76,524.83,3279.84579,3301.55,75.35338,2829.02916,1538.74295,8419.47488
2026-01-04 16:35:00,NSW1,59.43226,7748.48,13908.10931,65,7944.78,192.3,7717.45749,7763.08,230.8484,2986.10931,2638.74027,6159.62931
2026-01-04 16:35:00,QLD1,63.83022,7267.43,12044.61588,67,7030.58,-236.85,7243.50308,7271.49,48.332,1603.61588,1603.61588,4777.185879999999
2026-01-04 16:35:00,SA1,-9.49996,725.39,3789.59034,23,674.98,-57.41,793.56436,738.43,0.0,1580.59034,592.97642,3064.2003400000003
2026-01-04 16:35:00,TAS1,70.08,882.26,1817.18568,6,461.21,-421.05,876.83337,882.26,100.45269,112.18568,112.18568,934.92568
2026-01-04 16:35:00,VIC1,-14.04,3278.26,11721.11839,61,3906.4,609.15,3361.19982,3362.7,83.76599,2929.90091,1598.90155,8442.85839
2026-01-04 16:40:00,NSW1,60.50363,7795.71,13734.68269,57,7966.7,170.99,7712.70351,7804.84,210.37311,2812.68269,2568.23381,5938.97269
2026-01-04 16:40:00,QLD1,64.75005,7457.3,12267.74599,57,7248.97,-208.33,7377.15301,7460.84,46.695,1684.74659,1684.74599,4810.445989999999
2026-01-04 16:40:00,SA1,-8.5,747.45,3942.76053,26,723.2,-36.25,730.87964,765.79,0.0,1733.76053,641.20434,3195.3105299999997
2026-01-04 16:40:00,TAS1,48.99258,895.87,1816.64658,6,490.55,-405.33,887.2749,895.87,97.02055,111.64658,111.64658,920.7765800000001
2026-01-04 16:40:00,VIC1,-19.99,3348.97,11746.38185,64,3927.89,562.93,3392.0092,3429.97,104.57572,2965.31807,1613.5819,8397.41185
2026-01-04 16:45:00,NSW1,57.08,7859.35,13760.91524,53,8043.14,165.89,7820.00921,7890.58,156.41062,2838.91524,2615.92232,5901.56524
2026-01-04 16:45:00,QLD1,61.82915,7401.5,12103.33052,49,7150.41,-251.09,7366.68765,7406.11,39.151,1733.33799,1733.33052,4701.8305199999995
2026-01-04 16:45:00,SA1,-8.5,756.42,3894.44698,30,746.14,-13.28,749.21009,766.14,0.0,1685.44698,664.13891,3138.02698
2026-01-04 16:45:00,TAS1,63.52982,904.0,1811.41869,5,485.32,-418.68,889.38391,904.0,104.03217,106.41869,106.41869,907.41869
2026-01-04 16:45:00,VIC1,-6.49987,3426.25,11796.25286,66,4130.89,613.65,3460.25188,3589.08,99.62889,3018.33732,1897.14481,8370.00286
2026-01-04 16:50:00,NSW1,80.02,7923.03,13796.17536,55,8054.4,115.36,7866.51428,7955.89,143.12581,2874.17536,2589.8251,5873.1453599999995
2026-01-04 16:50:00,QLD1,86.72716,7448.24,11883.24697,46,7183.92,-264.32,7389.137,7453.24,38.224,1513.24699,1513.24697,4435.00697
2026-01-04 16:50:00,SA1,-8.5,777.5,3954.13346,31,770.05,-16.46,742.77311,790.05,0.0,1745.13346,688.0461,3176.63346
2026-01-04 16:50:00,TAS1,70.08,909.97,1811.01498,5,488.35,-421.62,896.62744,909.97,102.66824,106.01498,106.01498,901.0449799999999
2026-01-04 16:50:00,VIC1,-7.3,3423.55,11672.89461,69,4201.56,666.22,3522.3899,3589.12,122.27435,2891.55865,1868.2488,8249.34461
2026-01-04 16:55:00,NSW1,78.62508,7935.21,13762.43469,46,8105.44,170.23,7891.53147,7946.64,110.93048,2840.43469,2629.20721,5827.22469
2026-01-04 16:55:00,QLD1,84.81,7527.9,11918.58857,50,7297.3,-230.6,7463.84147,7532.12,42.264,1398.58859,1398.58857,4390.68857
2026-01-04 16:55:00,SA1,-7.01,811.74,3943.29302,34,877.47,-13.28,776.51123,897.47,0.0,1734.29302,795.46758,3131.5530200000003
2026-01-04 16:55:00,TAS1,61.96089,914.12,1822.18324,4,513.08,-401.04,904.57068,914.12,104.47732,117.18324,117.18324,908.0632400000001
2026-01-04 16:55:00,VIC1,-7.99,3548.17,11730.54587,67,4207.74,565.57,3635.42053,3710.68,125.29572,2948.35815,1872.00007,8182.37587
2026-01-04 17:00:00,NSW1,57.12937,7919.87,13838.88198,39,8205.7,284.83,7909.73492,7958.94,108.7697,2916.88198,2773.06153,5919.01198
2026-01-04 17:00:00,QLD1,64.95,7556.14,11814.7279,52,7057.7,-498.44,7524.74738,7569.42,34.834,1431.73305,1431.7279,4258.5878999999995
2026-01-04 17:00:00,SA1,-7.01,830.66,3919.62498,32,863.98,-40.68,891.16405,910.79,0.0,1713.62498,781.97856,3088.96498
2026-01-04 17:00:00,TAS1,62.7035,912.69,1819.68284,5,510.58,-402.11,906.52271,912.69,109.31732,114.68284,114.68284,906.9928399999999
2026-01-04 17:00:00,VIC1,-7.3,3579.23,11868.95373,66,4389.77,793.54,3698.90985,3675.89,130.19545,3081.34013,2025.23546,8289.72373
2026-01-04 17:05:00,NSW1,57.08,7962.04,13957.91051,31,8250.51,226.89,7979.12663,8041.92,119.7689,3035.91051,2813.97963,5995.87051
2026-01-04 17:05:00,QLD1,62.74437,7548.16,11887.98754,54,7228.62,-319.53,7526.01289,7554.96,38.15,1486.99736,1486.98754,4339.82754
2026-01-04 17:05:00,SA1,-19.65663,856.23,3762.10825,35,716.17,-159.07,911.50995,880.49,0.0,1752.10825,659.16595,2905.87825
2026-01-04 17:05:00,TAS1,62.75731,930.9,1825.08131,5,533.88,-397.02,922.7063,930.9,101.99838,120.08131,120.08131,894.18131
2026-01-04 17:05:00,VIC1,-7.25,3647.98,11913.18593,65,4399.93,742.95,3702.34907,3720.85,141.98374,3122.72603,2095.17981,8265.20593
2026-01-04 17:10:00,NSW1,57.08,8002.66,14120.72652,26,8406.46,387.8,8067.52884,8041.82,123.14497,3198.72652,3009.36982,6118.06652
2026-01-04 17:10:00,QLD1,63.53362,7579.56,11877.50319,49,7166.88,-412.68,7560.41623,7589.59,40.134,1337.51899,1337.50319,4297.943189999999
2026-01-04 17:10:00,SA1,-20.0,752.65,3651.13764,32,611.97,-142.68,754.23345,760.19,0.0,1640.13764,569.96986,2898.48764
2026-01-04 17:10:00,TAS1,62.68395,934.47,1821.60639,5,530.31,-404.16,928.63257,934.47,99.59519,116.60639,116.60639,887.1363899999999
2026-01-04 17:10:00,VIC1,-7.3,3698.43,11970.08855,67,4378.18,672.75,3740.32771,3767.73,135.30337,3166.70045,2064.43285,8271.65855
2026-01-04 17:15:00,NSW1,56.05024,8051.91,14134.65838,28,8523.15,197.6,8025.36526,8347.48,108.62557,3212.65838,3108.58275,6082.748380000001
2026-01-04 17:15:00,QLD1,64.95,7593.36,11816.1122,47,7252.04,-341.32,7549.16499,7600.94,33.466,1276.1122,1276.1122,4222.7522
2026-01-04 17:15:00,SA1,-70.09,868.32,3671.96654,24,591.15,-304.91,864.43866,901.12,0.0,1666.96654,549.14633,2803.6465399999997
2026-01-04 17:15:00,TAS1,63.56448,934.3,1825.57847,5,534.48,-399.82,928.8775,934.3,103.68843,120.57847,120.57847,891.27847
2026-01-04 17:15:00,VIC1,-6.5,3787.71,11990.36636,63,4741.36,950.65,3810.12551,3858.34,137.1702,3186.51962,2398.39076,8202.65636
2026-01-04 17:20:00,NSW1,56.82205,8134.35,14103.41585,31,8537.25,342.91,8296.1007,8220.66,109.26072,3181.41585,3092.91734,5969.065849999999
2026-01-04 17:20:00,QLD1,64.95,7657.15,11734.48377,46,7232.52,-424.63,7599.12317,7667.77,34.102,1188.50284,1188.48377,4077.333770000001
2026-01-04 17:20:00,SA1,-129.0,887.61,3680.3281,28,671.6,-268.59,905.63808,945.28,0.0,1675.3281,629.60051,2792.7181
2026-01-04 17:20:00,TAS1,62.7035,935.52,1827.22239,4,536.12,-399.4,929.88098,935.52,101.08338,122.22239,122.22239,891.7023899999999
2026-01-04 17:20:00,VIC1,-7.3,3888.52,12114.77101,60,4749.07,855.55,3906.72208,3957.33,142.3735,3309.99607,2361.09658,8226.25101
2026-01-04 17:25:00,NSW1,57.039,7993.6,14106.27498,40,8595.9,215.84,8040.06865,8403.76,111.21523,3184.27498,3113.33045,6112.67498
2026-01-04 17:25:00,QLD1,79.99,7745.4,11657.84135,41,7386.67,-358.73,7697.62715,7753.78,40.101,1106.86042,1106.84135,3912.441350000001
2026-01-04 17:25:00,SA1,-20.0,837.49,3585.15248,28,604.68,-237.81,869.155,847.93,0.0,1580.15248,562.67839,2747.66248
2026-01-04 17:25:00,TAS1,63.00763,936.88,1821.40864,3,530.21,-406.67,933.26941,936.88,95.74042,116.40864,116.40864,884.5286400000001
2026-01-04 17:25:00,VIC1,-7.0,3985.5,12095.94742,61,4892.75,896.25,3998.53459,4067.86,140.89981,3287.24428,2492.7488,8110.44742
2026-01-04 17:30:00,NSW1,57.08,8115.36,13948.4558,34,8594.95,294.07,8362.68813,8321.67,136.72142,3026.4558,3026.4558,5833.0958
2026-01-04 17:30:00,QLD1,84.81,7806.03,11718.1059,40,7447.0,-359.03,7744.42646,7814.56,34.809,1052.13285,1052.1059,3912.0759000000007
2026-01-04 17:30:00,SA1,-8.0,970.92,3664.99943,27,929.61,-46.31,963.11616,982.68,0.0,1659.99943,887.61213,2694.07943
2026-01-04 17:30:00,TAS1,61.9395,939.81,1815.76654,3,524.57,-415.24,936.39093,939.81,96.95207,110.76654,110.76654,875.9565400000001
2026-01-04 17:30:00,VIC1,-7.99,3996.83,12116.52665,62,4648.18,634.35,4027.40685,4085.58,136.34463,3304.25441,2263.87515,8119.69665
2026-01-04 17:35:00,NSW1,35.99957,8007.0,14055.62699,29,8529.32,244.3,8251.97478,8312.37,182.50796,3082.62699,3082.59,6048.626990000001
2026-01-04 17:35:00,QLD1,78.83016,7782.62,11673.14773,39,7381.42,-401.2,7779.48986,7792.64,37.372,1004.14773,1004.14773,3890.5277300000007
2026-01-04 17:35:00,SA1,-42.78462,996.16,3900.39105,32,774.48,-297.68,987.86159,1077.53,0.0,1706.39105,714.48273,2904.2310500000003
2026-01-04 17:35:00,TAS1,63.43919,948.89,1816.96205,3,544.86,-404.03,947.73901,948.89,94.36751,111.96205,111.96205,868.0720500000001
2026-01-04 17:35:00,VIC1,-6.6,4051.5,12171.89925,62,5059.66,972.16,4123.01541,4158.32,150.06106,3355.80927,2659.65794,8120.39925
2026-01-04 17:40:00,NSW1,1.00628,8040.82,14251.29838,20,8563.1,46.31,8263.98189,8538.73,224.64107,3278.29838,3218.10125,6210.4783800000005
2026-01-04 17:40:00,QLD1,88.95002,7855.25,11696.44107,34,7570.24,-285.01,7783.71162,7861.39,38.523,1026.44107,1026.44107,3841.1910700000008
2026-01-04 17:40:00,SA1,-20.0,997.76,3819.34009,32,814.5,-192.27,1047.92054,1012.77,0.0,1625.34009,754.49607,2821.5800900000004
2026-01-04 17:40:00,TAS1,62.71849,953.82,1806.09676,3,533.9,-419.93,945.22736,953.82,99.66751,101.09676,101.09676,852.2767599999999
2026-01-04 17:40:00,VIC1,-7.25,4085.29,12221.98459,60,5090.23,966.94,4116.18609,4205.24,145.56355,3407.50695,2690.22644,8136.69459
2026-01-04 17:45:00,NSW1,5.02798,8122.91,14169.17287,21,8560.88,28.52,8515.6032,8549.56,250.93224,3196.17287,3161.65886,6046.2628700000005
2026-01-04 17:45:00,QLD1,104.32,7891.71,11600.21388,33,7657.93,-233.78,7814.90107,7896.46,42.115,930.27038,930.21388,3708.5038799999993
2026-01-04 17:45:00,SA1,-56.91307,1051.47,3754.14715,31,776.61,-302.86,1027.70484,1085.14,0.0,1560.14715,716.60805,2702.6771499999995
2026-01-04 17:45:00,TAS1,70.08,963.76,1809.18568,3,541.74,-422.02,949.02429,963.76,102.83025,104.18568,104.18568,845.42568
2026-01-04 17:45:00,VIC1,-5.73,4218.74,12185.65627,60,5331.14,1034.4,4255.16982,4373.37,173.4734,3370.79097,2934.23326,7966.91627
2026-01-04 17:50:00,NSW1,10.43824,8136.16,14118.38114,19,8424.16,-97.25,8499.88245,8545.33,254.47366,3145.38114,3145.38114,5982.22114
2026-01-04 17:50:00,QLD1,93.0,7959.44,11596.05762,26,7713.6,-245.84,7886.54902,7964.6,37.019,846.09231,846.05762,3636.61762
2026-01-04 17:50:00,SA1,-7.01,1079.23,3803.50491,31,1241.15,153.92,1073.72596,1097.36,0.0,1609.50491,1181.15225,2724.27491
2026-01-04 17:50:00,TAS1,62.71849,970.21,1808.7988,3,553.7,-416.52,951.18958,970.21,102.46187,103.7988,103.7988,838.5888
2026-01-04 17:50:00,VIC1,-7.25,4187.78,12004.23983,55,4965.9,753.12,4249.909,4321.01,198.73637,3187.60467,2585.89892,7816.459830000001
2026-01-04 17:55:00,NSW1,45.24062,8170.51,13943.82516,17,8211.89,-104.61,8511.43644,8352.79,252.60993,2970.82516,2928.99905,5773.31516
2026-01-04 17:55:00,QLD1,71.91,7973.67,11577.82141,30,7626.24,-347.44,7895.73164,7982.05,38.901,770.82149,770.82141,3604.1514100000004
2026-01-04 17:55:00,SA1,-11.66,1125.5,3735.20547,31,919.25,-215.26,1106.04456,1140.16,0.0,1541.20547,859.2451,2609.70547
2026-01-04 17:55:00,TAS1,70.56035,975.29,1810.2835,3,555.18,-420.11,957.25891,975.29,101.20146,105.2835,105.2835,834.9935
2026-01-04 17:55:00,VIC1,0.00032,4275.72,12113.91948,52,5529.52,1235.8,4322.10619,4391.79,207.1947,3297.28432,3149.51866,7838.19948
2026-01-04 18:00:00,NSW1,45.01,8085.43,13912.72039,15,8189.95,-22.48,8285.75731,8245.58,241.07121,2939.72039,2919.68788,5827.29039
2026-01-04 18:00:00,QLD1,93.0,7957.42,11532.10554,29,7601.42,-356.0,7939.60632,7966.15,34.823,701.11002,701.10554,3574.6855400000004
2026-01-04 18:00:00,SA1,-6.54016,1126.75,3726.96943,33,1228.22,39.47,1119.00074,1196.34,0.0,1532.96943,1168.21846,2600.21943
2026-01-04 18:00:00,TAS1,84.43,983.52,1813.98623,3,562.85,-420.67,970.21033,983.52,93.56655,108.98623,108.98623,830.46623
2026-01-04 18:00:00,VIC1,-2.7,4289.75,12052.40603,50,5239.61,907.86,4362.69201,4430.46,209.10978,3234.77087,2859.61023,7762.65603
2026-01-04 18:05:00,NSW1,47.58726,8142.86,13798.49629,11,8108.26,-199.6,8262.92551,8349.48,223.74363,2820.49629,2820.49629,5655.6362899999995
2026-01-04 18:05:00,QLD1,79.98,7944.2,11515.37174,26,7594.35,-349.85,7893.67305,7952.64,35.781,677.37622,677.37174,3571.1717400000007
2026-01-04 18:05:00,SA1,-6.53843,1139.73,3684.28753,32,1215.63,71.9,1164.15351,1151.76,0.0,1486.28753,1155.63458,2544.55753
2026-01-04 18:05:00,TAS1,67.69971,988.77,1804.52367,3,569.42,-419.35,976.89807,988.77,92.9717,99.52367,99.52367,815.75367
2026-01-04 18:05:00,VIC1,-2.7,4363.88,11991.57111,51,5454.85,1072.98,4425.43599,4499.87,202.35015,3169.54829,3011.8516,7627.691110000001
2026-01-04 18:10:00,NSW1,49.55619,8181.28,13586.31662,11,7925.89,-351.59,8292.43844,8325.09,214.65523,2608.31662,2563.63425,5405.03662
2026-01-04 18:10:00,QLD1,78.83016,7819.16,11516.25297,19,7486.75,-332.42,7795.00983,7826.86,34.467,677.25745,677.25297,3697.0929699999997
2026-01-04 18:10:00,SA1,-7.83,1200.12,3705.57592,25,1160.28,-50.84,1172.60244,1217.29,0.0,1507.57592,1100.28349,2505.4559200000003
2026-01-04 18:10:00,TAS1,108.68424,983.4,1806.976,3,743.28,-240.12,976.73352,983.4,93.66323,101.976,101.976,823.5760000000001
2026-01-04 18:10:00,VIC1,37.05,4384.31,11913.7604,46,5533.13,1148.82,4426.18156,4496.7,214.41152,3087.73758,2915.4047,7529.450399999999
2026-01-04 18:15:00,NSW1,49.22529,8118.04,13441.79658,6,7859.49,-298.14,8236.44355,8197.79,213.65428,2463.79658,2408.16884,5323.75658
2026-01-04 18:15:00,QLD1,79.17111,7819.52,11503.05738,10,7512.36,-307.16,7828.88935,7826.42,35.389,663.06944,663.05738,3683.5373799999998
2026-01-04 18:15:00,SA1,-6.19325,1228.03,3678.51797,28,1136.03,-101.0,1204.72644,1242.49,0.0,1480.51797,1076.02729,2450.48797
2026-01-04 18:15:00,TAS1,86.15,993.57,1791.80546,3,606.96,-386.61,982.21655,993.57,93.61365,86.80546,86.80546,798.23546
2026-01-04 18:15:00,VIC1,14.46594,4440.86,11956.36763,44,5692.01,1251.15,4486.39137,4546.58,202.87478,3127.29501,2946.54103,7515.507630000001
2026-01-04 18:20:00,NSW1,49.49001,8135.07,13312.8214,4,7707.07,-448.99,8179.60637,8203.82,206.39641,2334.8214,2263.70147,5177.751400000001
2026-01-04 18:20:00,QLD1,79.99,7855.8,11492.7393,-1,7561.8,-293.99,7870.05342,7862.33,39.345,651.75136,651.7393,3636.939299999999
2026-01-04 18:20:00,SA1,-12.64605,1241.68,3672.03043,27,1069.69,-180.99,1215.21673,1255.65,0.0,1474.03043,1009.69087,2430.3504299999995
2026-01-04 18:20:00,TAS1,93.81939,993.38,1794.83648,3,634.27,-359.12,984.04053,993.38,89.41057,89.83648,89.83648,801.4564799999999
2026-01-04 18:20:00,VIC1,12.71,4514.03,11972.78644,42,5973.97,1459.94,4542.72273,4631.62,209.21018,3137.71382,3118.02344,7458.75644
2026-01-04 18:25:00,NSW1,57.08,8127.93,13097.38108,0,7701.03,-505.9,8125.85198,8259.86,198.62153,2119.38108,2119.38108,4969.451079999999
2026-01-04 18:25:00,QLD1,79.99,7860.78,11465.80008,4,7552.21,-308.57,7858.06758,7867.75,39.299,623.83416,623.80008,3605.020080000001
2026-01-04 18:25:00,SA1,-1.94042,1272.59,3661.32601,22,1406.55,117.96,1255.51812,1294.78,0.0,1463.32601,1346.54895,2388.7360100000005
2026-01-04 18:25:00,TAS1,70.42367,998.66,1790.04752,2,605.95,-392.72,985.65759,998.66,92.53223,85.04752,85.04752,791.3875200000001
2026-01-04 18:25:00,VIC1,-2.7,4603.38,11955.56894,42,5887.52,1284.14,4611.42648,4732.2,205.25238,3118.11412,3100.89503,7352.188939999999
2026-01-04 18:30:00,NSW1,51.47545,8156.97,13041.43568,-2,7621.89,-599.08,8229.77873,8273.07,194.51388,2063.43568,2063.43568,4884.46568
2026-01-04 18:30:00,QLD1,85.58245,7906.96,11476.24287,4,7650.94,-256.02,7926.50947,7912.43,37.136,634.24287,634.24287,3569.28287
2026-01-04 18:30:00,SA1,9.1,1293.76,3649.66353,24,1472.78,152.82,1277.83064,1325.86,0.0,1451.66353,1411.78263,2355.9035299999996
2026-01-04 18:30:00,TAS1,85.1,1003.27,1797.72685,2,679.76,-323.51,988.59424,1003.27,90.52466,92.72685,92.72685,794.45685
2026-01-04 18:30:00,VIC1,8.95,4630.55,11884.2289,42,5844.89,1214.34,4656.14063,4755.64,193.26693,3046.77408,3045.2289,7253.6789
2026-01-04 18:35:00,NSW1,62.15827,8161.18,12858.214,-6,7608.06,-615.13,8223.52617,8277.77,178.46372,1872.214,1872.214,4697.034
2026-01-04 18:35:00,QLD1,79.99,7897.48,11482.65416,3,7629.25,-268.23,7915.14717,7903.28,37.94,633.70005,633.65416,3585.1741600000005
2026-01-04 18:35:00,SA1,20.05417,1314.74,3651.03741,22,1495.84,178.1,1311.69113,1324.72,0.0,1451.03741,1435.83861,2336.29741
2026-01-04 18:35:00,TAS1,88.41992,1000.49,1803.41681,1,817.32,-183.17,990.32178,1000.49,95.82222,98.41681,98.41681,802.9268099999999
2026-01-04 18:35:00,VIC1,0.01,4674.03,11843.57953,38,5758.45,1084.42,4703.09697,4802.65,200.29846,3000.12471,2980.21015,7169.549530000001
2026-01-04 18:40:00,NSW1,77.3293,8197.89,12725.92161,-5,7590.64,-669.25,8259.26798,8314.84,165.22397,1739.92161,1739.92161,4528.03161
2026-01-04 18:40:00,QLD1,84.81,7884.41,11479.98723,5,7638.24,-246.17,7899.08369,7889.55,35.511,629.98723,629.98723,3595.577230000001
2026-01-04 18:40:00,SA1,31.98694,1348.77,3582.79822,19,1443.8,92.03,1327.13026,1353.83,0.0,1382.79822,1382.79822,2234.02822
2026-01-04 18:40:00,TAS1,101.37448,1009.78,1809.0976,1,843.2,-166.57,995.08521,1009.78,92.92253,104.0976,104.0976,799.3176000000001
2026-01-04 18:40:00,VIC1,12.71,4681.34,11720.35873,37,5833.38,1152.04,4730.60287,4781.27,195.9765,2874.51625,2845.46601,7039.01873
2026-01-04 18:45:00,NSW1,67.26223,8149.39,12607.07503,-4,7562.69,-648.7,8214.96519,8267.75,143.10147,1621.07503,1621.07503,4457.68503
2026-01-04 18:45:00,QLD1,86.1,7955.58,11541.64575,-1,7683.3,-272.28,7976.23355,7961.57,33.189,690.68816,690.64575,3586.0657499999998
2026-01-04 18:45:00,SA1,35.95906,1377.98,3587.47988,17,1449.48,71.5,1362.39316,1378.34,0.0,1387.47988,1387.47988,2209.49988
2026-01-04 18:45:00,TAS1,105.24,1024.03,1807.8624,1,858.54,-165.49,1006.22852,1024.03,88.26392,102.8624,102.8624,783.8324
2026-01-04 18:45:00,VIC1,24.6921,4732.84,11617.57137,34,5898.88,1166.04,4764.9481,4821.2,191.87828,2770.72889,2735.3305,6884.7313699999995
2026-01-04 18:50:00,NSW1,66.30874,8134.68,12499.51774,-4,7574.95,-575.73,8206.56134,8202.57,127.84639,1513.51774,1513.51774,4364.837739999999
2026-01-04 18:50:00,QLD1,79.99,7934.47,11590.79925,4,7654.13,-280.34,7945.88673,7940.66,33.963,739.82349,739.79925,3656.32925
2026-01-04 18:50:00,SA1,36.92173,1372.6,3516.01488,17,1378.01,5.41,1361.43415,1373.4,0.0,1316.01488,1316.01488,2143.4148800000003
2026-01-04 18:50:00,TAS1,105.15205,1018.07,1800.09662,1,937.06,-81.01,1004.22693,1018.07,90.45575,95.09662,95.09662,782.02662
2026-01-04 18:50:00,VIC1,25.04257,4791.18,11564.33712,29,5864.05,1072.87,4804.12715,4873.5,193.43073,2715.49464,2659.78538,6773.15712
2026-01-04 18:55:00,NSW1,75.87289,8126.74,12389.11003,-5,7487.34,-654.4,8161.3282,8193.14,133.02367,1403.11003,1403.11003,4262.37003
2026-01-04 18:55:00,QLD1,82.46811,7935.31,11668.6756,4,7696.13,-239.18,7943.35193,7940.29,31.73,816.71217,816.6756,3733.3656
2026-01-04 18:55:00,SA1,36.72479,1386.15,3496.3754,16,1466.38,80.23,1379.58428,1389.42,0.0,1296.3754,1296.3754,2110.2254
2026-01-04 18:55:00,TAS1,104.63599,1027.48,1791.23693,1,928.2,-99.28,1010.46545,1027.48,91.12418,86.23693,86.23693,763.75693
2026-01-04 18:55:00,VIC1,19.56854,4790.7,11504.24374,25,5869.55,1078.85,4814.32293,4897.27,203.63692,2649.40126,2578.98126,6713.54374
2026-01-04 19:00:00,NSW1,76.66688,8112.02,12265.90956,-5,7370.83,-755.19,8152.4218,8179.56,137.01014,1279.90956,1279.90956,4153.88956
2026-01-04 19:00:00,QLD1,82.89788,7988.34,11703.36227,3,7784.76,-203.57,7988.65215,7992.39,32.577,850.36227,850.36227,3715.0222699999995
2026-01-04 19:00:00,SA1,36.98973,1412.39,3490.92691,13,1460.93,48.54,1402.15378,1415.45,0.0,1290.92691,1290.92691,2078.53691
2026-01-04 19:00:00,TAS1,104.7037,1016.1,1793.91032,1,930.84,-85.26,1003.17535,1016.1,94.61605,88.91032,88.91032,777.8103199999999
2026-01-04 19:00:00,VIC1,19.51555,4808.55,11412.30424,23,5977.34,1168.78,4860.48658,4921.2,191.00655,2555.0741,2482.56409,6603.754239999999
2026-01-04 19:05:00,NSW1,74.28624,8066.69,12266.77224,-5,7344.1,-728.6,8128.02038,8120.46,132.21379,1196.77224,1196.77224,4200.082240000001
2026-01-04 19:05:00,QLD1,79.99,7932.57,11730.8306,1,7753.45,-179.12,7939.88349,7935.94,32.842,874.8306,874.8306,3798.2605999999996
2026-01-04 19:05:00,SA1,56.2,1415.49,3482.26469,11,1358.83,-56.67,1417.83906,1416.03,0.0,1278.26469,1278.26469,2066.77469
2026-01-04 19:05:00,TAS1,105.24,1016.37,1788.74645,1,936.37,-80.0,1005.88538,1016.37,91.80715,83.74645,83.74645,772.3764500000001
2026-01-04 19:05:00,VIC1,51.57036,4776.16,11349.48426,17,5955.73,1179.57,4875.64408,4859.68,188.56902,2479.25412,2411.73273,6573.324259999999
2026-01-04 19:10:00,NSW1,75.84853,8100.66,12215.99559,-7,7303.01,-797.65,8121.07793,8139.6,128.80884,1146.99559,1146.99559,4115.335590000001
2026-01-04 19:10:00,QLD1,79.99,7938.27,11756.89364,-3,7869.88,-68.39,7929.24824,7939.26,31.737,900.93545,900.89364,3818.62364
2026-01-04 19:10:00,SA1,58.17952,1425.18,3457.64609,11,1345.65,-79.54,1428.27543,1425.15,0.0,1253.64609,1253.64609,2032.4660900000001
2026-01-04 19:10:00,TAS1,105.24,1018.09,1782.11572,0,938.09,-80.0,1009.55835,1018.09,90.60522,77.11572,77.11572,764.02572
2026-01-04 19:10:00,VIC1,54.42,4841.53,11316.35267,15,5978.68,1137.15,4867.0788,4913.21,188.63723,2447.12253,2368.65573,6474.8226700000005
2026-01-04 19:15:00,NSW1,77.72297,8125.62,12082.72378,-7,7169.64,-965.98,8134.27838,8169.51,124.96923,1013.72378,1013.72378,3957.1037800000004
2026-01-04 19:15:00,QLD1,79.99,7913.62,11806.94472,-11,8008.03,94.41,7913.1016,7912.38,30.588,950.95371,950.94472,3893.3247199999996
2026-01-04 19:15:00,SA1,58.85667,1440.78,3437.35349,10,1356.35,-84.43,1443.87046,1440.76,0.0,1233.35349,1233.35349,1996.57349
2026-01-04 19:15:00,TAS1,105.24,1015.16,1783.04458,0,935.16,-80.0,1007.8457,1015.16,88.96168,78.04458,78.04458,767.88458
2026-01-04 19:15:00,VIC1,54.45,4886.52,11243.42454,11,6026.17,1139.65,4896.77567,4957.54,187.46685,2371.8122,2299.90608,6356.9045399999995
2026-01-04 19:20:00,NSW1,77.7395,8137.54,12045.60176,-6,7133.88,-1014.66,8172.35013,8184.88,120.31928,977.60176,977.60176,3908.0617599999996
2026-01-04 19:20:00,QLD1,79.99,7889.02,11833.75978,-12,7994.75,105.73,7897.42341,7887.69,29.242,974.76958,974.75978,3944.73978
2026-01-04 19:20:00,SA1,56.94668,1443.94,3399.76849,7,1498.77,54.83,1449.92785,1444.13,0.0,1195.76849,1195.76849,1955.8284899999999
2026-01-04 19:20:00,TAS1,105.24,1022.87,1780.41749,0,942.87,-80.0,1015.5191,1022.87,85.29363,75.41749,75.41749,757.54749
2026-01-04 19:20:00,VIC1,54.44,4886.05,11138.41653,7,5932.67,1046.62,4902.34989,4963.37,192.91693,2265.80419,2188.02754,6252.36653
2026-01-04 19:25:00,NSW1,76.69323,8113.07,12046.8842,-7,7134.76,-978.31,8176.34499,8149.15,109.80076,978.8842,978.8842,3933.8142000000007
2026-01-04 19:25:00,QLD1,78.83016,7816.87,11828.80442,-14,7895.53,78.66,7836.55566,7815.81,29.573,966.83172,966.80442,4011.9344200000005
2026-01-04 19:25:00,SA1,56.80389,1467.02,3426.63926,7,1524.64,57.62,1465.15494,1467.22,0.0,1222.63926,1222.63926,1959.61926
2026-01-04 19:25:00,TAS1,105.24,1017.39,1773.59563,0,937.39,-80.0,1009.52045,1017.39,88.15504,68.59563,68.59563,756.20563
2026-01-04 19:25:00,VIC1,54.4,4819.38,11084.6394,6,5852.3,1032.91,4896.00349,4895.05,193.20933,2212.02706,2138.94148,6265.2594
2026-01-04 19:30:00,NSW1,78.26221,8097.39,11989.69345,-9,7078.71,-1018.68,8129.0874,8130.41,106.65268,922.69345,922.69345,3892.3034500000003
2026-01-04 19:30:00,QLD1,79.99,7851.85,11804.02127,-18,7991.94,140.08,7866.64472,7850.29,29.556,942.02245,942.02127,3952.171269999999
2026-01-04 19:30:00,SA1,57.63374,1479.91,3444.25198,6,1509.25,29.34,1476.46159,1480.0,0.0,1240.25198,1240.25198,1964.34198
2026-01-04 19:30:00,TAS1,105.24,1017.54,1769.28715,0,937.54,-80.0,1009.03546,1017.54,92.61908,64.28715,64.28715,751.7471500000001
2026-01-04 19:30:00,VIC1,54.42,4871.75,11042.43844,5,5903.87,1032.12,4902.82006,4943.08,197.55737,2169.43844,2089.57494,6170.68844
2026-01-04 19:35:00,NSW1,79.295,8098.24,11961.34862,-8,7015.3,-1082.94,8123.45824,8131.59,107.48127,889.34862,889.34862,3863.108620000001
2026-01-04 19:35:00,QLD1,79.99,7792.52,11810.40774,-22,7975.9,183.38,7805.64788,7790.81,29.516,954.40774,954.40774,4017.88774
2026-01-04 19:35:00,SA1,59.55,1512.69,3419.7596,5,1452.51,-60.18,1513.25658,1512.68,0.0,1215.7596,1215.7596,1907.0695999999998
2026-01-04 19:35:00,TAS1,105.24,1012.66,1759.78562,0,932.66,-80.0,1004.45288,1012.66,93.67189,54.78562,54.78562,747.1256200000001
2026-01-04 19:35:00,VIC1,54.71398,4904.53,10977.58881,5,6047.83,1143.3,4915.65938,4976.46,193.89213,2104.58881,2024.79501,6073.0588099999995
2026-01-04 19:40:00,NSW1,78.34973,8060.07,11974.24907,-9,7008.2,-1051.88,8112.24814,8095.77,107.03861,902.24907,902.24907,3914.17907
2026-01-04 19:40:00,QLD1,79.99,7791.35,11801.60224,-24,7924.23,132.87,7810.30132,7789.9,28.354,945.60224,945.60224,4010.25224
2026-01-04 19:40:00,SA1,58.05212,1486.21,3427.48208,4,1487.48,1.27,1494.50901,1486.24,0.0,1223.48208,1223.48208,1941.2720800000002
2026-01-04 19:40:00,TAS1,105.24,1020.73,1762.22871,0,940.73,-80.0,1014.87042,1020.73,84.96361,57.22871,57.22871,741.4987100000001
2026-01-04 19:40:00,VIC1,54.4,4828.45,10946.86892,4,5936.23,1107.79,4901.43431,4904.24,197.56205,2072.86892,2000.35051,6118.418920000001
2026-01-04 19:45:00,NSW1,76.31801,8091.54,12067.33492,-12,7101.52,-990.02,8145.93863,8129.54,107.25861,995.33492,995.33492,3975.7949199999994
2026-01-04 19:45:00,QLD1,78.83016,7750.37,11811.17215,-23,7809.29,58.92,7778.05071,7749.55,28.881,955.20997,955.17215,4060.8021500000004
2026-01-04 19:45:00,SA1,56.92721,1505.38,3441.47753,5,1539.48,34.09,1503.35372,1505.48,0.0,1237.47753,1237.47753,1936.09753
2026-01-04 19:45:00,TAS1,95.93582,1017.97,1764.74027,0,977.76,-40.21,1012.23169,1017.97,87.14301,59.74027,59.74027,746.77027
2026-01-04 19:45:00,VIC1,54.4,4820.98,10906.07138,2,5873.18,1052.21,4890.24634,4898.69,205.94495,2032.86137,1959.55876,6085.09138
2026-01-04 19:50:00,NSW1,64.93708,8028.9,12249.26525,-16,7273.67,-755.24,8091.49739,8065.06,107.08861,1148.26525,1148.26525,4220.365250000001
2026-01-04 19:50:00,QLD1,68.73852,7791.21,11854.29486,-22,7708.0,-83.2,7818.03193,7792.42,29.946,997.3372,997.29486,4063.08486
2026-01-04 19:50:00,SA1,56.2,1505.6,3428.26483,4,1334.89,-170.7,1504.00319,1505.89,0.0,1224.26483,1224.26483,1922.6648300000002
2026-01-04 19:50:00,TAS1,94.78082,1008.95,1761.75007,0,950.9,-58.05,1008.94659,1008.95,84.97989,56.75007,56.75007,752.80007
2026-01-04 19:50:00,VIC1,54.42,4803.56,10882.64837,-1,5975.07,1171.51,4875.86575,4870.21,201.30046,1988.43836,1917.52295,6079.08837
2026-01-04 19:55:00,NSW1,57.68,8055.99,12383.34528,-17,7479.21,-576.78,8098.77532,8082.33,107.02724,1228.34528,1228.34528,4327.35528
2026-01-04 19:55:00,QLD1,60.92775,7658.33,11868.29687,-23,7564.44,-93.9,7686.45086,7659.7,28.976,1011.33277,1011.29687,4209.96687
2026-01-04 19:55:00,SA1,50.04141,1505.32,3425.13063,3,1433.13,-72.19,1511.50545,1505.29,0.0,1221.13063,1221.13063,1919.8106300000002
2026-01-04 19:55:00,TAS1,88.19374,1027.63,1756.71391,-1,985.35,-42.28,1015.4754,1027.63,82.5047,51.71391,51.71391,729.0839099999998
2026-01-04 19:55:00,VIC1,49.72619,4860.92,10808.93464,-4,5719.14,858.22,4870.11977,4906.31,197.06688,1913.72463,1847.13908,5948.014639999999
2026-01-04 20:00:00,NSW1,64.07995,8057.72,12298.00081,-20,7281.96,-775.75,8084.61038,8084.29,106.45724,1143.00081,1143.00081,4240.280809999999
2026-01-04 20:00:00,QLD1,66.48622,7650.22,11868.70602,-26,7676.97,26.74,7691.14657,7649.78,28.753,1011.73491,1011.70602,4218.486019999999
2026-01-04 20:00:00,SA1,56.2,1518.42,3426.06409,3,1347.73,-170.69,1509.85782,1518.73,0.0,1222.06409,1222.06409,1907.6440899999998
2026-01-04 20:00:00,TAS1,94.99716,1016.72,1757.57901,-1,950.87,-65.85,1017.7168,1016.72,81.24109,52.57901,52.57901,740.8590099999999
2026-01-04 20:00:00,VIC1,54.49,4851.22,10778.49622,-7,5918.15,1066.93,4882.35469,4906.16,196.85946,1883.28621,1825.42934,5927.276220000001
2026-01-04 20:05:00,NSW1,60.83235,8019.43,12297.74662,-24,7228.53,-790.9,8039.76917,8053.79,105.57725,1131.74662,1131.74662,4278.31662
2026-01-04 20:05:00,QLD1,63.83024,7614.23,11894.19241,-29,7563.0,-51.23,7663.27403,7614.85,29.098,1047.21876,1047.19241,4279.96241
2026-01-04 20:05:00,SA1,51.64158,1528.95,3423.5314,3,1435.53,-93.42,1523.82546,1528.97,0.0,1217.5314,1217.5314,1894.5813999999998
2026-01-04 20:05:00,TAS1,87.51596,1025.2,1759.39791,-1,989.81,-35.39,1014.06299,1025.2,82.0127,54.39791,54.39791,734.1979099999999
2026-01-04 20:05:00,VIC1,51.08223,4879.82,10861.96526,-8,5949.92,1070.1,4915.59525,4943.98,190.70947,1949.75525,1906.92234,5982.145260000001
2026-01-04 20:10:00,NSW1,62.6728,7983.56,12295.00928,-27,7226.43,-757.13,8019.53361,8007.7,106.96724,1125.00928,1125.00928,4311.44928
2026-01-04 20:10:00,QLD1,64.94997,7581.48,11903.19719,-30,7613.62,32.14,7640.01666,7580.99,29.17,1055.25474,1055.19719,4321.717190000001
2026-01-04 20:10:00,SA1,56.2,1559.6,3413.13361,2,1346.21,-213.39,1546.05748,1560.21,0.0,1207.13361,1207.13361,1853.53361
2026-01-04 20:10:00,TAS1,94.05709,998.9,1753.78838,-1,950.42,-48.48,999.90051,998.9,98.28121,48.78838,48.78838,754.88838
2026-01-04 20:10:00,VIC1,53.84423,4875.1,10807.79972,-10,5938.09,1062.98,4915.71526,4926.96,180.51964,1895.58971,1844.08671,5932.6997200000005
2026-01-04 20:15:00,NSW1,70.77629,7935.68,12269.31654,-28,7199.12,-747.56,7975.23651,7970.93,104.46741,1099.31654,1099.31654,4333.6365399999995
2026-01-04 20:15:00,QLD1,73.29,7550.39,11598.857,-29,7578.42,28.03,7598.50561,7549.96,28.566,1050.857,1050.857,4048.4669999999996
2026-01-04 20:15:00,SA1,36.76544,1519.94,3404.87356,1,1308.87,-211.07,1518.33492,1521.78,0.0,1198.87356,1198.87356,1884.93356
2026-01-04 20:15:00,TAS1,87.1,1004.19,1755.10472,-2,924.19,-80.0,995.36426,1004.19,100.56233,50.10472,50.10472,750.91472
2026-01-04 20:15:00,VIC1,19.18,4892.96,10768.21629,-11,5988.83,1095.87,4931.98974,4952.58,177.12113,1856.00628,1810.21243,5875.25629
2026-01-04 20:20:00,NSW1,64.89005,7857.21,12176.40805,-30,7128.55,-740.66,7913.4977,7892.98,107.86741,1006.40805,1006.40805,4319.19805
2026-01-04 20:20:00,QLD1,67.14528,7541.32,11598.61,-28,7567.57,26.25,7569.49229,7540.92,28.967,1050.61,1050.61,4057.290000000001
2026-01-04 20:20:00,SA1,37.75793,1512.49,3399.02783,1,1303.03,-209.46,1520.58584,1513.49,0.0,1193.02783,1193.02783,1886.53783
2026-01-04 20:20:00,TAS1,85.2,1007.54,1749.45001,-3,927.54,-80.0,1000.88483,1007.54,96.41827,44.45001,44.45001,741.91001
2026-01-04 20:20:00,VIC1,19.18,4848.47,10726.50383,-12,5929.79,1081.33,4900.31996,4901.54,185.33638,1814.29382,1768.96531,5878.033829999999
2026-01-04 20:25:00,NSW1,71.0166,7879.23,12145.87842,-33,7116.69,-773.54,7926.16941,7914.94,106.83741,975.87842,975.87842,4266.6484199999995
2026-01-04 20:25:00,QLD1,73.29,7543.47,11586.27857,-29,7583.71,40.23,7557.70114,7542.92,29.429,1037.27857,1037.27857,4042.80857
2026-01-04 20:25:00,SA1,39.23705,1503.47,3377.14159,-1,1281.14,-222.33,1512.91077,1505.19,0.0,1171.14159,1171.14159,1873.6715900000002
2026-01-04 20:25:00,TAS1,85.2,995.92,1755.04907,-3,915.92,-80.0,998.9361,995.92,96.22559,50.04907,50.04907,759.1290700000001
2026-01-04 20:25:00,VIC1,19.18,4846.94,10705.15758,-12,5968.36,1121.42,4900.89473,4906.85,184.912,1792.94757,1750.16042,5858.2175799999995
2026-01-04 20:30:00,NSW1,66.00837,7849.9,12114.88411,-35,7065.08,-796.82,7899.67127,7884.44,107.6174,944.88411,944.88411,4264.984110000001
2026-01-04 20:30:00,QLD1,67.39287,7477.77,11592.35128,-30,7563.01,85.24,7492.78649,7476.86,28.899,1045.35128,1045.35128,4114.58128
2026-01-04 20:30:00,SA1,40.13848,1504.9,3356.24682,-2,1260.25,-244.66,1516.58125,1505.75,0.0,1150.24682,1150.24682,1851.3468199999998
2026-01-04 20:30:00,TAS1,85.2,991.21,1760.9295,-3,911.21,-80.0,998.52869,991.21,98.46859,55.9295,55.9295,769.7194999999999
2026-01-04 20:30:00,VIC1,19.18,4825.25,10678.29478,-13,5935.59,1110.33,4888.03996,4876.87,184.70536,1766.08477,1735.82333,5853.04478
2026-01-04 20:35:00,NSW1,78.66315,7835.83,12069.11284,-33,6930.2,-905.62,7884.52264,7856.85,107.91741,899.11284,899.11284,4233.28284
2026-01-04 20:35:00,QLD1,78.83016,7455.7,11579.57738,-27,7661.43,205.73,7468.05449,7454.37,29.729,1038.57738,1038.57738,4123.877380000001
2026-01-04 20:35:00,SA1,42.71722,1502.13,3328.05675,-3,1229.06,-273.07,1510.05788,1503.27,0.0,1119.05675,1119.05675,1825.92675
2026-01-04 20:35:00,TAS1,85.2,985.03,1758.36375,-3,905.03,-80.0,994.05774,985.03,97.76653,53.36375,53.36375,773.33375
2026-01-04 20:35:00,VIC1,12.71,4793.48,10646.69406,-13,5919.04,1125.56,4853.74562,4845.24,189.48252,1731.48405,1711.39303,5853.21406
2026-01-04 20:40:00,NSW1,77.1825,7753.53,12061.94424,-34,6989.77,-775.76,7804.71973,7785.09,107.01444,891.94424,891.94424,4308.414240000001
2026-01-04 20:40:00,QLD1,78.83016,7525.18,11464.9779,-24,7629.01,103.83,7529.16235,7524.14,30.061,983.9779,983.9779,3939.7978999999996
2026-01-04 20:40:00,SA1,51.95097,1529.12,3293.56655,-3,1194.57,-334.55,1537.17096,1531.02,0.0,1084.56655,1084.56655,1764.4465500000001
2026-01-04 20:40:00,TAS1,85.2,983.15,1765.38785,-3,913.76,-69.39,991.22211,983.15,96.84967,60.38785,60.38785,782.2378500000001
2026-01-04 20:40:00,VIC1,30.05606,4772.21,10596.44695,-15,5919.78,1147.57,4833.03473,4823.47,189.09224,1688.23694,1664.78247,5824.2369499999995
2026-01-04 20:45:00,NSW1,82.47429,7786.81,12062.42403,-34,7007.31,-780.51,7839.3344,7810.7,106.68444,892.42403,892.42403,4275.61403
2026-01-04 20:45:00,QLD1,84.81,7557.71,11361.59063,-15,7620.92,63.22,7561.78855,7556.95,30.082,942.59063,942.59063,3803.8806300000006
2026-01-04 20:45:00,SA1,54.32703,1519.74,3284.19941,-2,1183.2,-336.54,1529.64574,1521.67,0.0,1074.19941,1074.19941,1764.4594100000002
2026-01-04 20:45:00,TAS1,85.2,979.22,1774.18917,-3,944.72,-34.5,986.66901,979.22,93.56082,69.18917,69.18917,794.9691700000001
2026-01-04 20:45:00,VIC1,30.29947,4750.21,10562.10196,-16,5919.07,1168.86,4818.3374,4806.68,187.05221,1653.89195,1643.07252,5811.89196
2026-01-04 20:50:00,NSW1,75.81108,7678.03,12178.98073,-31,6926.64,-751.39,7742.31873,7705.3,105.80444,918.98073,918.98073,4500.95073
2026-01-04 20:50:00,QLD1,78.83016,7503.51,11325.8796,-6,7490.04,-13.46,7516.37312,7503.58,29.777,939.8796,939.8796,3822.3696
2026-01-04 20:50:00,SA1,41.20112,1517.48,3270.18566,-3,1273.19,-244.29,1533.39982,1518.48,0.0,1060.18566,1060.18566,1752.70566
2026-01-04 20:50:00,TAS1,85.2,984.91,1775.51687,-3,904.91,-80.0,989.58441,984.91,88.79758,70.51687,70.51687,790.60687
2026-01-04 20:50:00,VIC1,12.71,4709.7,10563.62734,-18,5884.62,1174.92,4781.21742,4767.13,187.79303,1655.41733,1654.62734,5853.927339999999
2026-01-04 20:55:00,NSW1,80.02,7687.96,12248.18811,-30,6986.91,-701.05,7748.36814,7711.42,105.99445,988.18811,988.18811,4560.228109999999
2026-01-04 20:55:00,QLD1,82.75,7488.86,11272.76352,-2,7488.76,-0.1,7510.12463,7488.76,28.975,887.76352,887.76352,3783.9035200000008
2026-01-04 20:55:00,SA1,43.82841,1520.39,3249.22429,-4,1148.22,-372.16,1523.72143,1522.87,0.0,1039.22429,1039.22429,1728.83429
2026-01-04 20:55:00,TAS1,85.2,990.68,1776.51253,-3,910.68,-80.0,991.25806,990.68,84.47858,71.51253,71.51253,785.83253
2026-01-04 20:55:00,VIC1,12.71,4677.45,10585.37191,-19,5914.32,1236.87,4749.14863,4735.16,189.65914,1673.1619,1668.78847,5907.92191
2026-01-04 21:00:00,NSW1,75.90452,7630.44,12268.85618,-28,6964.0,-678.44,7673.84148,7667.28,106.53444,1008.85618,1008.85618,4638.416180000001
2026-01-04 21:00:00,QLD1,78.83016,7430.28,11243.47928,-4,7397.36,-32.92,7449.57461,7430.59,29.162,859.47928,859.47928,3813.19928
2026-01-04 21:00:00,SA1,41.45879,1504.72,3232.55386,-4,1237.55,-267.17,1517.05059,1505.92,0.0,1022.55386,1022.55386,1727.83386
2026-01-04 21:00:00,TAS1,85.2,994.49,1779.32999,-3,914.49,-80.0,993.38763,994.49,79.27209,74.32999,74.32999,784.83999
2026-01-04 21:00:00,VIC1,12.71,4686.02,10540.72911,-21,5848.56,1137.53,4744.96591,4763.67,190.46048,1628.5191,1627.72911,5854.70911
2026-01-04 21:05:00,NSW1,79.75643,7588.92,12265.43288,-25,6865.71,-723.21,7642.01855,7615.19,103.41444,1006.43288,1006.43288,4676.51288
2026-01-04 21:05:00,QLD1,82.75,7374.84,10941.97871,-8,7356.93,-17.91,7406.19848,7374.97,29.734,881.97871,881.97871,3567.1387099999993
2026-01-04 21:05:00,SA1,43.1218,1495.07,3208.16715,-5,1220.17,-274.9,1498.97094,1496.3,0.0,997.16715,997.16715,1713.0971500000003
2026-01-04 21:05:00,TAS1,85.2,997.6,1771.59587,-3,917.6,-80.0,995.05463,997.6,76.56183,66.59587,66.59587,773.9958700000001
2026-01-04 21:05:00,VIC1,12.71,4671.21,10559.29177,-22,5851.22,1180.02,4753.29328,4727.57,190.56032,1647.08176,1646.29177,5888.08177
2026-01-04 21:10:00,NSW1,80.02,7649.74,12254.49401,-25,6822.98,-826.76,7706.5858,7674.15,101.37445,995.49401,995.49401,4604.754010000001
2026-01-04 21:10:00,QLD1,81.58808,7417.08,10901.21448,-11,7503.16,86.09,7429.09554,7416.21,29.039,842.21448,842.21448,3484.1344800000006
2026-01-04 21:10:00,SA1,42.6321,1491.46,3193.53106,-5,1200.53,-290.93,1491.65248,1493.13,0.0,982.53106,982.53106,1702.0710599999998
2026-01-04 21:10:00,TAS1,85.2,999.63,1767.98235,-4,919.63,-80.0,992.17157,999.63,74.23803,62.98235,62.98235,768.35235
2026-01-04 21:10:00,VIC1,12.71,4647.43,10524.53586,-23,5843.1,1195.68,4714.39163,4706.3,182.52907,1607.32585,1606.53586,5877.10586
2026-01-04 21:15:00,NSW1,86.0,7614.21,12234.90593,-21,6899.01,-715.2,7679.62716,7639.83,99.32445,975.90593,975.90593,4620.695930000001
2026-01-04 21:15:00,QLD1,89.27299,7407.25,10874.6841,-12,7394.14,-13.1,7424.01632,7407.31,29.108,816.6841,816.6841,3467.4341000000004
2026-01-04 21:15:00,SA1,46.20899,1500.12,3194.77531,-6,1194.78,-305.35,1503.34315,1501.73,0.0,983.77531,983.77531,1694.65531
2026-01-04 21:15:00,TAS1,85.2,995.94,1755.54262,-4,915.94,-80.0,988.33405,995.94,73.58285,50.54262,50.54262,759.6026199999999
2026-01-04 21:15:00,VIC1,12.71,4622.44,10494.77319,-23,5820.42,1197.98,4690.16361,4679.48,184.75897,1579.56318,1578.77319,5872.33319
2026-01-04 21:20:00,NSW1,88.56615,7569.69,12204.25466,-19,6940.81,-628.87,7643.7069,7595.84,97.84444,945.25466,945.25466,4634.564660000001
2026-01-04 21:20:00,QLD1,93.0,7394.79,10852.1015,-13,7321.66,-73.13,7398.42479,7395.67,29.399,794.13714,794.1015,3457.3115000000007
2026-01-04 21:20:00,SA1,47.91077,1484.59,3188.9018,-6,1097.9,-386.69,1489.33903,1487.26,0.0,977.9018,977.9018,1704.3118000000002
2026-01-04 21:20:00,TAS1,85.2,993.22,1752.00656,-4,913.22,-80.0,984.38837,993.22,74.46458,47.00656,47.00656,758.78656
2026-01-04 21:20:00,VIC1,12.89993,4603.26,10463.66925,-23,5861.37,1258.1,4670.7205,4662.98,178.09246,1548.45924,1547.66925,5860.409250000001
2026-01-04 21:25:00,NSW1,86.0,7521.13,12178.96304,-18,6844.71,-676.43,7611.871,7547.05,96.65444,919.96304,919.96304,4657.83304
2026-01-04 21:25:00,QLD1,89.82583,7447.0,10847.35243,-19,7408.16,-38.83,7457.86459,7447.39,29.039,789.35243,789.35243,3400.352430000001
2026-01-04 21:25:00,SA1,46.3481,1461.69,3213.8531,-7,1127.85,-333.84,1477.70719,1463.64,0.0,1002.8531,1002.8531,1752.1630999999998
2026-01-04 21:25:00,TAS1,85.2,983.86,1748.53454,-4,903.86,-80.0,976.89587,983.86,74.03071,43.53454,43.53454,764.6745400000001
2026-01-04 21:25:00,VIC1,12.71,4560.73,10461.2357,-26,5775.92,1215.19,4642.73199,4618.57,182.35974,1549.02569,1548.2357,5900.5057
2026-01-04 21:30:00,NSW1,90.80662,7622.48,12159.85454,-18,6864.67,-757.81,7700.79091,7646.66,94.76444,900.85454,900.85454,4537.374540000001
2026-01-04 21:30:00,QLD1,93.0,7325.9,10853.3167,-22,7370.43,44.53,7338.58611,7325.38,29.559,795.3167,795.3167,3527.4166999999998
2026-01-04 21:30:00,SA1,48.60741,1456.3,3214.38374,-8,1116.38,-339.92,1470.90891,1458.33,0.0,1003.38374,1003.38374,1758.0837400000003
2026-01-04 21:30:00,TAS1,85.2,972.67,1744.78985,-4,892.67,-80.0,969.35132,972.67,76.062,39.78985,39.78985,772.1198499999999
2026-01-04 21:30:00,VIC1,12.71,4555.1,10449.28909,-24,5772.55,1217.45,4633.24932,4613.66,172.30569,1537.07908,1536.28909,5894.18909
2026-01-04 21:35:00,NSW1,90.32908,7517.5,12148.56736,-17,6779.26,-738.24,7597.01156,7542.66,93.30445,889.56736,889.56736,4631.067359999999
2026-01-04 21:35:00,QLD1,93.0,7298.41,10845.18062,-28,7313.7,15.3,7329.46324,7298.17,29.634,793.23244,793.18062,3546.7706199999993
2026-01-04 21:35:00,SA1,48.30842,1447.16,3220.26553,-9,1124.27,-322.89,1463.82679,1448.93,0.0,1007.26553,1007.26553,1773.10553
2026-01-04 21:35:00,TAS1,85.2,967.97,1741.32428,-4,887.97,-80.0,967.67639,967.97,74.11276,36.32428,36.32428,773.35428
2026-01-04 21:35:00,VIC1,12.71,4541.08,10430.10376,-25,5751.71,1210.63,4621.84501,4599.18,171.62508,1516.89375,1516.10376,5889.02376
2026-01-04 21:40:00,NSW1,86.43388,7507.39,12132.73585,-21,6757.92,-749.48,7591.61624,7533.05,91.77444,873.73585,873.73585,4625.345849999999
2026-01-04 21:40:00,QLD1,88.95,7277.78,10838.70068,-32,7296.87,19.1,7298.3233,7277.51,30.113,776.70225,776.70068,3560.92068
2026-01-04 21:40:00,SA1,46.28417,1442.49,3220.43825,-8,1120.44,-322.05,1453.33135,1444.23,0.0,1007.43825,1007.43825,1777.9482500000001
2026-01-04 21:40:00,TAS1,85.2,966.54,1737.29842,-4,886.54,-80.0,971.52686,966.54,71.71577,32.29842,32.29842,770.7584200000001
2026-01-04 21:40:00,VIC1,12.71,4530.0,10416.28439,-23,5748.65,1218.65,4604.26385,4589.09,167.71681,1501.07438,1500.28439,5886.284390000001
2026-01-04 21:45:00,NSW1,80.08,7458.81,12121.13507,-22,6807.28,-651.54,7539.86342,7487.68,92.07445,862.13507,862.13507,4662.32507
2026-01-04 21:45:00,QLD1,83.8691,7250.44,10849.58066,-33,7164.4,-86.05,7288.86309,7251.47,28.973,790.58066,790.58066,3599.14066
2026-01-04 21:45:00,SA1,43.49532,1446.7,3220.34909,-8,1114.35,-332.35,1458.64343,1448.63,0.0,1007.34909,1007.34909,1773.6490900000001
2026-01-04 21:45:00,TAS1,85.2,957.84,1734.84752,-4,877.84,-80.0,961.83911,957.84,73.24261,29.84752,29.84752,777.00752
2026-01-04 21:45:00,VIC1,12.71,4471.32,10400.95391,-21,5714.0,1242.67,4546.09129,4532.24,173.60695,1485.7439,1484.95391,5929.6339100000005
2026-01-04 21:50:00,NSW1,80.02,7455.43,12091.85935,-26,6708.26,-747.18,7525.09139,7484.1,91.92444,832.85935,832.85935,4636.42935
2026-01-04 21:50:00,QLD1,82.66232,7134.67,10826.19246,-30,7115.3,-19.37,7174.5027,7134.81,29.147,766.19955,766.19246,3691.52246
2026-01-04 21:50:00,SA1,42.02891,1439.41,3234.88827,-8,1124.89,-314.53,1450.35272,1441.72,0.0,1021.88827,1021.88827,1795.4782699999998
2026-01-04 21:50:00,TAS1,85.2,958.77,1729.30633,-4,878.77,-80.0,962.7218,958.77,69.15979,24.30633,24.30633,770.5363299999999
2026-01-04 21:50:00,VIC1,12.71,4449.48,10362.19105,-20,5707.93,1258.45,4516.53259,4515.74,173.727,1444.98104,1444.19105,5912.71105
2026-01-04 21:55:00,NSW1,82.64814,7416.23,12087.59943,-29,6568.82,-851.42,7479.33449,7450.12,92.66544,828.59943,828.59943,4671.369430000001
2026-01-04 21:55:00,QLD1,84.81,7098.58,10789.92564,-37,7138.88,40.3,7150.33189,7098.17,30.116,729.9674,729.92564,3691.3456399999995
2026-01-04 21:55:00,SA1,62.97489,1442.99,3252.22051,-7,1240.22,-202.77,1451.96329,1443.69,0.0,1039.22051,1039.22051,1809.23051
2026-01-04 21:55:00,TAS1,92.2318,958.97,1729.62967,-4,933.4,-25.57,960.53766,958.97,65.75521,24.62967,24.62967,770.65967
2026-01-04 21:55:00,VIC1,54.4,4442.86,10311.80289,-20,5575.34,1132.47,4515.23374,4505.71,176.61958,1394.59288,1393.80289,5868.942890000001
2026-01-04 22:00:00,NSW1,80.02,7371.87,12076.67775,-31,6573.28,-798.6,7441.22698,7405.05,93.50445,817.67775,817.67775,4704.807750000001
2026-01-04 22:00:00,QLD1,82.75,7068.86,10733.1819,-39,7035.14,-33.72,7113.51885,7069.14,29.292,674.1819,674.1819,3664.3219
2026-01-04 22:00:00,SA1,59.55,1428.39,3244.9143,-7,1252.5,-175.89,1430.05872,1428.86,0.0,1031.9143,1031.9143,1816.5242999999998
2026-01-04 22:00:00,TAS1,96.80655,955.11,1729.00577,-4,939.9,-15.2,959.10681,955.11,64.57663,24.00577,24.00577,773.89577
2026-01-04 22:00:00,VIC1,51.17954,4402.51,10282.22788,-19,5525.18,1122.67,4473.96139,4467.85,180.97397,1365.01787,1364.22788,5879.71788
2026-01-04 22:05:00,NSW1,86.0,7336.26,12039.1699,-40,6659.85,-676.41,7415.43101,7374.3,93.18444,811.1699,811.1699,4702.909900000001
2026-01-04 22:05:00,QLD1,90.81277,7029.98,10475.0305,-42,6866.95,-163.03,7091.76766,7032.18,29.424,644.0305,644.0305,3445.050500000001
2026-01-04 22:05:00,SA1,48.81642,1424.52,3259.61727,-6,1257.62,-166.9,1427.04163,1426.29,0.0,1045.61727,1045.61727,1835.0972700000002
2026-01-04 22:05:00,TAS1,85.84811,966.23,1726.39793,-4,905.42,-60.81,956.82001,966.87,63.20428,21.39793,21.39793,760.1679300000001
2026-01-04 22:05:00,VIC1,30.53764,4351.17,10268.26403,-30,5536.26,1185.1,4443.10225,4426.47,184.16327,1348.05402,1347.26403,5917.09403
2026-01-04 22:10:00,NSW1,86.0,7344.71,12074.64675,-33,6773.68,-587.04,7395.60601,7400.02,92.19444,815.64675,815.64675,4729.93675
2026-01-04 22:10:00,QLD1,91.82399,6961.39,10419.0564,-47,6728.82,-232.57,7031.87696,6964.93,29.105,588.0564,588.0564,3457.666399999999
2026-01-04 22:10:00,SA1,59.55,1457.06,3260.7061,-10,1240.37,-216.69,1458.49598,1458.05,0.0,1046.7061,1046.7061,1803.6461
2026-01-04 22:10:00,TAS1,95.81848,960.39,1725.85986,-2,943.99,-16.41,950.2345,960.39,63.6299,20.85986,20.85986,765.46986
2026-01-04 22:10:00,VIC1,46.79237,4348.61,10244.53024,-16,5511.53,1162.92,4431.10022,4414.98,186.21716,1324.32023,1323.53024,5895.92024
2026-01-04 22:15:00,NSW1,84.41076,7337.81,12097.14938,-40,6672.07,-665.73,7415.72528,7374.41,91.65445,838.14938,838.14938,4759.33938
2026-01-04 22:15:00,QLD1,88.95,6876.25,10396.71949,-44,6721.97,-154.27,6964.34527,6878.18,27.915,563.72577,563.71949,3520.4694899999995
2026-01-04 22:15:00,SA1,57.56305,1397.62,3280.14138,-10,1199.14,-198.47,1407.85052,1398.46,0.0,1066.14138,1066.14138,1882.5213800000001
2026-01-04 22:15:00,TAS1,94.32703,966.2,1726.5826,-3,943.24,-22.96,955.42395,966.35,65.82709,21.5826,21.5826,760.3825999999999
2026-01-04 22:15:00,VIC1,45.18352,4332.49,10218.56248,-19,5480.56,1148.07,4417.36445,4399.58,189.91685,1298.35247,1297.56248,5886.072480000001
2026-01-04 22:20:00,NSW1,80.02,7310.95,12126.6075,-48,6670.73,-640.23,7362.27602,7347.91,90.63445,867.6075,867.6075,4815.6575
2026-01-04 22:20:00,QLD1,84.81,6886.94,10373.54444,-49,6711.25,-175.68,6972.40774,6889.25,27.556,541.55072,541.54444,3486.60444
2026-01-04 22:20:00,SA1,59.55,1400.28,3289.12745,-9,1212.31,-187.97,1409.604,1400.82,0.0,1075.12745,1075.12745,1888.84745
2026-01-04 22:20:00,TAS1,88.1,941.05,1727.52581,-3,941.05,0.0,944.05457,941.05,66.46114,22.52581,22.52581,786.4758100000001
2026-01-04 22:20:00,VIC1,50.85579,4337.29,10200.68169,-11,5445.68,1108.39,4408.34073,4402.0,189.95126,1280.47168,1279.68169,5863.3916899999995
2026-01-04 22:25:00,NSW1,79.75,7291.87,12130.55253,-38,6583.37,-708.51,7346.72326,7327.3,89.83445,872.55253,872.55253,4838.682530000001
2026-01-04 22:25:00,QLD1,83.45139,6813.84,10396.2658,-54,6695.57,-118.26,6915.78627,6815.15,27.837,564.31102,564.2658,3582.425799999999
2026-01-04 22:25:00,SA1,59.55,1393.77,3295.81009,-10,1234.21,-159.56,1409.58725,1394.12,0.0,1081.81009,1081.81009,1902.04009
2026-01-04 22:25:00,TAS1,96.96115,955.5,1726.10878,-4,945.51,-9.99,945.56995,955.55,65.44664,21.10878,21.10878,770.60878
2026-01-04 22:25:00,VIC1,51.73584,4304.02,10163.39903,-14,5402.4,1098.38,4385.63191,4368.93,192.47092,1243.18902,1242.39903,5859.37903
2026-01-04 22:30:00,NSW1,80.02,7251.53,12138.42527,-41,6621.23,-630.3,7309.55874,7291.04,89.22444,880.42527,880.42527,4886.89527
2026-01-04 22:30:00,QLD1,84.81,6766.66,10318.1102,-38,6557.5,-209.16,6847.6298,6769.5,28.083,571.16136,571.1102,3551.4501999999993
2026-01-04 22:30:00,SA1,59.55,1394.4,3310.57262,-8,1258.87,-135.53,1409.66359,1394.62,0.0,1096.57262,1096.57262,1916.1726199999998
2026-01-04 22:30:00,TAS1,97.45295,947.06,1725.79823,-3,946.02,-1.05,939.0426,947.07,68.03477,20.79823,20.79823,778.7382300000002
2026-01-04 22:30:00,VIC1,52.35449,4320.92,10166.59382,-2,5405.59,1084.67,4386.26915,4386.98,193.93962,1246.38381,1245.59382,5845.67382
2026-01-04 22:35:00,NSW1,86.0,7200.16,12175.98751,-49,6676.18,-523.98,7283.18953,7244.44,88.84445,913.98751,913.98751,4975.827510000001
2026-01-04 22:35:00,QLD1,92.63183,6764.9,10321.2768,-24,6460.05,-304.85,6846.52902,6769.9,28.346,602.2768,602.2768,3556.3768
2026-01-04 22:35:00,SA1,55.2,1368.42,3320.18707,-6,1217.59,-150.82,1379.59039,1369.05,0.0,1105.18707,1105.18707,1951.7670699999999
2026-01-04 22:35:00,TAS1,88.08461,928.57,1722.73859,-2,928.57,0.0,930.56805,928.57,66.94518,17.73859,17.73859,794.1685899999999
2026-01-04 22:35:00,VIC1,41.38694,4280.09,10139.7236,-6,5378.72,1098.63,4354.18612,4349.16,196.89847,1219.51359,1218.7236,5859.633599999999
2026-01-04 22:40:00,NSW1,83.17731,7153.88,12179.43809,-47,6581.76,-572.12,7251.40772,7195.63,87.70545,917.43809,917.43809,5025.5580899999995
2026-01-04 22:40:00,QLD1,88.95,6708.12,10351.6654,-32,6445.92,-262.2,6774.7608,6711.98,27.792,632.72647,632.6654,3643.5454
2026-01-04 22:40:00,SA1,54.58938,1381.41,3331.7628,-7,1219.76,-161.65,1389.7739,1382.11,0.0,1116.7628,1116.7628,1950.3528
2026-01-04 22:40:00,TAS1,91.49405,938.24,1722.02603,-2,937.84,-0.4,930.54602,938.24,67.73439,17.02603,17.02603,783.78603
2026-01-04 22:40:00,VIC1,41.52624,4271.88,10146.56558,-12,5383.57,1111.69,4352.70976,4340.89,188.16333,1224.35557,1223.56558,5874.68558
2026-01-04 22:45:00,NSW1,76.17597,7141.3,12164.54601,-40,6465.97,-675.34,7242.63191,7178.84,86.54545,902.54601,902.54601,5023.24601
2026-01-04 22:45:00,QLD1,79.99,6702.28,10376.3835,-27,6542.43,-159.84,6751.14089,6704.14,27.698,657.3835,657.3835,3674.1035
2026-01-04 22:45:00,SA1,47.04308,1364.35,3343.81092,-7,1231.81,-132.54,1373.68778,1365.05,0.0,1128.81092,1128.81092,1979.46092
2026-01-04 22:45:00,TAS1,85.2,935.05,1722.38263,-3,863.29,-71.76,929.37915,935.88,65.17821,17.38263,17.38263,787.3326300000001
2026-01-04 22:45:00,VIC1,34.0195,4238.8,10151.02147,-28,5388.02,1149.22,4339.92603,4307.61,188.16739,1228.81146,1228.02147,5912.2214699999995
2026-01-04 22:50:00,NSW1,80.02,7130.89,12148.25947,-31,6546.82,-584.07,7209.8607,7171.9,87.18445,886.25947,886.25947,5017.369470000001
2026-01-04 22:50:00,QLD1,85.50965,6687.34,10396.6711,-26,6437.97,-249.37,6722.90355,6690.87,28.158,678.70642,678.6711,3709.3310999999994
2026-01-04 22:50:00,SA1,49.35564,1371.87,3362.00469,-5,1250.0,-121.87,1379.88914,1372.52,0.0,1147.00469,1147.00469,1990.1346900000003
2026-01-04 22:50:00,TAS1,85.2,915.64,1721.90222,-5,853.07,-62.57,921.71826,915.64,65.22125,16.90222,16.90222,806.26222
2026-01-04 22:50:00,VIC1,35.59571,4246.69,10167.01494,-36,5404.01,1132.32,4347.60425,4340.95,188.15127,1244.80493,1244.01494,5920.3249399999995
2026-01-04 22:55:00,NSW1,80.02,7128.64,12110.81969,-36,6505.42,-623.22,7212.0992,7167.74,86.57877,848.81969,848.81969,4982.17969
2026-01-04 22:55:00,QLD1,84.81,6629.95,10408.31963,-26,6420.6,-209.35,6664.78929,6632.6,27.445,690.38623,690.31963,3778.36963
2026-01-04 22:55:00,SA1,59.55,1362.21,3377.19618,-5,1288.65,-181.55,1369.35856,1470.67,0.0,1162.19618,1162.19618,2014.9861799999999
2026-01-04 22:55:00,TAS1,93.39698,905.4,1722.12346,-4,888.25,-17.15,913.38464,905.4,67.01988,17.12346,17.12346,816.72346
2026-01-04 22:55:00,VIC1,51.32924,4244.49,10151.09862,-23,5385.1,1140.61,4354.18089,4311.61,187.68587,1225.88861,1225.09862,5906.608620000001
2026-01-04 23:00:00,NSW1,79.95737,7060.46,12577.22914,-22,6401.96,-658.5,7132.02003,7102.03,86.57877,825.22914,825.22914,5516.769139999999
2026-01-04 23:00:00,QLD1,84.81,6617.13,10398.61497,-26,6405.91,-211.22,6658.43724,6619.79,27.797,681.67215,681.61497,3781.4849700000004
2026-01-04 23:00:00,SA1,37.53756,1339.9,3383.73134,-1,1271.73,-68.17,1457.77761,1341.41,0.0,1168.73134,1168.73134,2043.8313399999997
2026-01-04 23:00:00,TAS1,85.2,908.35,1723.1149,-2,828.35,-80.0,912.3147,909.35,68.3251,18.1149,18.1149,814.7649
2026-01-04 23:00:00,VIC1,17.40007,4260.36,10172.36356,-3,5405.43,1145.08,4332.46633,4340.81,182.51002,1247.15355,1246.36356,5912.00356
2026-01-04 23:05:00,NSW1,80.02,7001.12,12580.27518,-23,6387.95,-613.17,7056.05103,7042.03,85.76876,828.27518,828.27518,5579.155180000001
2026-01-04 23:05:00,QLD1,84.8346,6605.25,10391.6352,-24,6368.19,-237.06,6632.25823,6608.37,27.747,673.68752,673.6352,3786.3852000000006
2026-01-04 23:05:00,SA1,46.4339,1346.58,3395.75376,-4,1282.75,-63.82,1351.76311,1347.29,0.0,1179.75376,1179.75376,2049.17376
2026-01-04 23:05:00,TAS1,85.2,892.49,1721.96454,-2,812.49,-80.0,903.58441,892.49,71.77318,16.96454,16.96454,829.4745399999999
2026-01-04 23:05:00,VIC1,31.86012,4302.89,10157.61018,42,5414.01,1111.12,4332.02383,4375.21,179.63286,1260.40017,1259.61018,5854.720179999999
2026-01-04 23:10:00,NSW1,80.02,6993.26,12539.92502,-26,6346.82,-646.45,7058.58281,7031.72,85.89876,823.92502,823.92502,5546.66502
2026-01-04 23:10:00,QLD1,84.26342,6556.66,10382.62919,-24,6360.02,-196.64,6583.66815,6558.98,28.429,666.62919,666.62919,3825.96919
2026-01-04 23:10:00,SA1,59.31632,1340.66,3395.00714,-4,1305.01,-35.65,1347.72014,1340.64,0.0,1179.00714,1179.00714,2054.34714
2026-01-04 23:10:00,TAS1,98.88329,888.35,1723.25867,-1,871.0,-17.35,902.4165,888.35,70.71673,18.25867,18.25867,834.9086699999999
2026-01-04 23:10:00,VIC1,54.4,4408.52,10180.44828,56,5410.44,1001.92,4418.5134,4473.61,178.12866,1283.23827,1262.23524,5771.92828
2026-01-04 23:15:00,NSW1,80.02,6924.32,12490.25445,-42,6303.44,-620.88,7000.25803,6960.59,85.95877,814.25445,814.25445,5565.934450000001
2026-01-04 23:15:00,QLD1,84.19159,6519.99,10350.724,-22,6320.57,-199.41,6543.91353,6522.3,28.077,636.724,636.724,3830.7340000000004
2026-01-04 23:15:00,SA1,59.11503,1361.28,3405.55481,-6,1344.55,-16.73,1364.98784,1361.27,0.0,1189.55481,1189.55481,2044.2748100000001
2026-01-04 23:15:00,TAS1,98.96827,895.99,1722.30121,-2,876.43,-19.56,900.99622,896.11,68.84531,17.30121,17.30121,826.3112100000001
2026-01-04 23:15:00,VIC1,54.4,4457.13,10161.43341,39,5413.24,956.11,4476.75414,4517.96,179.74189,1264.2234,1254.52491,5704.3034099999995
2026-01-04 23:20:00,NSW1,80.02,6915.22,12436.98029,-24,6299.51,-615.71,6977.11112,6952.46,85.92877,763.98029,763.98029,5521.760289999999
2026-01-04 23:20:00,QLD1,84.35943,6507.5,10325.5849,-26,6298.28,-209.22,6537.8628,6509.98,27.559,613.64153,613.5849,3818.0849
2026-01-04 23:20:00,SA1,46.26601,1352.74,3395.35504,-2,1373.36,20.61,1344.83907,1353.51,0.0,1179.35504,1179.35504,2042.61504
2026-01-04 23:20:00,TAS1,85.2,894.64,1721.92543,-2,864.83,-29.82,897.95209,894.86,70.0145,16.92543,16.92543,827.28543
2026-01-04 23:20:00,VIC1,32.70162,4429.16,10137.26642,10,5372.27,943.11,4485.93229,4497.44,177.75872,1240.05641,1239.26642,5708.10642
2026-01-04 23:25:00,NSW1,80.02,6840.65,12391.06689,-47,6236.1,-604.54,6915.21938,6875.32,85.90877,719.06689,719.06689,5550.41689
2026-01-04 23:25:00,QLD1,84.10361,6471.47,10299.341,-29,6274.34,-197.13,6506.30566,6473.69,27.601,590.341,590.341,3827.871
2026-01-04 23:25:00,SA1,59.55,1365.54,3396.84135,-6,1323.51,-42.03,1356.60131,1365.51,0.0,1180.84135,1180.84135,2031.3013500000002
2026-01-04 23:25:00,TAS1,98.94477,889.21,1722.19148,-2,879.82,-9.39,894.59906,889.21,68.58351,17.19148,17.19148,832.9814799999999
2026-01-04 23:25:00,VIC1,54.4,4437.84,10135.35237,10,5385.96,948.12,4489.45948,4496.01,181.36493,1238.14236,1237.35237,5697.51237
2026-01-04 23:30:00,NSW1,98.66,6862.1,12359.16336,-31,6372.03,-490.06,6920.12841,6903.72,85.73877,687.16336,687.16336,5497.06336
2026-01-04 23:30:00,QLD1,112.58632,6487.23,10277.1799,-45,6161.58,-325.65,6540.06824,6492.21,27.33,568.1799,568.1799,3789.9498999999996
2026-01-04 23:30:00,SA1,59.55,1372.84,3398.07207,12,1390.18,17.34,1354.91006,1373.41,0.0,1182.07207,1182.07207,2025.2320700000002
2026-01-04 23:30:00,TAS1,86.1,893.07,1724.03212,-3,893.07,0.0,891.17041,893.07,69.39142,19.03212,19.03212,830.96212
2026-01-04 23:30:00,VIC1,44.32156,4445.18,10124.09189,-18,5356.09,910.91,4522.47922,4510.54,179.40422,1226.88188,1226.09189,5678.911889999999
2026-01-04 23:35:00,NSW1,80.08,6798.4,12327.43981,-28,6286.16,-512.23,6849.64453,6834.96,85.61876,655.43981,655.43981,5529.03981
2026-01-04 23:35:00,QLD1,85.19076,6472.24,10280.844,-34,6197.04,-275.2,6542.51149,6475.95,28.016,568.844,568.844,3808.6039999999994
2026-01-04 23:35:00,SA1,59.17934,1384.59,3374.46705,25,1381.47,-3.12,1353.38765,1384.6,0.0,1191.46705,1191.46705,1989.8770500000003
2026-01-04 23:35:00,TAS1,99.35829,896.99,1725.57762,-2,870.36,-26.63,889.99744,897.17,67.67155,20.57762,20.57762,828.58762
2026-01-04 23:35:00,VIC1,54.4,4425.23,10105.4402,-20,5338.59,913.36,4509.89144,4480.94,174.50111,1208.23019,1207.4402,5680.2101999999995
2026-01-04 23:40:00,NSW1,80.4474,6808.65,12311.19894,-16,6254.55,-554.11,6849.8072,6839.5,85.83013,642.19894,642.19894,5502.548940000001
2026-01-04 23:40:00,QLD1,84.81,6434.01,10282.9751,-3,6228.38,-205.63,6453.77425,6436.34,27.979,570.9751,570.9751,3848.9650999999994
2026-01-04 23:40:00,SA1,61.57021,1447.39,3363.77065,20,1318.77,-128.62,1415.10102,1447.57,0.0,1185.77065,1185.77065,1916.3806499999998
2026-01-04 23:40:00,TAS1,99.56113,893.9,1725.48047,-2,871.18,-22.72,893.8465,893.9,64.5976,20.48047,20.48047,831.58047
2026-01-04 23:40:00,VIC1,54.53,4425.99,10079.98544,-22,5421.52,995.53,4494.1962,4477.09,172.51744,1180.77543,1179.98544,5653.995440000001
2026-01-04 23:45:00,NSW1,80.02,6802.36,12332.02605,-33,6226.93,-575.43,6865.65027,6839.12,84.93013,620.02605,620.02605,5529.666050000001
2026-01-04 23:45:00,QLD1,84.81,6450.28,10268.2126,1,6207.3,-242.98,6463.17286,6453.3,27.428,556.2126,556.2126,3817.932600000001
2026-01-04 23:45:00,SA1,56.2,1390.23,3388.00498,5,1408.87,18.64,1384.04936,1390.33,0.0,1212.00498,1212.00498,1997.7749800000001
2026-01-04 23:45:00,TAS1,86.1,887.38,1725.80694,-1,887.38,0.0,888.383,887.38,67.34632,20.80694,20.80694,838.42694
2026-01-04 23:45:00,VIC1,50.00545,4411.4,10065.90098,-16,5310.9,899.5,4479.40267,4471.24,176.03423,1168.69097,1167.90098,5654.500980000001
2026-01-04 23:50:00,NSW1,84.7901,6755.1,12271.21074,-31,6171.99,-583.11,6822.25781,6791.28,84.84012,595.21074,595.21074,5516.11074
2026-01-04 23:50:00,QLD1,89.54687,6408.45,10264.1365,-15,6172.68,-235.77,6440.95962,6411.28,27.193,552.14129,552.1365,3855.6865000000007
2026-01-04 23:50:00,SA1,46.7053,1401.76,3414.14202,1,1407.14,5.38,1394.63782,1403.07,0.0,1239.14202,1239.14202,2012.3820199999998
2026-01-04 23:50:00,TAS1,85.2,899.93,1726.38493,-2,840.71,-59.22,890.76819,900.54,68.28469,21.38493,21.38493,826.45493
2026-01-04 23:50:00,VIC1,29.94547,4331.44,10059.72634,-38,5313.73,982.29,4430.92158,4400.09,178.73933,1162.51633,1161.72634,5728.28634
2026-01-04 23:55:00,NSW1,86.0,6690.13,12269.77176,-25,6198.05,-492.09,6746.49665,6727.0,84.32113,581.77176,581.77176,5579.6417599999995
2026-01-04 23:55:00,QLD1,91.9389,6448.0,10240.35355,-24,6154.06,-293.94,6475.01874,6452.04,28.002,528.36536,528.35355,3792.35355
2026-01-04 23:55:00,SA1,56.2,1388.5,3424.8301,-3,1292.51,-96.0,1390.22489,1388.82,0.0,1252.8301,1228.85058,2036.3301000000001
2026-01-04 23:55:00,TAS1,85.2,884.89,1724.89932,-2,884.89,0.0,885.25098,884.89,70.03005,19.89932,19.89932,840.00932
2026-01-04 23:55:00,VIC1,43.48482,4312.11,10037.51536,-43,5292.52,980.41,4428.34522,4369.27,171.2817,1140.30535,1139.51536,5725.40536
2026-01-05 00:00:00,NSW1,84.33578,6722.12,12236.37375,-27,6139.52,-582.6,6771.42774,6758.91,83.94113,568.37375,568.37375,5514.253750000001
2026-01-05 00:00:00,QLD1,88.95,6347.2,10233.57547,-26,6109.81,-237.39,6375.0754,6349.96,28.037,522.57547,522.57547,3886.37547
2026-01-05 00:00:00,SA1,47.12956,1347.4,3461.11786,-4,1322.69,-24.71,1356.58882,1348.47,0.0,1292.11786,1262.69011,2113.7178599999997
2026-01-05 00:00:00,TAS1,85.2,885.3,1724.1088,-1,871.02,-14.28,886.30182,885.38,68.99404,19.1088,19.1088,838.8088
2026-01-05 00:00:00,VIC1,30.79152,4303.55,10002.78763,-30,5271.79,968.24,4388.86836,4372.11,164.7888,1125.57762,1124.78763,5699.2376300000005
