settlementdate,regionid,rrp,totaldemand,netinterchange,demandforecast,availablegeneration,dispatchablegeneration,initialsupply,clearedsupply,totalintermittentgeneration,uigf,semischedule_clearedmw,spare_capacity
2026-01-04 00:05:00,NSW1,81.45856,6738.26,-877.2,-63,10902.59188,5861.06,6824.38577,6756.46,105.88537,578.59188,578.59188,4164.33188
2026-01-04 00:05:00,QLD1,76.38036,6251.88,483.24,-20,10747.65814,6735.13,6279.21455,6255.83,33.044,1124.65814,1124.65814,4495.778139999999
2026-01-04 00:05:00,SA1,78.92059,1371.51,-326.7,5,3103.80677,1044.81,1371.73199,1373.15,0.0,897.80677,897.80677,1732.2967700000002
2026-01-04 00:05:00,TAS1,50.18,855.71,0.0,-1,1784.66067,855.71,858.98804,855.71,88.48072,78.66067,78.66067,928.95067
2026-01-04 00:05:00,VIC1,73.79,4331.57,771.23,-20,9251.11104,5102.8,4381.19849,4358.36,167.61399,823.90103,823.11104,4919.54104
2026-01-04 00:10:00,NSW1,67.81371,6756.16,-999.11,-31,10874.57102,5757.05,6793.84771,6780.27,104.72537,550.57102,550.57102,4118.41102
2026-01-04 00:10:00,QLD1,64.75,6214.99,352.34,-36,10713.45592,6571.33,6260.04641,6220.71,33.128,1090.45592,1090.45592,4498.465920000001
2026-01-04 00:10:00,SA1,58.67563,1382.29,-37.85,2,3096.44227,1344.44,1384.73454,1382.25,0.0,890.44227,890.44227,1714.15227
2026-01-04 00:10:00,TAS1,50.18,858.99,0.0,-1,1782.72785,858.99,860.89026,858.99,92.84268,76.72785,76.72785,923.73785
2026-01-04 00:10:00,VIC1,58.87351,4300.95,749.93,-33,9262.87968,5050.88,4371.12373,4340.47,159.43166,835.66967,834.87968,4961.92968
2026-01-04 00:15:00,NSW1,80.02,6761.15,-1050.93,-28,10848.94835,5710.23,6809.41337,6791.64,104.42536,524.94835,524.94835,4087.798350000001
2026-01-04 00:15:00,QLD1,71.92,6143.22,714.4,-34,10698.39497,6862.62,6201.89547,6158.62,32.719,1070.39497,1070.39497,4555.174969999999
2026-01-04 00:15:00,SA1,77.50956,1392.98,-292.21,1,3035.76824,1100.77,1387.14126,1394.27,0.0,881.76824,881.76824,1642.78824
2026-01-04 00:15:00,TAS1,50.18,855.46,0.0,-1,1785.09111,855.46,857.3819,855.46,94.06345,79.09111,79.09111,929.63111
2026-01-04 00:15:00,VIC1,73.01941,4274.5,693.54,-32,9261.03457,4968.03,4349.82877,4297.11,154.61283,834.82456,834.03457,4986.53457
2026-01-04 00:20:00,NSW1,74.46791,6677.54,-1043.86,-28,10819.90522,5633.68,6733.19272,6703.03,103.54537,495.90522,495.90522,4142.365220000001
2026-01-04 00:20:00,QLD1,68.84913,6169.29,535.19,-31,10683.18346,6704.48,6215.98338,6174.62,33.354,1050.20845,1050.18346,4513.89346
2026-01-04 00:20:00,SA1,69.66,1404.66,-260.73,1,2988.53112,1143.92,1402.01203,1405.66,0.0,887.53112,887.53112,1583.87112
2026-01-04 00:20:00,TAS1,50.18,847.17,0.0,-1,1783.61916,847.17,848.26941,847.17,99.5555,77.61916,77.61916,936.44916
2026-01-04 00:20:00,VIC1,66.14597,4270.33,833.57,-27,9265.8975,5103.9,4327.88202,4302.67,147.91264,839.68749,838.8975,4995.567499999999
2026-01-04 00:25:00,NSW1,80.02,6601.48,-909.36,-27,10839.32721,5692.12,6665.42019,6621.18,103.44512,515.32721,515.32721,4237.84721
2026-01-04 00:25:00,QLD1,74.39672,6147.93,494.87,-26,10661.89263,6642.8,6179.52889,6152.44,33.134,1028.92791,1028.89263,4513.96263
2026-01-04 00:25:00,SA1,77.74905,1410.36,-345.81,0,2921.54338,1064.54,1411.14578,1412.34,0.0,874.54338,874.54338,1511.1833800000002
2026-01-04 00:25:00,TAS1,50.18,838.89,0.0,-1,1782.67479,838.89,839.646,838.89,105.20193,76.67479,76.67479,943.78479
2026-01-04 00:25:00,VIC1,72.20087,4258.62,815.7,-24,9255.31786,5074.32,4316.62908,4287.82,143.34743,829.10785,828.31786,4996.697859999999
2026-01-04 00:30:00,NSW1,77.94,6545.01,-869.01,-29,10865.75646,5676.0,6604.22778,6564.76,103.53513,541.75646,541.75646,4320.74646
2026-01-04 00:30:00,QLD1,71.94292,6104.49,555.18,-25,10676.57349,6659.67,6142.90699,6110.56,32.147,1046.6196,1046.57349,4572.083490000001
2026-01-04 00:30:00,SA1,77.90325,1400.78,-399.17,-1,2868.60483,1001.6,1413.59082,1403.59,0.0,874.60483,874.60483,1467.8248300000002
2026-01-04 00:30:00,TAS1,50.18,833.27,0.0,-1,1784.21389,833.27,832.99127,833.27,111.12137,78.21389,78.21389,950.94389
2026-01-04 00:30:00,VIC1,71.38558,4225.23,768.26,-21,9250.49425,5005.49,4282.37377,4263.86,143.68169,824.28424,823.49425,5025.26425
2026-01-04 00:35:00,NSW1,80.02,6545.98,-873.77,-30,10856.56512,5672.21,6603.5109,6565.99,102.26512,532.56512,532.56512,4310.58512
2026-01-04 00:35:00,QLD1,73.44766,6148.21,568.09,-25,10679.22995,6716.3,6177.93564,6154.52,32.591,1053.24367,1053.22995,4531.019950000001
2026-01-04 00:35:00,SA1,81.11644,1401.16,-440.27,-2,2804.88913,960.89,1408.5791,1404.62,0.0,849.88913,849.88913,1403.72913
2026-01-04 00:35:00,TAS1,50.18,829.35,0.0,-1,1785.61513,829.35,828.51166,829.35,115.32198,79.61513,79.61513,956.26513
2026-01-04 00:35:00,VIC1,73.69,4210.7,805.3,-19,9270.74116,5016.0,4271.39489,4240.27,150.32531,844.53115,843.74116,5060.04116
2026-01-04 00:40:00,NSW1,80.02,6537.32,-890.78,-31,10833.29435,5646.54,6588.5325,6558.62,100.85512,509.29435,509.29435,4295.97435
2026-01-04 00:40:00,QLD1,73.3944,6121.34,587.01,-21,10661.40046,6708.35,6135.8312,6128.26,32.271,1035.40046,1035.40046,4540.060460000001
2026-01-04 00:40:00,SA1,81.843,1409.31,-466.69,-1,2775.61639,942.62,1410.35679,1413.32,0.0,820.61639,820.61639,1366.3063900000002
2026-01-04 00:40:00,TAS1,50.18,834.44,0.0,-1,1781.4763,834.44,833.74847,834.44,114.30861,75.4763,75.4763,947.0363
2026-01-04 00:40:00,VIC1,73.67,4161.93,834.74,-19,9282.94879,4996.67,4224.85639,4193.96,163.92406,877.73878,876.94879,5121.01879
2026-01-04 00:45:00,NSW1,80.02,6534.61,-899.63,-33,10805.33767,5634.98,6588.1443,6556.54,99.08512,481.33767,481.33767,4270.727670000001
2026-01-04 00:45:00,QLD1,73.36267,6100.77,596.81,-15,10651.87021,6697.58,6111.10156,6108.02,32.24,1027.87021,1027.87021,4551.100209999999
2026-01-04 00:45:00,SA1,82.6139,1422.78,-505.14,-1,2774.63767,917.64,1423.53937,1427.67,0.0,819.63767,819.63767,1351.85767
2026-01-04 00:45:00,TAS1,50.18,828.81,0.0,-1,1781.08757,828.81,830.03821,828.81,113.69493,75.08757,75.08757,952.27757
2026-01-04 00:45:00,VIC1,73.67,4140.54,877.86,-18,9230.16507,5018.41,4206.1565,4176.38,170.74632,888.95506,888.16507,5089.625069999999
2026-01-04 00:50:00,NSW1,80.02,6466.13,-910.92,-35,10796.11263,5555.22,6533.02939,6487.7,98.08512,472.11263,472.11263,4329.98263
2026-01-04 00:50:00,QLD1,73.3532,6093.6,571.95,-8,10694.04245,6665.54,6117.84001,6100.21,33.587,1070.04245,1070.04245,4600.4424500000005
2026-01-04 00:50:00,SA1,81.92311,1412.78,-483.48,-1,2778.30255,929.3,1423.79638,1417.21,0.0,824.30255,824.30255,1365.52255
2026-01-04 00:50:00,TAS1,50.18,826.69,0.0,-1,1778.26486,826.69,828.41333,826.69,113.34972,72.26486,72.26486,951.57486
2026-01-04 00:50:00,VIC1,73.36566,4117.56,890.72,-19,9223.27577,5008.28,4189.44706,4153.23,180.75492,914.06576,913.27577,5105.71577
2026-01-04 00:55:00,NSW1,77.89484,6442.8,-966.84,-34,10819.01365,5475.97,6499.13389,6468.01,97.90512,495.01365,495.01365,4376.213650000001
2026-01-04 00:55:00,QLD1,70.90846,6057.15,631.18,-6,10726.40461,6688.33,6074.28751,6065.51,33.357,1101.40461,1101.40461,4669.25461
2026-01-04 00:55:00,SA1,80.44,1430.69,-518.98,-1,2777.12647,911.71,1435.20942,1435.95,0.0,823.12647,823.12647,1346.43647
2026-01-04 00:55:00,TAS1,50.18,829.73,0.0,-1,1779.51673,829.73,832.24219,829.73,106.757,73.51673,73.51673,949.78673
2026-01-04 00:55:00,VIC1,71.49334,4096.23,932.93,-18,9266.16358,5029.16,4160.47241,4135.71,180.96728,940.95357,940.16358,5169.933580000001
2026-01-04 01:00:00,NSW1,68.4325,6409.91,-975.52,-31,10805.62539,5434.4,6474.98201,6432.37,95.88512,481.62539,481.62539,4395.715389999999
2026-01-04 01:00:00,QLD1,63.82987,6006.87,481.03,-6,10737.31978,6487.9,6027.2118,6011.5,32.916,1115.31978,1115.31978,4730.44978
2026-01-04 01:00:00,SA1,67.41207,1437.08,-448.78,-1,2761.29981,988.3,1440.05956,1440.95,0.0,807.29981,807.29981,1324.21981
2026-01-04 01:00:00,TAS1,50.16388,817.94,0.0,-1,1780.33917,817.94,820.22845,817.94,114.54424,74.33917,74.33917,962.39917
2026-01-04 01:00:00,VIC1,61.05365,4068.88,1017.18,-19,9298.06508,5086.07,4138.99908,4111.84,183.14481,968.85507,968.06508,5229.18508
2026-01-04 01:05:00,NSW1,80.02,6402.83,-990.49,-29,10800.94726,5414.34,6465.16751,6431.85,92.71512,476.94726,476.94726,4398.117260000001
2026-01-04 01:05:00,QLD1,72.33882,6010.59,655.07,-9,10717.67192,6665.66,6040.44186,6019.79,32.965,1117.67192,1117.67192,4707.0819200000005
2026-01-04 01:05:00,SA1,82.81559,1439.16,-536.09,-2,2749.0631,903.06,1433.90971,1444.76,0.0,795.0631,795.0631,1309.9030999999998
2026-01-04 01:05:00,TAS1,50.16388,812.7,0.0,-1,1782.95297,812.7,813.92767,812.7,121.30142,76.95297,76.95297,970.25297
2026-01-04 01:05:00,VIC1,73.45825,4085.99,954.75,-19,9264.73669,5040.74,4147.92197,4127.4,184.46217,965.52668,964.73669,5178.74669
2026-01-04 01:10:00,NSW1,80.02,6399.6,-948.49,-24,10787.09651,5484.12,6473.96716,6458.34,92.60809,463.09651,463.09651,4387.496509999999
2026-01-04 01:10:00,QLD1,72.32755,6008.33,651.33,-8,10732.11301,6659.66,6026.64082,6017.44,33.036,1116.13556,1116.11301,4723.783009999999
2026-01-04 01:10:00,SA1,83.06365,1423.43,-531.42,-3,2751.00918,892.01,1430.34961,1428.94,0.0,797.00918,797.00918,1327.57918
2026-01-04 01:10:00,TAS1,50.14,804.94,0.0,-1,1782.0703,804.94,808.79932,804.94,127.25161,76.0703,76.0703,977.1303
2026-01-04 01:10:00,VIC1,73.67,4065.96,907.77,-21,9258.2733,4973.73,4127.06753,4104.8,184.71586,962.06329,961.2733,5192.313300000001
2026-01-04 01:15:00,NSW1,70.92195,6402.32,-1153.16,-21,10762.08842,5249.16,6509.38855,6433.97,92.25809,438.08842,438.08842,4359.76842
2026-01-04 01:15:00,QLD1,64.95,6038.07,587.96,-9,10710.02452,6626.03,6052.40762,6045.27,33.018,1102.05816,1102.02452,4671.954520000001
2026-01-04 01:15:00,SA1,66.81206,1406.78,-295.34,-3,2742.44554,1111.45,1414.323,1408.31,0.0,789.44554,789.44554,1335.6655400000002
2026-01-04 01:15:00,TAS1,50.14,780.66,0.0,-1,1780.64155,780.66,783.24451,780.66,131.33791,74.64155,74.64155,999.98155
2026-01-04 01:15:00,VIC1,62.70015,4047.97,939.93,-18,9236.90413,4996.9,4110.58398,4096.0,191.91896,963.69412,962.90413,5188.9341300000015
2026-01-04 01:20:00,NSW1,70.49001,6373.2,-1158.53,-18,10754.71317,5214.67,6457.87612,6404.79,91.41809,430.71317,430.71317,4381.513170000001
2026-01-04 01:20:00,QLD1,64.95,6022.08,552.37,-5,10649.51777,6574.45,6048.40511,6028.36,32.789,1109.58174,1109.51777,4627.4377700000005
2026-01-04 01:20:00,SA1,65.03315,1408.78,-236.31,-4,2747.47376,1172.47,1407.02752,1409.67,0.0,794.47376,794.47376,1338.69376
2026-01-04 01:20:00,TAS1,50.14,780.57,0.0,-1,1783.62043,780.57,781.49719,780.57,132.52157,77.62043,77.62043,1003.05043
2026-01-04 01:20:00,VIC1,61.85722,4036.8,920.93,-19,9177.72363,4957.72,4110.23973,4076.5,185.40508,944.51362,943.72363,5140.92363
2026-01-04 01:25:00,NSW1,80.02,6352.22,-1062.94,-18,10751.95516,5324.28,6432.53029,6417.98,91.31809,427.95516,427.95516,4399.735159999999
2026-01-04 01:25:00,QLD1,71.9,5988.85,680.06,-7,10658.15289,6668.9,6022.70764,5998.9,32.672,1089.17474,1089.15289,4669.302889999999
2026-01-04 01:25:00,SA1,80.246,1401.13,-441.36,-4,2743.77568,959.78,1401.10974,1404.75,0.0,790.77568,790.77568,1342.64568
2026-01-04 01:25:00,TAS1,50.14,784.15,0.0,-1,1782.04842,784.15,784.63037,784.15,128.01585,76.04842,76.04842,997.89842
2026-01-04 01:25:00,VIC1,72.77592,4024.23,904.43,-18,9128.66152,4928.66,4089.86542,4059.98,181.40859,922.45151,921.66152,5104.43152
2026-01-04 01:30:00,NSW1,70.13087,6317.14,-1065.07,-17,10793.46178,5252.07,6411.06519,6344.47,90.88809,469.46178,469.46178,4476.321779999999
2026-01-04 01:30:00,QLD1,64.95,5972.11,505.09,-12,10632.26888,6477.2,5996.01684,5977.41,32.155,1064.26888,1064.26888,4660.15888
2026-01-04 01:30:00,SA1,65.95052,1378.9,-281.94,-5,2730.95856,1096.96,1385.59438,1380.22,0.0,777.95856,777.95856,1352.05856
2026-01-04 01:30:00,TAS1,50.14,794.11,0.0,-1,1780.18482,794.11,794.6778,794.11,128.88878,74.18482,74.18482,986.07482
2026-01-04 01:30:00,VIC1,61.95142,4002.46,913.33,-17,9106.78901,4915.79,4059.17194,4039.93,182.18447,912.579,911.78901,5104.32901
2026-01-04 01:35:00,NSW1,80.65537,6306.57,-1052.8,-18,10820.31917,5275.77,6368.12898,6360.86,92.04809,496.31917,496.31917,4513.749170000001
2026-01-04 01:35:00,QLD1,71.91,5964.25,717.52,-18,10660.3312,6681.77,6002.54878,5975.69,33.009,1080.3312,1080.3312,4696.0812000000005
2026-01-04 01:35:00,SA1,82.91155,1378.27,-516.73,-7,2726.53684,861.54,1386.00576,1383.38,0.0,771.53684,771.53684,1348.2668400000002
2026-01-04 01:35:00,TAS1,50.18,795.14,0.0,-1,1784.04455,795.14,797.25244,795.14,125.53869,78.04455,78.04455,988.90455
2026-01-04 01:35:00,VIC1,73.69,3994.13,940.68,-17,9028.42873,4947.81,4051.92429,4046.97,180.80566,905.21872,904.42873,5034.29873
2026-01-04 01:40:00,NSW1,68.08859,6327.55,-983.89,-18,10828.46377,5343.67,6407.23366,6351.18,92.71908,504.46377,504.46377,4500.91377
2026-01-04 01:40:00,QLD1,63.83017,5948.56,435.98,-14,10593.04693,6384.54,5971.7644,5952.4,33.61,1035.14185,1035.04693,4644.48693
2026-01-04 01:40:00,SA1,64.60219,1366.72,-338.46,-6,2694.25558,1028.26,1384.39917,1368.74,0.0,740.25558,740.25558,1327.53558
2026-01-04 01:40:00,TAS1,50.18,796.82,0.0,-1,1789.24062,796.82,799.68921,796.82,123.42435,83.24062,83.24062,992.42062
2026-01-04 01:40:00,VIC1,60.11011,3930.19,955.6,-16,8900.79154,4885.79,4010.61302,3969.93,184.77981,904.58153,903.79154,4970.60154
2026-01-04 01:45:00,NSW1,80.49359,6284.11,-875.14,-18,10871.57156,5408.98,6343.27394,6304.75,92.22809,547.57156,547.57156,4587.461560000001
2026-01-04 01:45:00,QLD1,74.07603,5972.5,539.08,-15,10572.47608,6513.58,6006.40664,5980.65,32.98,1020.54175,1020.47608,4599.97608
2026-01-04 01:45:00,SA1,82.7208,1365.2,-506.48,-7,2694.72316,858.72,1387.34863,1370.21,0.0,747.72316,747.72316,1329.52316
2026-01-04 01:45:00,TAS1,50.18,797.8,0.0,-1,1786.27108,797.8,801.15186,797.8,127.62391,80.27108,80.27108,988.47108
2026-01-04 01:45:00,VIC1,73.69,3904.92,912.77,-15,8753.89851,4817.7,3959.60537,3943.37,190.3678,849.6885,848.89851,4848.978510000001
2026-01-04 01:50:00,NSW1,77.94,6277.05,-879.11,-19,10867.22245,5397.94,6323.61668,6298.85,92.86809,543.22245,543.22245,4590.172449999999
2026-01-04 01:50:00,QLD1,71.65235,5930.35,566.64,-19,10588.7207,6498.98,5952.35986,5939.36,32.992,1004.7207,1004.7207,4658.3707
2026-01-04 01:50:00,SA1,80.44,1369.19,-524.66,-6,2586.89888,844.53,1385.96465,1374.53,0.0,715.89888,715.89888,1217.70888
2026-01-04 01:50:00,TAS1,50.18,798.08,0.0,-1,1784.65756,798.08,802.8902,798.08,127.27149,78.65756,78.65756,986.57756
2026-01-04 01:50:00,VIC1,71.36464,3890.53,910.36,-15,8746.88585,4800.89,3951.47694,3929.59,189.85481,883.67584,882.88585,4856.35585
2026-01-04 01:55:00,NSW1,77.94,6251.5,-892.98,-20,10844.16781,5358.53,6299.04435,6274.6,93.17093,521.16781,521.16781,4592.667810000001
2026-01-04 01:55:00,QLD1,71.15126,5898.21,585.28,-16,10578.13378,6487.49,5917.89802,5909.86,32.86,993.20125,993.13378,4679.92378
2026-01-04 01:55:00,SA1,80.44,1355.05,-541.31,-7,2583.01456,813.74,1377.31939,1360.74,0.0,713.01456,713.01456,1227.96456
2026-01-04 01:55:00,TAS1,50.18,799.4,0.0,-1,1784.77844,799.4,804.82275,799.4,123.55188,78.77844,78.77844,985.37844
2026-01-04 01:55:00,VIC1,71.3419,3876.03,926.02,-14,8763.05447,4826.05,3936.6852,3940.62,177.69332,912.84446,912.05447,4887.024469999999
2026-01-04 02:00:00,NSW1,71.13508,6214.14,-883.58,-19,10844.07542,5330.56,6260.00866,6236.79,93.24093,521.07542,521.07542,4629.935419999999
2026-01-04 02:00:00,QLD1,64.95,5915.0,583.94,-20,10419.89305,6499.94,5938.85368,5923.58,32.252,1005.95042,1005.89305,4504.893050000001
2026-01-04 02:00:00,SA1,74.93449,1354.07,-590.6,-6,2571.46577,763.47,1375.07841,1360.97,0.0,703.46577,703.46577,1217.39577
2026-01-04 02:00:00,TAS1,50.18,801.27,0.0,-1,1780.53928,801.27,806.72803,801.27,118.90147,74.53928,74.53928,979.26928
2026-01-04 02:00:00,VIC1,65.61331,3868.2,972.89,-15,8776.09011,4841.09,3948.69775,3913.71,176.68049,915.8801,915.09011,4907.890109999999
2026-01-04 02:05:00,NSW1,80.50546,6225.41,-900.62,-18,10948.48158,5324.79,6280.62903,6248.48,94.44093,525.48158,525.48158,4723.07158
2026-01-04 02:05:00,QLD1,73.51589,5911.27,580.19,-19,10407.90204,6492.46,5937.9121,5919.73,34.381,995.91972,995.90204,4496.63204
2026-01-04 02:05:00,SA1,84.13799,1346.32,-586.96,-6,2536.35962,759.36,1371.66187,1353.1,0.0,669.35962,669.35962,1190.0396200000002
2026-01-04 02:05:00,TAS1,50.18,800.91,0.0,-1,1781.48104,800.91,806.23535,800.91,122.38642,75.48104,75.48104,980.57104
2026-01-04 02:05:00,VIC1,73.69,3876.47,991.0,-14,8797.02771,4867.47,3936.43006,3922.77,169.83315,926.8177,926.02771,4920.557710000001
2026-01-04 02:10:00,NSW1,81.92221,6181.55,-883.82,-16,10947.61352,5297.74,6241.93691,6204.07,93.63093,524.61352,524.61352,4766.063520000001
2026-01-04 02:10:00,QLD1,74.75003,5867.71,569.69,-16,10366.73793,6437.4,5896.55581,5875.0,33.76,958.74479,958.73793,4499.027929999999
2026-01-04 02:10:00,SA1,86.35872,1347.81,-620.07,-5,2503.73483,727.73,1362.61231,1355.45,0.0,637.73483,637.73483,1155.92483
2026-01-04 02:10:00,TAS1,50.18,802.0,0.0,-1,1782.97064,802.0,806.36127,802.0,120.82993,76.97064,76.97064,980.97064
2026-01-04 02:10:00,VIC1,74.97855,3848.52,1021.48,-12,8787.99682,4870.0,3912.98577,3898.35,173.27272,949.78681,948.99682,4939.47682
2026-01-04 02:15:00,NSW1,69.71484,6140.02,-954.07,-15,11003.0237,5185.95,6201.34934,6163.4,93.01093,580.0237,580.0237,4863.003699999999
2026-01-04 02:15:00,QLD1,64.75,5802.56,464.81,-13,10347.40892,6267.37,5841.88462,5807.41,33.952,931.41578,931.40892,4544.848919999999
2026-01-04 02:15:00,SA1,69.38685,1331.51,-477.9,-5,2506.61013,853.61,1351.37119,1335.78,0.0,642.61013,642.61013,1175.10013
2026-01-04 02:15:00,TAS1,50.39364,800.63,0.0,-1,1778.93411,800.63,804.44891,800.63,119.5384,72.93411,72.93411,978.30411
2026-01-04 02:15:00,VIC1,62.4313,3854.55,1045.4,-12,8815.95054,4899.95,3924.27037,3900.29,182.79466,986.74053,985.95054,4961.40054
2026-01-04 02:20:00,NSW1,70.36501,6130.14,-916.42,-15,11050.27171,5213.71,6202.21063,6153.13,93.02093,567.27171,567.27171,4920.131710000001
2026-01-04 02:20:00,QLD1,64.95,5794.19,520.36,-15,10222.03583,6314.55,5837.89142,5800.35,33.267,891.04269,891.03583,4427.845830000001
2026-01-04 02:20:00,SA1,73.42608,1310.09,-624.65,-5,2542.43924,685.44,1328.72582,1317.71,0.0,625.43924,625.43924,1232.3492400000002
2026-01-04 02:20:00,TAS1,50.39364,803.4,0.0,0,1779.24293,803.4,806.92432,803.4,118.33714,73.24293,73.24293,975.84293
2026-01-04 02:20:00,VIC1,63.83278,3821.09,1112.71,-11,8850.79965,4941.8,3886.41386,3884.32,187.18121,1028.58964,1027.79965,5029.709650000001
2026-01-04 02:25:00,NSW1,86.63361,6134.66,-933.07,-15,10983.66013,5214.59,6171.9515,6170.91,93.21093,560.66013,560.66013,4849.00013
2026-01-04 02:25:00,QLD1,79.99,5840.27,511.67,-16,10277.6998,6351.93,5863.66842,5846.16,33.124,871.71212,871.6998,4437.4298
2026-01-04 02:25:00,SA1,89.8302,1312.97,-621.25,-5,2553.71655,691.72,1333.26282,1320.51,0.0,601.71655,601.71655,1240.74655
2026-01-04 02:25:00,TAS1,50.39364,807.68,0.0,0,1776.31846,807.68,811.06018,807.68,112.95008,70.31846,70.31846,968.63846
2026-01-04 02:25:00,VIC1,78.08314,3818.37,1135.78,-11,8826.15626,4954.16,3894.13393,3874.81,188.56139,1038.94625,1038.15626,5007.78626
2026-01-04 02:30:00,NSW1,66.94988,6068.15,-915.35,-13,10993.81345,5215.81,6137.27712,6153.18,102.90489,570.81345,570.81345,4925.66345
2026-01-04 02:30:00,QLD1,63.73,5780.5,324.52,-15,10240.66178,6105.03,5838.72378,5782.74,32.812,856.66178,856.66178,4460.16178
2026-01-04 02:30:00,SA1,65.99312,1316.43,-520.17,-6,2529.26067,796.26,1332.69605,1321.55,0.0,577.26067,577.26067,1212.83067
2026-01-04 02:30:00,TAS1,50.39364,803.4,0.0,0,1774.28625,803.4,807.4751,803.4,115.63656,68.28625,68.28625,970.88625
2026-01-04 02:30:00,VIC1,58.66285,3814.16,1198.02,-10,8881.17934,5012.18,3890.31054,3871.81,192.21852,1098.96933,1098.17934,5067.019340000001
2026-01-04 02:35:00,NSW1,68.73352,6055.24,-920.51,-13,11005.286,5134.73,6171.62376,6077.41,111.23197,582.286,582.286,4950.046
2026-01-04 02:35:00,QLD1,63.83017,5795.5,467.44,-13,10231.26599,6262.94,5844.26459,5800.42,32.841,839.26599,839.26599,4435.76599
2026-01-04 02:35:00,SA1,76.14842,1314.15,-670.16,-5,2535.98593,643.99,1329.96469,1322.83,0.0,583.98593,583.98593,1221.8359299999995
2026-01-04 02:35:00,TAS1,50.18,799.64,0.0,0,1772.18575,799.64,803.4245,799.64,112.34044,66.18575,66.18575,972.54575
2026-01-04 02:35:00,VIC1,61.537,3801.15,1224.75,-9,8934.90221,5026.9,3871.62658,3867.9,191.31284,1111.6922,1110.90221,5133.752210000001
2026-01-04 02:40:00,NSW1,89.94447,6013.86,-911.92,-13,11012.84462,5133.94,6067.32944,6067.16,118.48419,589.84462,589.84462,4998.98462
2026-01-04 02:40:00,QLD1,84.65159,5805.9,382.55,-11,10184.89137,6188.45,5845.87907,5809.1,32.512,798.89137,798.89137,4378.99137
2026-01-04 02:40:00,SA1,92.43328,1311.45,-647.15,-5,2525.29704,664.3,1330.68808,1319.6,0.0,574.29704,574.29704,1213.84704
2026-01-04 02:40:00,TAS1,50.18,804.53,0.0,0,1772.64459,804.53,807.27307,804.53,109.81188,66.64459,66.64459,968.11459
2026-01-04 02:40:00,VIC1,80.0,3795.14,1276.24,-8,8884.25374,5071.38,3874.69837,3862.22,202.23007,1117.04373,1116.25374,5089.113740000001
2026-01-04 02:45:00,NSW1,67.22339,6003.76,-923.3,-11,11065.18638,5081.46,6087.65459,6029.2,116.92183,582.18638,582.18638,5061.426379999999
2026-01-04 02:45:00,QLD1,64.75003,5781.62,237.5,-11,10142.97299,6020.12,5800.42718,5783.75,32.761,758.98395,758.97299,4361.35299
2026-01-04 02:45:00,SA1,65.19637,1292.75,-518.54,-4,2515.21475,774.21,1301.8992,1297.72,0.0,564.21475,564.21475,1222.46475
2026-01-04 02:45:00,TAS1,50.18,806.6,0.0,0,1776.67834,806.6,809.71436,806.6,109.69532,70.67834,70.67834,970.07834
2026-01-04 02:45:00,VIC1,58.02528,3806.33,1301.03,-8,8925.3649,5107.36,3873.17003,3872.49,205.21088,1134.15489,1133.3649,5119.034900000001
2026-01-04 02:50:00,NSW1,76.99081,6044.22,-1003.38,-12,11020.31212,5040.83,6094.81792,6069.96,115.51902,577.31212,577.31212,4976.09212
2026-01-04 02:50:00,QLD1,71.9,5780.43,451.92,-7,10087.16103,6236.35,5800.49081,5789.09,33.759,721.17199,721.16103,4306.731029999999
2026-01-04 02:50:00,SA1,80.44,1306.73,-658.18,-4,2477.11195,648.56,1319.55434,1315.05,0.0,569.11195,569.11195,1170.38195
2026-01-04 02:50:00,TAS1,50.18,806.73,0.0,0,1773.97454,806.73,808.68787,806.73,113.03642,67.97454,67.97454,967.24454
2026-01-04 02:50:00,VIC1,67.93212,3813.7,1319.46,-7,8957.16363,5139.16,3882.5961,3890.8,201.11436,1165.95362,1165.16363,5143.463629999999
2026-01-04 02:55:00,NSW1,82.39186,6018.56,-945.99,-11,11031.90471,5072.56,6078.32014,6044.75,117.14778,588.90471,588.90471,5013.34471
2026-01-04 02:55:00,QLD1,79.99,5893.41,210.45,-9,10058.64398,6106.87,5901.63953,5897.16,32.759,681.64398,681.64398,4165.233980000001
2026-01-04 02:55:00,SA1,79.40725,1301.22,-516.24,-3,2481.98688,784.99,1310.12475,1306.19,0.0,574.98688,574.98688,1180.76688
2026-01-04 02:55:00,TAS1,50.18,792.93,0.0,0,1769.19317,792.93,794.75696,792.93,116.50214,63.19317,63.19317,976.26317
2026-01-04 02:55:00,VIC1,70.62965,3786.28,1354.88,-7,8914.15468,5141.15,3869.29528,3857.47,198.8797,1167.94467,1167.15468,5127.874679999999
2026-01-04 03:00:00,NSW1,66.40846,5995.27,-908.51,-9,11013.93048,5086.76,6049.27957,6020.81,124.26968,569.93048,569.93048,5018.6604800000005
2026-01-04 03:00:00,QLD1,64.75002,5797.83,176.26,-4,10026.99369,5977.08,5812.69017,5801.39,32.496,693.99369,693.99369,4229.163689999999
2026-01-04 03:00:00,SA1,64.00933,1294.95,-528.82,-3,2531.12481,766.12,1309.6779,1300.19,0.0,581.12481,581.12481,1236.1748099999998
2026-01-04 03:00:00,TAS1,50.18,791.4,0.0,0,1770.74968,791.4,792.64172,791.4,118.97398,64.74968,64.74968,979.34968
2026-01-04 03:00:00,VIC1,56.93802,3782.79,1364.35,-6,8949.1399,5147.14,3862.58261,3854.72,203.80593,1173.92989,1173.1399,5166.3499
2026-01-04 03:05:00,NSW1,78.6142,6006.82,-1011.91,-9,11022.73237,4994.92,6055.75383,6034.22,124.72557,538.73237,538.73237,5015.91237
2026-01-04 03:05:00,QLD1,74.75003,5768.68,315.25,-4,10036.72024,6083.93,5764.47554,5770.87,33.111,692.72399,692.72024,4268.04024
2026-01-04 03:05:00,SA1,76.63256,1296.88,-553.52,-3,2526.36267,743.36,1306.50718,1302.61,0.0,575.36267,575.36267,1229.48267
2026-01-04 03:05:00,TAS1,50.18,791.04,0.0,0,1769.05101,791.04,791.80481,791.04,119.40217,63.05101,63.05101,978.01101
2026-01-04 03:05:00,VIC1,67.87031,3779.07,1356.97,-6,8964.03428,5136.03,3855.82231,3850.54,209.58181,1167.82427,1167.03428,5184.96428
2026-01-04 03:10:00,NSW1,79.64605,5993.43,-959.23,-7,11009.96613,5060.2,6050.516,6043.28,117.42771,525.96613,525.96613,5016.53613
2026-01-04 03:10:00,QLD1,74.75002,5744.2,402.46,-6,10060.75768,6147.66,5731.33816,5749.0,32.995,706.75768,706.75768,4316.557680000001
2026-01-04 03:10:00,SA1,83.06048,1326.65,-653.6,-2,2534.05003,673.05,1328.48688,1335.01,0.0,583.05003,583.05003,1207.4000299999998
2026-01-04 03:10:00,TAS1,50.18,803.35,0.0,0,1769.22181,803.35,804.47083,803.35,120.45315,63.22181,63.22181,965.87181
2026-01-04 03:10:00,VIC1,70.33358,3752.67,1317.22,-5,8950.89296,5069.89,3834.10099,3823.52,212.65102,1156.68295,1155.89296,5198.222959999999
2026-01-04 03:15:00,NSW1,78.0971,5987.17,-973.76,-5,10987.09534,5013.41,6050.45085,6012.5,108.46366,503.09534,503.09534,4999.92534
2026-01-04 03:15:00,QLD1,74.75003,5801.36,293.86,-7,10067.3756,6095.22,5799.34567,5803.21,32.446,713.4111,713.3756,4266.0156
2026-01-04 03:15:00,SA1,68.56258,1314.04,-555.49,-1,2541.547,758.55,1326.5273,1319.95,0.0,590.547,590.547,1227.507
2026-01-04 03:15:00,TAS1,50.18,801.13,0.0,1,1773.09408,801.13,802.15344,801.13,121.43035,67.09408,67.09408,971.96408
2026-01-04 03:15:00,VIC1,54.03,3728.93,1338.2,-4,8928.93451,5099.93,3823.62357,3831.45,217.88642,1186.7245,1185.93451,5200.004509999999
2026-01-04 03:20:00,NSW1,62.92464,5972.11,-846.63,-5,10980.24068,5125.48,5999.20896,5996.94,105.09798,496.24068,496.24068,5008.130680000001
2026-01-04 03:20:00,QLD1,62.08287,5769.21,102.74,-5,10033.83143,5871.95,5770.27702,5769.35,33.123,700.83143,700.83143,4264.62143
2026-01-04 03:20:00,SA1,59.52856,1322.01,-435.22,0,2442.78935,886.79,1322.81697,1325.45,0.0,600.78935,600.78935,1120.77935
2026-01-04 03:20:00,TAS1,50.18,797.55,0.0,1,1774.93623,797.55,798.74902,797.55,123.70411,68.93623,68.93623,977.38623
2026-01-04 03:20:00,VIC1,54.03,3739.38,1271.57,-3,8951.8226,5094.82,3859.80687,3887.3,217.44158,1180.61259,1179.8226,5212.442599999999
2026-01-04 03:25:00,NSW1,77.94,6008.99,-948.82,-4,11072.08492,5060.17,6040.26818,6033.24,107.05637,468.08492,468.08492,5063.09492
2026-01-04 03:25:00,QLD1,74.08878,5732.38,314.01,-3,9968.29535,6046.4,5745.19399,5734.58,32.436,660.3672,660.29535,4235.91535
2026-01-04 03:25:00,SA1,77.91762,1296.26,-617.97,-1,2429.28904,678.29,1303.19066,1303.67,0.0,587.28904,587.28904,1133.02904
2026-01-04 03:25:00,TAS1,50.18,798.96,0.0,1,1771.59144,798.96,799.47498,798.96,120.3289,65.59144,65.59144,972.63144
2026-01-04 03:25:00,VIC1,67.75492,3724.47,1359.63,-3,8940.10156,5084.1,3893.78354,3797.46,224.26827,1170.89155,1170.10156,5215.63156
2026-01-04 03:30:00,NSW1,77.64487,5962.44,-972.46,-3,11043.75533,4989.98,5979.33715,5988.91,100.65,439.75533,439.75533,5081.31533
2026-01-04 03:30:00,QLD1,74.75002,5775.25,265.29,-7,9954.38376,6040.54,5780.11664,5776.75,33.745,633.44658,633.38376,4179.133760000001
2026-01-04 03:30:00,SA1,67.43037,1275.27,-505.85,-1,2430.4227,769.42,1287.34521,1279.97,0.0,588.4227,588.4227,1155.1527
2026-01-04 03:30:00,TAS1,50.18,798.41,0.0,1,1772.90777,798.41,799.05603,798.41,120.95304,66.90777,66.90777,974.49777
2026-01-04 03:30:00,VIC1,54.03,3724.23,1313.09,-2,8907.68524,5054.69,3809.50543,3809.0,221.46928,1141.47523,1140.68524,5183.455240000001
2026-01-04 03:35:00,NSW1,67.89288,6007.52,-933.61,-2,11042.19379,5073.92,6034.02076,6031.56,100.57057,438.19379,438.19379,5034.673789999999
2026-01-04 03:35:00,QLD1,64.95,5759.62,295.98,-4,9928.19157,6055.6,5756.30244,5761.54,33.402,635.22354,635.19157,4168.571570000001
2026-01-04 03:35:00,SA1,67.46614,1274.55,-603.23,-4,2437.32224,671.32,1289.48738,1281.51,0.0,594.32224,594.32224,1162.77224
2026-01-04 03:35:00,TAS1,50.18,804.05,0.0,1,1776.07054,804.05,804.0484,804.05,118.43091,70.07054,70.07054,972.02054
2026-01-04 03:35:00,VIC1,58.95641,3701.19,1345.45,-1,8903.63858,5046.64,3799.84098,3772.87,226.34442,1133.42857,1132.63858,5202.44858
2026-01-04 03:40:00,NSW1,80.08,5996.96,-1007.06,-1,10957.69079,4989.9,6014.78652,6023.66,100.52143,418.69079,418.69079,4960.7307900000005
2026-01-04 03:40:00,QLD1,75.6961,5784.02,342.72,-2,9891.6898,6126.74,5786.92744,5786.61,33.07,628.71766,628.6898,4107.6698
2026-01-04 03:40:00,SA1,69.95931,1283.75,-586.34,-4,2438.413,697.41,1303.39047,1290.37,0.0,596.413,596.413,1154.663
2026-01-04 03:40:00,TAS1,50.18,803.7,0.0,1,1781.51203,803.7,805.02734,803.7,117.27635,75.51203,75.51203,977.81203
2026-01-04 03:40:00,VIC1,54.03,3684.33,1359.11,-1,8905.61285,5049.61,3768.41853,3763.03,237.65363,1136.40284,1135.61285,5221.28285
2026-01-04 03:45:00,NSW1,80.67597,6002.28,-971.98,1,10826.08524,5038.31,6017.57122,6036.33,99.00383,412.08524,412.08524,4823.805240000001
2026-01-04 03:45:00,QLD1,77.18208,5772.23,302.2,2,9866.72662,6074.43,5760.89275,5774.24,32.467,617.7607,617.72662,4094.49662
2026-01-04 03:45:00,SA1,80.44,1266.29,-615.04,-3,2412.82741,651.24,1276.27423,1273.51,0.0,575.82741,575.82741,1146.53741
2026-01-04 03:45:00,TAS1,50.18,803.64,0.0,1,1779.16243,803.64,803.64709,803.64,119.14952,73.16243,73.16243,975.52243
2026-01-04 03:45:00,VIC1,70.01298,3686.28,1396.52,0,8937.80477,5082.8,3776.93421,3762.71,242.34086,1169.59476,1168.80477,5251.52477
2026-01-04 03:50:00,NSW1,83.56354,5978.94,-1000.32,1,10805.44081,4985.62,5985.64392,6013.92,103.59444,403.44081,403.44081,4826.5008100000005
2026-01-04 03:50:00,QLD1,79.99,5823.91,276.12,-2,9853.87842,6100.03,5805.84253,5825.51,32.677,616.87842,616.87842,4029.9684199999992
2026-01-04 03:50:00,SA1,69.5817,1256.29,-482.07,-4,2390.22553,774.23,1272.1792,1260.48,0.0,564.22553,564.22553,1133.9355300000002
2026-01-04 03:50:00,TAS1,50.18,801.89,0.0,1,1786.0887,801.89,803.46521,801.89,119.46373,80.0887,80.0887,984.1987
2026-01-04 03:50:00,VIC1,54.03,3687.01,1307.63,1,8932.64186,5090.64,3768.62517,3850.6,248.59862,1177.43185,1176.64186,5245.63186
2026-01-04 03:55:00,NSW1,77.94,5990.38,-1034.62,3,10751.98146,4971.76,5988.19786,6036.2,96.78881,406.98146,406.98146,4761.601460000001
2026-01-04 03:55:00,QLD1,74.75002,5823.19,273.56,3,9796.2047,6096.75,5803.03424,5824.75,33.486,636.2047,636.2047,3973.0147000000006
2026-01-04 03:55:00,SA1,66.58577,1274.25,-459.88,-4,2375.3632,814.36,1287.51489,1278.1,0.0,554.3632,554.3632,1101.1131999999998
2026-01-04 03:55:00,TAS1,50.14,798.13,0.0,1,1790.17904,798.13,798.40674,798.13,123.4503,84.17904,84.17904,992.04904
2026-01-04 03:55:00,VIC1,54.03,3669.42,1325.96,2,8908.91586,5060.92,3833.41498,3804.74,252.18858,1147.70585,1146.91586,5239.495859999999
2026-01-04 04:00:00,NSW1,67.48427,5944.18,-1018.1,1,10734.46494,4948.08,5997.37021,5996.72,91.2466,402.46494,402.46494,4790.28494
2026-01-04 04:00:00,QLD1,64.94996,5752.86,233.97,1,10005.99828,5986.83,5767.4019,5754.0,32.429,627.99828,627.99828,4253.13828
2026-01-04 04:00:00,SA1,61.11634,1255.35,-428.44,-4,2379.90552,826.91,1271.32432,1258.56,0.0,566.90552,566.90552,1124.55552
2026-01-04 04:00:00,TAS1,50.18,800.0,0.0,0,1787.32366,800.0,799.62842,800.0,124.11383,81.32366,81.32366,987.32366
2026-01-04 04:00:00,VIC1,54.03,3676.63,1317.29,1,8944.88427,5059.88,3822.53566,3812.41,249.49502,1146.67426,1145.88427,5268.25427
2026-01-04 04:05:00,NSW1,86.0,6032.87,-1150.78,1,10769.11696,4993.09,6082.89683,6179.06,90.6266,416.11696,416.11696,4736.24696
2026-01-04 04:05:00,QLD1,80.93924,5752.79,379.8,1,10026.16043,6132.59,5739.74393,5756.09,31.976,619.16043,619.16043,4273.37043
2026-01-04 04:05:00,SA1,71.59,1252.28,-560.9,-3,2393.10546,691.38,1259.31643,1258.11,0.0,573.10546,573.10546,1140.8254600000002
2026-01-04 04:05:00,TAS1,35.1,800.12,0.0,0,1782.09117,800.12,800.45898,800.12,124.95915,78.09117,78.09117,981.97117
2026-01-04 04:05:00,VIC1,54.15199,3670.6,1458.64,-1,9013.24297,5129.24,3816.30146,3753.05,251.51652,1156.03296,1155.24297,5342.642969999999
2026-01-04 04:10:00,NSW1,66.74087,6035.72,-1017.71,6,11440.2387,5018.0,6168.39693,6065.07,90.37661,417.2387,417.2387,5404.5187
2026-01-04 04:10:00,QLD1,63.83017,5747.62,277.7,0,9989.80245,6025.32,5728.63692,5749.31,30.758,612.81407,612.80245,4242.182449999999
2026-01-04 04:10:00,SA1,62.91625,1264.74,-561.1,-3,2388.63554,703.64,1276.31045,1270.64,0.0,568.63554,568.63554,1123.8955400000002
2026-01-04 04:10:00,TAS1,35.1,808.74,0.0,1,1781.17744,808.74,814.91455,808.74,115.92312,77.17744,77.17744,972.43744
2026-01-04 04:10:00,VIC1,54.03,3683.38,1416.17,0,9051.69366,5132.69,3755.23014,3794.63,260.44208,1159.48365,1158.69366,5368.313660000001
2026-01-04 04:15:00,NSW1,78.57584,6049.98,-1152.23,8,10794.59512,4962.75,6059.76349,6151.3,90.02661,403.59512,403.59512,4744.61512
2026-01-04 04:15:00,QLD1,74.75003,5781.84,321.83,0,10004.428,6103.67,5782.24714,5784.09,30.668,610.47235,610.428,4222.588
2026-01-04 04:15:00,SA1,65.4971,1250.86,-396.7,-1,2412.16203,854.16,1262.05163,1253.56,0.0,594.16203,594.16203,1161.30203
2026-01-04 04:15:00,TAS1,35.1,808.95,0.0,1,1777.69044,808.95,811.66571,808.95,115.791,73.69044,73.69044,968.74044
2026-01-04 04:15:00,VIC1,54.03,3694.83,1342.33,2,9064.82367,5132.82,3795.3799,3864.46,253.92575,1159.61366,1158.82367,5369.99367
2026-01-04 04:20:00,NSW1,67.0051,6022.73,-1034.15,8,10794.51603,4997.58,6112.70931,6063.98,90.2766,403.51603,403.51603,4771.786030000001
2026-01-04 04:20:00,QLD1,64.95,5805.68,219.39,2,9958.93273,6025.07,5795.44005,5806.61,30.731,611.93273,611.93273,4153.25273
2026-01-04 04:20:00,SA1,61.93803,1248.18,-515.57,0,2401.61864,732.62,1257.94661,1253.01,0.0,575.61864,575.61864,1153.43864
2026-01-04 04:20:00,TAS1,35.1,814.36,0.0,2,1773.06678,814.36,816.52832,814.36,110.12513,69.06678,69.06678,958.70678
2026-01-04 04:20:00,VIC1,54.03,3714.18,1449.88,3,9128.31454,5174.31,3876.35766,3805.98,249.92314,1201.10453,1200.31454,5414.134539999999
2026-01-04 04:25:00,NSW1,66.78593,6002.35,-1066.65,7,10785.04254,4999.71,6033.86002,6099.64,90.82661,394.04254,394.04254,4782.69254
2026-01-04 04:25:00,QLD1,64.75002,5806.42,228.95,3,9932.14309,6035.37,5813.36327,5807.43,30.496,616.14309,616.14309,4125.72309
2026-01-04 04:25:00,SA1,60.45377,1267.95,-411.08,0,2412.87495,856.87,1282.66357,1270.92,0.0,587.87495,587.87495,1144.92495
2026-01-04 04:25:00,TAS1,35.1,811.15,0.0,1,1772.91457,811.15,816.2276,811.15,111.09496,68.91457,68.91457,961.76457
2026-01-04 04:25:00,VIC1,54.03,3721.04,1360.44,3,9166.22842,5192.23,3814.44888,3906.19,243.02159,1224.01841,1223.22842,5445.18842
2026-01-04 04:30:00,NSW1,67.67212,6041.73,-1139.16,8,10772.31481,4981.57,6125.40685,6157.55,90.68661,382.31481,382.31481,4730.58481
2026-01-04 04:30:00,QLD1,64.75002,5753.86,281.69,4,9961.18855,6035.55,5752.71402,5755.57,30.651,622.18855,622.18855,4207.328550000001
2026-01-04 04:30:00,SA1,60.38457,1245.35,-397.79,-1,2408.55791,848.56,1257.46359,1249.01,0.0,586.55791,586.55791,1163.20791
2026-01-04 04:30:00,TAS1,35.1,817.04,0.0,1,1775.28228,817.04,821.23322,817.04,105.4521,71.28228,71.28228,958.24228
2026-01-04 04:30:00,VIC1,54.03,3721.37,1373.47,4,9171.5439,5175.33,3905.04171,3878.88,238.46211,1231.33389,1230.5439,5450.173900000001
2026-01-04 04:35:00,NSW1,67.68739,6049.95,-1045.73,6,10781.26347,5080.22,6142.45737,6156.43,90.5166,391.26347,391.26347,4731.31347
2026-01-04 04:35:00,QLD1,64.75002,5739.86,297.01,2,10000.9761,6036.87,5737.88858,5741.8,30.599,638.04266,637.9761,4261.1161
2026-01-04 04:35:00,SA1,64.62716,1259.52,-638.53,0,2386.99453,623.99,1268.45704,1270.32,0.0,563.99453,563.99453,1127.47453
2026-01-04 04:35:00,TAS1,36.22252,818.76,0.0,1,1774.45474,818.76,822.49939,818.76,102.6586,70.45474,70.45474,955.69474
2026-01-04 04:35:00,VIC1,54.4,3718.97,1515.34,4,9138.29917,5234.31,3873.83833,3806.85,236.73977,1199.08916,1198.29917,5419.329170000001
2026-01-04 04:40:00,NSW1,68.03861,6057.55,-1030.77,7,10772.87011,5097.78,6132.31569,6157.25,91.2966,383.87011,383.87011,4715.32011
2026-01-04 04:40:00,QLD1,64.75002,5800.02,332.74,4,9997.39444,6132.76,5802.29968,5802.4,31.105,649.406,649.39444,4197.37444
2026-01-04 04:40:00,SA1,65.73,1251.19,-649.55,0,2373.76958,609.77,1263.91987,1267.27,0.0,549.76958,549.76958,1122.57958
2026-01-04 04:40:00,TAS1,36.22252,817.77,0.0,1,1776.58005,817.77,826.04059,817.77,101.49165,72.58005,72.58005,958.81005
2026-01-04 04:40:00,VIC1,54.4,3729.59,1470.45,4,9104.36665,5200.04,3807.6835,3813.43,232.42223,1167.15664,1166.36665,5374.77665
2026-01-04 04:45:00,NSW1,68.94921,6080.71,-1036.11,8,10767.70084,5102.6,6111.43995,6166.81,90.8166,382.70084,382.70084,4686.99084
2026-01-04 04:45:00,QLD1,64.75002,5744.93,390.55,3,9946.98911,6135.48,5758.14838,5748.42,30.55,655.99654,655.98911,4202.05911
2026-01-04 04:45:00,SA1,70.33047,1272.27,-668.56,0,2373.7105,603.71,1296.90474,1280.76,0.0,543.7105,543.7105,1101.4405000000002
2026-01-04 04:45:00,TAS1,36.22252,820.74,0.0,1,1779.25974,820.74,828.00183,820.74,100.88274,75.25974,75.25974,958.51974
2026-01-04 04:45:00,VIC1,54.4,3730.81,1436.31,5,9110.59278,5167.12,3818.39138,3812.92,227.42225,1172.38277,1171.59278,5379.782780000001
2026-01-04 04:50:00,NSW1,64.8901,6064.71,-949.39,7,10795.27178,5115.32,6064.12994,6090.06,91.22661,372.27178,372.27178,4730.561779999999
2026-01-04 04:50:00,QLD1,62.08819,5753.83,273.85,3,9974.5152,6027.68,5773.03258,5755.44,31.241,631.5152,631.5152,4220.6852
2026-01-04 04:50:00,SA1,63.77781,1271.57,-636.0,1,2372.56788,647.57,1284.23122,1291.29,0.0,544.56788,544.56788,1100.99788
2026-01-04 04:50:00,TAS1,70.07,833.91,0.0,1,1778.64358,833.91,832.91357,833.91,95.04148,74.64358,74.64358,944.73358
2026-01-04 04:50:00,VIC1,54.4,3724.41,1425.6,5,9138.396,5175.0,3811.16998,3828.79,215.11771,1201.18599,1200.396,5413.986000000001
2026-01-04 04:55:00,NSW1,66.33271,6056.08,-955.36,3,10758.88647,5101.72,6053.99981,6083.12,90.76808,367.88647,367.88647,4702.80647
2026-01-04 04:55:00,QLD1,63.83017,5710.57,265.53,0,9900.06406,5976.11,5727.38087,5712.11,32.386,601.06406,601.06406,4189.494060000001
2026-01-04 04:55:00,SA1,64.24184,1270.42,-634.17,1,2423.25441,636.25,1289.3104,1278.06,0.0,558.25441,558.25441,1152.83441
2026-01-04 04:55:00,TAS1,36.22252,829.14,0.0,1,1779.9512,829.14,833.9975,829.14,97.17341,75.9512,75.9512,950.8112
2026-01-04 04:55:00,VIC1,54.4,3737.19,1439.69,5,9142.12885,5176.89,3833.21904,3817.68,215.52447,1180.91884,1180.12885,5404.938849999999
2026-01-04 05:00:00,NSW1,65.41835,6044.44,-921.9,-1,10616.39722,5122.53,6052.30936,6071.33,91.05808,369.39722,369.39722,4571.957220000001
2026-01-04 05:00:00,QLD1,63.73,5717.94,180.65,-2,9859.83486,5898.59,5731.05312,5718.58,32.146,617.84143,617.83486,4141.894860000001
2026-01-04 05:00:00,SA1,61.43593,1263.16,-510.0,2,2449.16285,753.16,1267.60728,1267.85,0.0,561.16285,561.16285,1186.00285
2026-01-04 05:00:00,TAS1,36.22252,831.51,0.0,1,1783.81954,831.51,836.1062,831.51,93.30606,79.81954,79.81954,952.30954
2026-01-04 05:00:00,VIC1,54.03,3760.03,1355.16,4,9164.7025,5174.7,3839.33711,3891.23,217.39559,1205.7025,1205.7025,5404.672499999999
2026-01-04 05:05:00,NSW1,66.76942,6095.04,-1014.84,0,10629.45614,5080.2,6111.29833,6124.75,91.11809,368.45614,368.45614,4534.41614
2026-01-04 05:05:00,QLD1,63.83017,5672.29,277.82,-6,9878.6038,5950.11,5697.29555,5674.02,32.758,629.61037,629.6038,4206.313800000001
2026-01-04 05:05:00,SA1,63.52877,1246.39,-600.39,1,2440.00375,646.0,1249.95601,1253.04,0.0,556.00375,556.00375,1193.6137499999998
2026-01-04 05:05:00,TAS1,70.07,834.25,0.0,0,1780.50467,834.25,837.78101,834.25,91.77989,76.50467,76.50467,946.25467
2026-01-04 05:05:00,VIC1,54.4,3750.73,1457.55,4,9155.02606,5208.28,3883.87182,3832.78,218.3042,1199.02606,1199.02606,5404.296060000001
2026-01-04 05:10:00,NSW1,66.33994,6024.21,-949.15,-1,10719.94668,5075.06,6060.34287,6050.15,90.47108,369.94668,369.94668,4695.736679999999
2026-01-04 05:10:00,QLD1,63.82987,5715.46,260.11,-8,9918.59128,5975.57,5733.36888,5716.93,33.749,660.6089,660.59128,4203.1312800000005
2026-01-04 05:10:00,SA1,64.01108,1262.48,-633.27,0,2442.21236,629.21,1271.20729,1270.07,0.0,563.21236,563.21236,1179.73236
2026-01-04 05:10:00,TAS1,71.08,841.23,0.0,0,1775.02705,841.23,843.30969,841.23,90.76235,71.02705,71.02705,933.79705
2026-01-04 05:10:00,VIC1,54.09,3754.63,1437.31,5,9165.38413,5191.95,3839.02883,3834.64,221.863,1211.38413,1211.38413,5410.75413
2026-01-04 05:15:00,NSW1,64.8901,5994.35,-913.25,-2,10727.91921,5081.1,6037.32823,6020.63,90.29908,378.91921,378.91921,4733.56921
2026-01-04 05:15:00,QLD1,63.20802,5711.68,188.82,-10,9870.32401,5900.5,5736.42118,5712.39,32.786,648.34163,648.32401,4158.64401
2026-01-04 05:15:00,SA1,61.85132,1245.31,-551.36,1,2458.94934,693.95,1253.38467,1250.76,0.0,601.94934,601.94934,1213.6393400000002
2026-01-04 05:15:00,TAS1,80.68112,843.32,0.0,1,1772.70434,843.32,843.53491,843.32,91.60757,68.70434,68.70434,929.38434
2026-01-04 05:15:00,VIC1,54.03,3767.18,1382.27,7,9154.57454,5170.57,3846.27834,3862.35,223.15542,1201.9622,1201.57454,5387.394539999999
2026-01-04 05:20:00,NSW1,62.78244,6006.96,-927.29,-4,10750.56149,5079.67,6060.15609,6032.58,90.35109,401.56149,401.56149,4743.60149
2026-01-04 05:20:00,QLD1,60.38054,5671.17,240.66,-10,9847.07183,5911.82,5708.32444,5672.45,32.856,668.07183,668.07183,4175.901830000001
2026-01-04 05:20:00,SA1,59.81456,1240.79,-477.02,1,2429.77053,763.77,1249.42115,1244.71,0.0,594.77053,594.77053,1188.9805299999998
2026-01-04 05:20:00,TAS1,85.2,845.63,0.0,1,1774.90437,845.63,846.09967,845.63,89.03543,70.90437,70.90437,929.27437
2026-01-04 05:20:00,VIC1,54.03,3769.44,1257.57,6,9145.78915,5106.79,3866.71059,3912.32,212.81396,1193.17681,1192.78915,5376.34915
2026-01-04 05:25:00,NSW1,57.14382,5987.47,-875.2,-6,10798.63836,5114.27,6041.45285,6011.72,90.57574,449.63836,449.63836,4811.168360000001
2026-01-04 05:25:00,QLD1,54.96,5680.89,263.83,-11,9840.94988,5944.71,5709.88126,5682.45,32.698,670.94988,670.94988,4160.05988
2026-01-04 05:25:00,SA1,56.47868,1245.4,-565.53,1,2449.86749,679.87,1254.42745,1251.19,0.0,616.86749,616.86749,1204.46749
2026-01-04 05:25:00,TAS1,73.08,845.33,0.0,1,1776.78065,845.33,844.54828,845.33,91.59852,72.78065,72.78065,931.45065
2026-01-04 05:25:00,VIC1,49.90738,3759.96,1270.87,4,9144.83371,5134.83,3917.59892,3928.33,215.74364,1195.14875,1192.83371,5384.873710000001
2026-01-04 05:30:00,NSW1,56.29575,5928.52,-864.93,-8,10878.11472,5063.59,5985.55201,5951.95,90.55174,528.11472,528.11472,4949.594719999999
2026-01-04 05:30:00,QLD1,54.75001,5617.06,194.09,-14,9731.46703,5811.14,5652.28991,5617.91,32.34,668.46703,668.46703,4114.407029999999
2026-01-04 05:30:00,SA1,55.28944,1244.54,-566.18,0,2441.35945,678.36,1257.50188,1250.32,0.0,609.35945,609.35945,1196.81945
2026-01-04 05:30:00,TAS1,73.08,840.36,0.0,1,1777.209,840.36,839.45807,840.36,96.29664,73.209,73.209,936.849
2026-01-04 05:30:00,VIC1,48.86472,3774.51,1336.62,3,9124.12832,5111.13,3952.50217,3844.04,206.59766,1195.60088,1192.12832,5349.61832
2026-01-04 05:35:00,NSW1,64.8901,5953.88,-810.25,-9,11065.79947,5143.63,6017.02915,5976.87,91.32645,633.79947,633.79947,5111.91947
2026-01-04 05:35:00,QLD1,63.73,5581.12,128.35,-17,9768.53234,5709.47,5628.89707,5581.47,33.398,715.53234,715.53234,4187.41234
2026-01-04 05:35:00,SA1,37.94022,1246.03,-568.38,-1,2447.64334,677.64,1257.43219,1251.97,0.0,617.64334,617.64334,1201.61334
2026-01-04 05:35:00,TAS1,71.8617,842.79,-5.23,1,1773.38026,837.56,841.83429,842.81,95.93152,69.38026,69.38026,930.59026
2026-01-04 05:35:00,VIC1,12.87819,3764.54,1355.81,1,9139.35707,5124.36,3878.80239,3839.53,214.35452,1216.68139,1212.35707,5374.81707
2026-01-04 05:40:00,NSW1,60.77407,5975.73,-752.26,-11,11201.11889,5223.47,6019.09501,5997.08,91.21483,768.11889,768.11889,5225.38889
2026-01-04 05:40:00,QLD1,59.84138,5594.76,88.49,-21,9813.21475,5683.25,5654.02613,5594.9,32.55,764.21475,764.21475,4218.454749999999
2026-01-04 05:40:00,SA1,35.95,1258.53,-571.61,-2,2451.8804,686.92,1274.44097,1264.63,0.0,624.8804,624.8804,1193.3504
2026-01-04 05:40:00,TAS1,70.21314,840.51,-1.77,1,1778.73368,838.73,840.82782,840.52,95.23089,74.73368,74.73368,938.22368
2026-01-04 05:40:00,VIC1,12.71,3764.14,1334.15,-1,9124.42846,5098.29,3846.18433,3833.55,214.68929,1198.97364,1197.42846,5360.28846
2026-01-04 05:45:00,NSW1,44.91163,5941.76,-708.72,-10,11307.38401,5233.03,5980.68312,5964.15,91.81391,875.38401,875.38401,5365.62401
2026-01-04 05:45:00,QLD1,44.73,5546.97,18.21,-17,9903.97465,5565.18,5659.36878,5546.96,32.425,848.97465,848.97465,4357.00465
2026-01-04 05:45:00,SA1,28.40133,1252.85,-551.39,0,2466.45837,701.46,1268.84325,1258.48,0.0,641.45837,641.45837,1213.60837
2026-01-04 05:45:00,TAS1,64.1077,839.68,-7.14,2,1779.83849,832.54,838.33313,839.72,95.0607,75.83849,75.83849,940.15849
2026-01-04 05:45:00,VIC1,12.71,3725.25,1346.97,-2,9171.85051,5072.22,3812.18234,3795.11,224.90422,1245.77789,1243.85051,5446.60051
2026-01-04 05:50:00,NSW1,54.7665,5953.37,-718.47,-11,11419.70439,5234.89,5986.26142,5975.75,91.35391,991.70439,991.70439,5466.334390000001
2026-01-04 05:50:00,QLD1,54.53,5523.96,31.69,-18,9738.80051,5555.66,5587.64551,5523.97,33.676,897.80301,897.80051,4214.840509999999
2026-01-04 05:50:00,SA1,30.79506,1251.03,-579.24,-1,2435.79317,671.79,1260.82333,1257.32,0.0,611.79317,611.79317,1184.76317
2026-01-04 05:50:00,TAS1,37.1,830.9,0.0,2,1781.69208,830.9,830.73132,830.9,102.68092,77.69208,77.69208,950.79208
2026-01-04 05:50:00,VIC1,8.95,3723.29,1367.49,-5,9218.84636,5090.78,3806.52029,3796.08,227.53677,1302.33666,1293.01436,5495.55636
2026-01-04 05:55:00,NSW1,36.07,5889.96,-750.71,-14,11443.5588,5144.15,5919.77313,5919.03,91.3532,1015.5588,1015.5588,5553.598800000001
2026-01-04 05:55:00,QLD1,35.88661,5488.64,30.66,-21,9845.10979,5519.31,5559.58269,5488.66,32.721,1009.11229,1009.10979,4356.46979
2026-01-04 05:55:00,SA1,21.9931,1237.67,-550.19,-1,2427.47549,687.48,1248.96545,1243.19,0.0,603.47549,603.47549,1189.8054899999995
2026-01-04 05:55:00,TAS1,37.1,829.72,0.0,2,1785.37917,829.72,829.17487,829.72,104.44489,81.37917,81.37917,955.65917
2026-01-04 05:55:00,VIC1,8.95,3719.55,1372.69,-8,9244.24912,5092.24,3803.21707,3792.3,226.26294,1330.96028,1325.24912,5524.69912
2026-01-04 06:00:00,NSW1,35.5,5839.86,-722.49,-16,11538.04715,5167.37,5890.83842,5916.06,91.88849,1110.04715,1110.04715,5698.187150000001
2026-01-04 06:00:00,QLD1,35.75229,5492.25,-33.77,-23,9784.24303,5458.48,5566.31586,5492.3,33.34,979.24553,979.24303,4291.99303
2026-01-04 06:00:00,SA1,18.2,1235.09,-529.92,-1,2438.49378,705.17,1246.42297,1240.39,0.0,613.49378,613.49378,1203.40378
2026-01-04 06:00:00,TAS1,37.1,833.14,0.0,1,1783.23641,833.14,832.3382,833.14,102.58367,79.23641,79.23641,950.09641
2026-01-04 06:00:00,VIC1,3.04052,3706.63,1392.74,-12,9288.3091,5099.37,3796.32603,3781.63,224.65453,1373.78166,1369.3671,5581.6791
2026-01-04 06:05:00,NSW1,0.99149,5862.03,-756.58,-18,11370.29848,5105.45,5937.6534,5884.7,92.0342,1169.29848,1169.29848,5508.26848
2026-01-04 06:05:00,QLD1,0.97852,5371.36,74.52,-22,9920.67613,5445.88,5444.22386,5371.54,33.457,1088.67613,1088.67613,4549.31613
2026-01-04 06:05:00,SA1,0.96854,1225.29,-556.17,-4,2431.11564,671.12,1235.48853,1232.82,0.0,610.11564,610.11564,1205.82564
2026-01-04 06:05:00,TAS1,36.22252,830.36,0.0,1,1787.89789,830.36,829.45819,830.36,104.61448,83.89789,83.89789,957.53789
2026-01-04 06:05:00,VIC1,0.86,3697.76,1336.27,-13,9289.04823,5039.32,3781.80674,3772.7,226.17331,1378.52079,1362.31913,5591.28823
2026-01-04 06:10:00,NSW1,0.79536,5813.31,-644.95,-19,11577.92432,5168.36,5863.91516,5834.67,85.34198,1375.92432,1375.92432,5764.61432
2026-01-04 06:10:00,QLD1,0.79979,5403.67,-20.42,-24,9906.94962,5383.24,5478.80889,5403.67,33.322,1094.98673,1094.94962,4503.279619999999
2026-01-04 06:10:00,SA1,0.77635,1216.53,-537.18,-6,2438.34144,679.34,1234.39955,1221.64,0.0,619.34144,619.34144,1221.8114400000002
2026-01-04 06:10:00,TAS1,37.1,837.15,0.0,1,1796.01608,837.15,835.63275,837.15,102.6636,92.01608,92.01608,958.86608
2026-01-04 06:10:00,VIC1,0.69,3689.27,1294.72,-12,9316.63929,5006.11,3788.1461,3777.07,232.6588,1410.11185,1392.10669,5627.369289999999
2026-01-04 06:15:00,NSW1,6e-05,5805.94,-616.97,-19,11735.00476,5188.97,5884.69669,5827.06,83.18621,1534.00476,1534.00476,5929.06476
2026-01-04 06:15:00,QLD1,6e-05,5404.14,-35.74,-25,10076.64528,5448.4,5506.70497,5484.18,33.606,1278.64528,1278.64528,4672.50528
2026-01-04 06:15:00,SA1,6e-05,1198.71,-465.31,-6,2456.40457,733.4,1213.26912,1202.31,0.0,640.40457,640.40457,1257.69457
2026-01-04 06:15:00,TAS1,38.1,837.64,0.0,1,1794.82431,837.64,836.39392,837.64,99.36745,90.82431,90.82431,957.18431
2026-01-04 06:15:00,VIC1,5e-05,3669.24,1200.79,-12,9387.82713,4978.03,3803.31886,3835.26,227.76737,1482.29969,1462.31229,5718.58713
2026-01-04 06:20:00,NSW1,-3.05441,5807.89,-588.87,-18,11908.00838,5219.02,5854.29896,5828.72,84.081,1712.00838,1669.12974,6100.118379999999
2026-01-04 06:20:00,QLD1,-3.04958,5341.09,73.05,-24,10136.58402,5494.14,5495.97523,5424.01,32.739,1333.58402,1327.18947,4795.49402
2026-01-04 06:20:00,SA1,-2.85549,1179.58,-385.36,-7,2446.63204,794.22,1187.56384,1182.84,0.0,630.63204,612.21664,1267.05204
2026-01-04 06:20:00,TAS1,37.31094,842.09,-5.7,1,1798.40575,836.38,840.94104,842.12,97.86375,94.40575,94.40575,956.31575
2026-01-04 06:20:00,VIC1,-2.7,3667.4,986.06,-13,9432.3058,4755.46,3871.67787,3821.53,228.36603,1465.3907,1302.17965,5764.9058
2026-01-04 06:25:00,NSW1,6e-05,5793.58,-518.35,-18,12031.47957,5276.23,5824.97207,5815.92,80.86325,1836.47957,1834.36357,6237.89957
2026-01-04 06:25:00,QLD1,6e-05,5338.71,-123.09,-22,10142.8092,5525.62,5480.69772,5649.06,32.374,1361.8092,1361.8092,4804.0992
2026-01-04 06:25:00,SA1,6e-05,1186.13,-460.53,-8,2454.90858,725.6,1200.40259,1189.62,0.0,641.90858,633.59858,1268.7785799999997
2026-01-04 06:25:00,TAS1,38.1,841.98,0.0,1,1800.84589,841.98,840.71356,841.98,97.87015,96.84589,96.84589,958.86589
2026-01-04 06:25:00,VIC1,5e-05,3636.54,1183.78,-14,9446.46489,4830.31,3825.0272,3703.16,225.20813,1466.54979,1443.93293,5809.924889999999
2026-01-04 06:30:00,NSW1,25.45751,5704.26,-424.73,-19,12128.94193,5292.53,5744.10858,5745.55,80.6924,1934.94193,1934.94193,6424.681930000001
2026-01-04 06:30:00,QLD1,26.63,5435.85,-266.94,-21,10042.96363,5416.91,5780.50645,5685.99,33.202,1271.96363,1271.96363,4607.11363
2026-01-04 06:30:00,SA1,24.03342,1157.14,-465.55,-10,2426.96182,691.59,1171.33487,1160.56,0.0,646.96182,638.58982,1269.82182
2026-01-04 06:30:00,TAS1,38.1,847.41,0.0,1,1798.82472,847.41,845.90808,847.41,93.75254,94.82472,94.82472,951.41472
2026-01-04 06:30:00,VIC1,21.87573,3691.07,1253.54,-15,9448.30509,4945.61,3759.06843,3754.52,216.68159,1518.00779,1514.61109,5757.23509
2026-01-04 06:35:00,NSW1,-0.11225,5670.26,-320.28,-18,12171.74448,5349.98,5762.23531,5688.96,81.46119,2141.74448,2117.00303,6501.484479999999
2026-01-04 06:35:00,QLD1,-0.11657,5334.56,-133.92,-24,10329.9585,5651.63,5737.69708,5788.67,31.773,1547.9585,1547.9585,4995.3985
2026-01-04 06:35:00,SA1,-0.10762,1156.2,-460.73,-12,2431.13559,701.47,1198.11319,1166.39,0.0,669.13559,659.47159,1274.9355899999998
2026-01-04 06:35:00,TAS1,39.90041,848.77,-6.11,1,1789.95286,842.65,848.46979,848.8,93.57266,85.95286,85.95286,941.18286
2026-01-04 06:35:00,VIC1,-0.1,3632.21,998.1,-17,9432.42654,4686.44,3741.59089,3739.38,226.00259,1531.8991,1386.75714,5800.21654
2026-01-04 06:40:00,NSW1,-2e-05,5728.05,-456.63,-18,12273.8977,5362.41,5782.80174,5858.09,84.04054,2243.8977,2218.4777,6545.847699999999
2026-01-04 06:40:00,QLD1,-2e-05,5293.48,-76.63,-20,10650.7496,5771.88,5825.83007,5859.46,32.755,1677.78203,1677.7496,5357.2696
2026-01-04 06:40:00,SA1,-2e-05,1125.13,-401.92,-11,2459.75085,723.21,1153.23102,1131.02,0.0,691.75085,681.20885,1334.6208499999998
2026-01-04 06:40:00,TAS1,39.99998,847.66,-7.7,1,1787.06141,839.96,846.78638,847.71,94.44674,83.06141,83.06141,939.40141
2026-01-04 06:40:00,VIC1,-2e-05,3622.42,1078.37,-17,9470.44046,4710.78,3753.84698,3711.98,232.59461,1574.0547,1460.06356,5848.02046
2026-01-04 06:45:00,NSW1,-3e-05,5638.7,-531.15,-15,12238.79459,5201.55,5794.98742,5793.23,83.73797,2208.79459,2178.69105,6600.09459
2026-01-04 06:45:00,QLD1,-3e-05,5272.73,-142.46,-20,10817.36088,5853.72,5872.3504,6013.6,32.581,1776.36088,1776.36088,5544.630880000001
2026-01-04 06:45:00,SA1,-2e-05,1107.38,-357.18,-12,2488.73534,750.19,1132.30433,1113.35,0.0,718.73534,708.19334,1381.35534
2026-01-04 06:45:00,TAS1,39.99998,846.5,-4.65,1,1789.05055,841.85,845.25293,846.53,99.52284,85.05055,85.05055,942.55055
2026-01-04 06:45:00,VIC1,-2e-05,3570.09,1217.66,-19,9516.90912,4797.74,3676.15424,3678.35,228.12732,1616.24572,1594.36602,5946.81912
2026-01-04 06:50:00,NSW1,-1e-05,5532.86,-436.09,-15,12347.4839,5191.77,5712.76882,5690.37,94.38881,2321.4839,2290.63545,6814.6239
2026-01-04 06:50:00,QLD1,-2e-05,5140.28,-197.75,-21,10944.93299,5947.56,5973.07923,6164.79,33.175,1897.93299,1889.72099,5804.65299
2026-01-04 06:50:00,SA1,-1e-05,1105.15,-307.24,-14,2515.07,797.91,1145.18504,1110.89,0.0,756.07,740.905,1409.92
2026-01-04 06:50:00,TAS1,38.1,839.99,0.0,1,1794.26247,839.99,840.17657,839.99,97.66807,90.26247,90.26247,954.27247
2026-01-04 06:50:00,VIC1,-1e-05,3560.92,1121.47,-22,9475.9166,4692.39,3693.74361,3663.58,228.16487,1579.4069,1557.393,5914.9966
2026-01-04 06:55:00,NSW1,-0.39078,5524.29,-437.14,-17,12422.65492,5176.15,5724.96172,5671.66,96.31759,2395.65492,2359.39724,6898.364920000001
2026-01-04 06:55:00,QLD1,-0.4158,5124.05,-161.39,-25,11115.26106,5966.67,6190.18993,6146.42,33.012,1939.26106,1929.19106,5991.2110600000005
2026-01-04 06:55:00,SA1,-2.73624,1092.56,-290.83,-12,2529.85917,802.73,1118.80637,1099.17,0.0,785.85917,760.73077,1437.2991700000002
2026-01-04 06:55:00,TAS1,37.31094,834.09,-1.63,1,1793.42421,832.46,832.98956,834.1,104.09334,89.42421,89.42421,959.33421
2026-01-04 06:55:00,VIC1,-2.7,3531.03,1061.64,-24,9700.7071,4692.67,3685.55848,3719.32,225.70973,1821.82474,1608.66612,6169.677099999999
2026-01-04 07:00:00,NSW1,-5.90785,5507.11,-494.33,-19,12592.72726,5109.78,5699.62884,5663.29,101.21629,2563.72726,2332.02568,7085.61726
2026-01-04 07:00:00,QLD1,-6.28,5071.68,-140.25,-27,11292.79921,5977.42,6160.50012,6135.41,32.961,2039.85016,1941.02452,6221.119209999999
2026-01-04 07:00:00,SA1,-5.09469,1074.49,-240.66,-15,2579.2343,833.83,1107.60165,1079.95,0.0,822.2343,791.8346,1504.7443
2026-01-04 07:00:00,TAS1,35.1,845.48,-60.0,1,1797.45768,785.48,843.48291,846.1,106.87953,93.45768,93.45768,951.97768
2026-01-04 07:00:00,VIC1,-5.09598,3462.8,1109.04,-25,9747.30966,4671.84,3711.81972,3653.6,222.63006,1875.3995,1695.46546,6284.509660000001
2026-01-04 07:05:00,NSW1,-4e-05,5482.03,-136.58,-20,13029.62556,5439.45,5675.64048,5609.08,91.83388,2930.62556,2771.39956,7547.595560000001
2026-01-04 07:05:00,QLD1,-4e-05,5065.19,11.78,-28,11518.01616,6093.12,6167.5303,6096.52,32.865,2188.01616,2168.44898,6452.82616
2026-01-04 07:05:00,SA1,-7.66109,1055.63,-438.27,-16,2585.96927,619.36,1091.54845,1063.85,0.0,843.96927,577.36001,1530.33927
2026-01-04 07:05:00,TAS1,35.08,849.64,-80.0,1,1799.89667,769.64,850.52478,849.64,104.75043,95.89667,95.89667,950.25667
2026-01-04 07:05:00,VIC1,-7.3,3473.85,751.96,-26,9857.49395,4386.82,3718.38872,3689.29,221.1279,1990.58379,1556.40946,6383.64395
2026-01-04 07:10:00,NSW1,-3e-05,5535.01,-167.68,-23,13096.84531,5466.33,5642.49029,5672.05,98.55714,2998.84531,2860.80314,7561.83531
2026-01-04 07:10:00,QLD1,-3e-05,5017.85,-61.91,-30,11338.05129,5831.51,6034.25671,5909.42,33.337,1995.08881,1975.58329,6320.201289999999
2026-01-04 07:10:00,SA1,-7.58786,1037.88,-402.47,-16,2591.00986,635.41,1063.44698,1043.68,0.0,847.00986,593.41226,1553.12986
2026-01-04 07:10:00,TAS1,35.08,845.75,-80.0,1,1799.61282,765.75,846.42688,845.75,112.08193,95.61282,95.61282,953.86282
2026-01-04 07:10:00,VIC1,-7.3,3474.97,830.29,-27,9917.48776,4434.26,3701.61772,3662.36,223.49409,2058.5776,1670.35479,6442.517760000001
2026-01-04 07:15:00,NSW1,0.0,5529.92,-8.73,-20,13332.81529,5624.19,5661.03157,5657.3,81.06625,3238.81529,3114.24674,7802.89529
2026-01-04 07:15:00,QLD1,0.0,5024.03,46.92,-30,11395.85891,5845.96,5958.68787,5811.56,34.667,2058.89626,2052.31579,6371.828910000001
2026-01-04 07:15:00,SA1,-14.41042,988.18,-450.01,-16,2618.20112,543.17,1030.86813,999.28,0.0,879.20112,501.16968,1630.0211200000003
2026-01-04 07:15:00,TAS1,35.08,841.42,-80.0,1,1803.32971,761.42,843.04498,841.42,112.27333,99.32971,99.32971,961.90971
2026-01-04 07:15:00,VIC1,-13.69,3380.7,581.34,-29,9939.57623,4172.86,3636.77729,3638.03,226.67103,2085.66607,1556.23308,6558.876230000001
2026-01-04 07:20:00,NSW1,-5.78418,5457.93,-83.32,-25,13315.76176,5471.4,5573.65941,5600.05,82.34825,3221.76176,3013.45357,7857.831759999999
2026-01-04 07:20:00,QLD1,-6.21,4967.37,-215.89,-26,11559.09974,5963.28,5796.90661,6197.17,34.692,2214.09974,2195.20464,6591.72974
2026-01-04 07:20:00,SA1,-8.03202,955.13,-309.22,-17,2637.49168,645.92,1004.50199,960.3,0.0,898.49168,603.91728,1682.36168
2026-01-04 07:20:00,TAS1,35.08,841.15,-80.0,1,1811.0576,761.15,843.07263,841.15,111.09871,107.0576,107.0576,969.9076
2026-01-04 07:20:00,VIC1,-6.54448,3421.43,817.8,-28,9980.55437,4340.23,3741.21091,3583.29,199.38446,2078.64421,1736.22701,6559.12437
2026-01-04 07:25:00,NSW1,-2e-05,5469.72,-127.58,-25,13350.88043,5456.14,5621.66123,5623.48,81.91875,3196.88043,3040.15891,7881.160429999999
2026-01-04 07:25:00,QLD1,-2e-05,4867.69,-131.25,-26,11556.31248,5934.66,6129.18512,6081.91,35.271,2213.31248,2183.23248,6688.622480000001
2026-01-04 07:25:00,SA1,-7.01,941.99,-297.74,-18,2700.692,755.24,976.45737,1058.09,0.0,963.692,713.24333,1758.702
2026-01-04 07:25:00,TAS1,35.08,839.13,-80.0,1,1806.95346,759.13,840.58734,839.13,121.40017,102.95346,102.95346,967.82346
2026-01-04 07:25:00,VIC1,-6.94785,3329.19,755.19,-28,10018.43774,4268.39,3552.1783,3570.95,227.16013,2095.6261,1754.76425,6689.247739999999
2026-01-04 07:30:00,NSW1,-5.69322,5400.04,-183.45,-27,13449.87746,5414.59,5552.25325,5657.06,80.6189,3286.87746,3041.39232,8049.83746
2026-01-04 07:30:00,QLD1,-6.21,4838.2,-315.2,-27,11453.48502,5808.68,6087.7686,6143.77,36.707,2116.48502,2068.32128,6615.28502
2026-01-04 07:30:00,SA1,-7.01,919.0,-166.74,-18,2661.62635,752.26,1061.31364,924.18,0.0,921.62635,710.25652,1742.62635
2026-01-04 07:30:00,TAS1,35.08,837.04,-80.0,1,1817.55077,757.04,838.72717,837.04,124.59429,113.55077,113.55077,980.51077
2026-01-04 07:30:00,VIC1,-6.5,3284.86,908.69,-27,10099.41111,4367.55,3572.51244,3538.06,223.57106,2220.50095,1929.89273,6814.551109999999
2026-01-04 07:35:00,NSW1,0.51,5378.51,-140.62,-23,13832.04503,5437.89,5625.87649,5585.66,81.28876,3618.04503,3151.32916,8453.53503
2026-01-04 07:35:00,QLD1,0.50221,4854.89,165.58,-22,11557.54652,5890.47,6194.25747,5728.67,35.306,2170.56112,2170.54652,6702.65652
2026-01-04 07:35:00,SA1,-11.66,914.09,-391.33,-20,2724.99929,539.76,945.50567,936.48,0.0,957.99929,497.75986,1810.90929
2026-01-04 07:35:00,TAS1,35.08,843.27,-80.0,1,1814.04957,763.27,844.62622,843.27,120.9488,110.04957,110.04957,970.77957
2026-01-04 07:35:00,VIC1,-11.26451,3289.25,505.16,-28,10117.07331,3909.41,3584.74746,3446.72,204.29595,2256.16315,1540.25,6827.82331
2026-01-04 07:40:00,NSW1,-2e-05,5309.64,-107.9,-23,13959.21804,5491.44,5537.51126,5624.16,88.38223,3712.21804,3327.48616,8649.57804
2026-01-04 07:40:00,QLD1,-2e-05,4758.59,20.8,-21,11712.77273,5930.08,5668.34996,5920.67,35.31,2256.82421,2256.77273,6954.18273
2026-01-04 07:40:00,SA1,-15.46,904.95,-390.51,-20,2778.21078,523.43,954.30728,919.34,0.0,941.21078,481.4336,1873.26078
2026-01-04 07:40:00,TAS1,35.08,825.88,-80.0,1,1811.51894,745.88,833.72986,825.88,122.4462,107.51894,107.51894,985.63894
2026-01-04 07:40:00,VIC1,-5.73,3303.92,647.44,-29,10003.74157,4168.36,3513.54332,3569.14,187.38343,2131.45273,1849.35527,6699.82157
2026-01-04 07:45:00,NSW1,-3e-05,5272.48,-178.04,-23,13940.50762,5484.44,5597.24654,5693.13,100.58293,3674.50762,3376.0599,8668.02762
2026-01-04 07:45:00,QLD1,-4e-05,4748.18,-18.88,-20,11703.53406,5877.37,5914.48582,5908.84,34.941,2219.53406,2219.53406,6955.35406
2026-01-04 07:45:00,SA1,-8.5,892.51,-389.4,-22,2811.13174,503.11,928.37921,897.9,0.0,961.13174,461.11176,1918.62174
2026-01-04 07:45:00,TAS1,35.08,844.41,-80.0,1,1812.85992,764.41,850.30139,844.41,114.97704,108.85992,108.85992,968.44992
2026-01-04 07:45:00,VIC1,-0.1,3301.43,769.82,-29,9939.54501,4162.24,3569.43964,3447.29,131.89084,2087.63485,1874.08081,6638.11501
2026-01-04 07:50:00,NSW1,0.0103,5267.12,-200.7,-28,14130.26085,5402.42,5695.48222,5610.46,90.47246,3847.26085,3353.91356,8863.14085
2026-01-04 07:50:00,QLD1,0.01,4708.47,228.78,-22,11700.01097,5867.29,5901.1877,5642.35,34.924,2212.0573,2212.01097,6991.540969999999
2026-01-04 07:50:00,SA1,-7.83,928.42,-386.44,-20,2790.9914,560.98,965.72932,952.84,0.0,991.9914,518.98237,1862.5714
2026-01-04 07:50:00,TAS1,35.1,840.79,-80.0,0,1800.75158,760.79,845.76471,840.79,112.35162,96.75158,96.75158,959.96158
2026-01-04 07:50:00,VIC1,-13.69,3218.13,497.3,-32,10058.99318,3979.17,3416.83704,3524.21,122.21172,2208.08302,1717.51486,6840.863179999999
2026-01-04 07:55:00,NSW1,-5.0008,5192.38,-111.9,-28,14260.93476,5472.24,5584.98505,5610.08,105.95279,3977.93476,3443.11344,9068.55476
2026-01-04 07:55:00,QLD1,-5.15,4631.14,-39.73,-22,11823.32515,5947.41,5620.6432,5998.02,34.87,2335.32515,2324.8573,7192.18515
2026-01-04 07:55:00,SA1,-8.5,827.28,-310.29,-18,2780.51039,516.98,880.59664,832.12,0.0,1022.51039,474.98255,1953.23039
2026-01-04 07:55:00,TAS1,35.08,838.83,-80.0,0,1807.09034,758.83,843.60992,838.83,116.68227,103.09034,103.09034,968.26034
2026-01-04 07:55:00,VIC1,-5.9604,3236.36,632.78,-33,10052.53783,4085.14,3583.35498,3501.56,132.47472,2163.62767,1825.14236,6816.177829999999
2026-01-04 08:00:00,NSW1,0.01051,5173.36,-45.65,-29,14282.87138,5511.68,5596.85568,5562.55,105.55492,3999.87138,3482.75304,9109.51138
2026-01-04 08:00:00,QLD1,0.01,4699.91,314.54,-19,11755.03672,5904.95,6045.24507,5594.69,33.788,2267.03672,2267.03672,7055.12672
2026-01-04 08:00:00,SA1,-7.01,803.36,-331.22,-22,2791.84063,472.14,833.15006,808.18,0.0,1016.84063,430.14465,1988.48063
2026-01-04 08:00:00,TAS1,35.1,851.05,-80.0,0,1805.91455,771.05,853.31995,851.05,114.96763,101.91455,101.91455,954.86455
2026-01-04 08:00:00,VIC1,-20.29,3187.3,189.52,-30,10089.86609,3624.43,3463.39995,3467.78,126.08253,2173.95593,1364.42788,6902.566089999999
2026-01-04 08:05:00,NSW1,0.00976,5114.52,-84.62,-34,14395.21521,5445.9,5491.61406,5539.59,105.89258,4036.21521,3440.02849,9280.69521
2026-01-04 08:05:00,QLD1,0.01,4714.26,-191.25,-19,11179.01023,5727.4,5602.47551,5919.26,34.546,2119.01023,2119.01023,6464.75023
2026-01-04 08:05:00,SA1,-7.0,825.2,-294.71,-24,2506.15202,532.49,856.09011,831.89,0.0,954.15202,485.49382,1680.95202
2026-01-04 08:05:00,TAS1,35.1,843.99,-80.0,0,1808.63061,763.99,846.71094,843.99,121.61103,104.63061,104.63061,964.64061
2026-01-04 08:05:00,VIC1,-2.59159,3193.58,718.88,-29,10117.59329,4038.46,3480.46347,3373.52,101.62569,2131.68313,1778.46202,6924.013290000001
2026-01-04 08:10:00,NSW1,38.02067,5113.46,32.27,-33,14520.57449,5584.67,5560.85139,5556.33,113.54458,4165.85449,3564.3018,9407.11449
2026-01-04 08:10:00,QLD1,35.73,4677.75,344.27,-10,11108.01421,5620.93,5923.21162,5280.49,34.319,2049.07191,2049.01421,6430.264209999999
2026-01-04 08:10:00,SA1,-7.83,760.21,-342.3,-22,2550.49684,433.92,791.36587,780.88,0.0,1015.49684,384.41518,1790.2868399999998
2026-01-04 08:10:00,TAS1,35.1,845.54,-80.0,0,1813.60303,765.54,848.68805,845.54,117.40875,109.60303,109.60303,968.06303
2026-01-04 08:10:00,VIC1,-25.0,3109.46,88.65,-32,10106.72005,3571.22,3324.27196,3513.03,113.39892,2124.80989,1311.22424,6997.26005
2026-01-04 08:15:00,NSW1,0.00976,5011.91,107.12,-34,14616.87964,5422.02,5453.75148,5317.94,115.07858,4261.87964,3452.54301,9604.96964
2026-01-04 08:15:00,QLD1,0.01,4700.65,-184.46,-9,11162.37165,5642.7,5335.4722,5827.7,34.326,2103.37892,2103.37165,6461.72165
2026-01-04 08:15:00,SA1,-8.64446,735.6,-419.52,-22,2534.5601,341.08,777.45638,765.58,0.0,1012.5601,290.5758,1798.9601000000002
2026-01-04 08:15:00,TAS1,35.1,835.15,-80.0,-1,1799.11946,755.15,838.27496,835.15,123.32915,95.11946,95.11946,963.96946
2026-01-04 08:15:00,VIC1,-7.25,3135.95,628.82,-29,10141.4805,3881.77,3529.15679,3296.35,91.94942,2093.57034,1621.76963,7005.5305
2026-01-04 08:20:00,NSW1,5.43686,4966.35,174.47,-37,14659.55875,5538.91,5285.65932,5361.55,115.47758,4304.83875,3519.72372,9693.20875
2026-01-04 08:20:00,QLD1,5.3,4694.23,109.54,-8,11267.04438,5747.36,5861.00006,5638.38,34.274,2208.04438,2208.04438,6572.81438
2026-01-04 08:20:00,SA1,-8.0,679.43,-282.01,-22,2509.89733,413.42,750.32563,699.85,0.0,982.89733,361.91609,1830.46733
2026-01-04 08:20:00,TAS1,35.1,837.31,-80.0,-1,1805.11567,757.31,842.52704,837.31,120.28598,101.11567,101.11567,967.80567
2026-01-04 08:20:00,VIC1,-25.0,3069.42,109.25,-27,10157.3525,3607.81,3255.392,3527.72,116.80319,2084.44234,1347.81314,7087.932500000001
2026-01-04 08:25:00,NSW1,0.01001,4883.34,252.76,-42,14757.03907,5622.1,5288.48782,5365.51,118.51829,4402.03907,3652.23912,9873.69907
2026-01-04 08:25:00,QLD1,0.01,4732.98,-23.73,-10,11286.5497,5766.46,5654.27818,5790.16,34.118,2228.5497,2228.5497,6553.5697
2026-01-04 08:25:00,SA1,-8.0,676.0,-276.38,-23,2591.78487,409.62,715.25183,690.38,0.0,1058.78487,354.12403,1915.78487
2026-01-04 08:25:00,TAS1,35.08,832.42,-80.0,-1,1802.69253,752.42,836.3468,832.42,125.42807,98.69253,98.69253,970.27253
2026-01-04 08:25:00,VIC1,-14.67,3038.19,157.3,-24,10150.14882,3492.33,3478.37497,3364.47,89.81775,2025.23866,1252.32792,7111.95882
2026-01-04 08:30:00,NSW1,-4e-05,4808.66,184.62,-39,14797.50258,5480.28,5300.82953,5302.64,120.16229,4442.50258,3511.23833,9988.84258
2026-01-04 08:30:00,QLD1,-5e-05,4689.98,-135.7,-4,11275.99262,5756.5,5780.23078,5896.15,34.764,2218.00835,2217.99262,6586.012620000001
2026-01-04 08:30:00,SA1,-8.5,631.56,-292.13,-23,2531.77111,339.43,683.24866,635.86,0.0,994.77111,283.93299,1900.21111
2026-01-04 08:30:00,TAS1,35.08,815.72,-80.0,-2,1790.24503,735.72,819.99762,815.72,120.0162,86.24503,86.24503,974.52503
2026-01-04 08:30:00,VIC1,-8.47468,2988.28,372.94,-27,10249.02801,3514.22,3344.524,3175.78,81.87823,2069.11785,1313.27871,7260.748009999999
2026-01-04 08:35:00,NSW1,0.00995,4753.8,224.83,-39,14951.72498,5554.63,5274.22183,5326.77,121.21629,4521.72498,3585.41447,10197.92498
2026-01-04 08:35:00,QLD1,0.01,4734.33,-73.41,-6,11236.42685,5722.39,5945.27341,5795.8,34.561,2184.42685,2184.42685,6502.09685
2026-01-04 08:35:00,SA1,-12.1443,605.02,-308.26,-22,2551.34624,298.76,645.55355,611.24,0.0,1005.34624,239.25985,1946.32624
2026-01-04 08:35:00,TAS1,35.08,818.46,-80.0,-2,1804.65702,738.46,821.92407,818.46,119.74652,100.65702,100.65702,986.19702
2026-01-04 08:35:00,VIC1,-12.06,2928.41,267.72,-27,10205.75545,3373.13,3140.52656,3135.09,81.05488,2018.84529,1183.12732,7277.345450000001
2026-01-04 08:40:00,NSW1,0.51,4763.66,331.33,-39,15063.14652,5615.99,5341.1383,5282.5,121.81029,4633.14652,3600.61018,10299.48652
2026-01-04 08:40:00,QLD1,0.52267,4801.06,-170.72,-10,11234.03392,5720.34,5850.435,5891.53,33.924,2182.03392,2182.03392,6432.973919999999
2026-01-04 08:40:00,SA1,-14.1024,592.87,-311.44,-23,2520.24218,281.43,638.35229,597.2,0.0,972.24218,217.93446,1927.3721800000003
2026-01-04 08:40:00,TAS1,35.08,825.72,-80.0,-2,1810.77808,745.72,828.55536,825.72,118.20328,106.77808,106.77808,985.05808
2026-01-04 08:40:00,VIC1,-14.0,2872.97,263.69,-25,10188.39839,3320.66,3079.77343,3087.19,80.55786,1996.48823,1130.65791,7315.428390000001
2026-01-04 08:45:00,NSW1,-3e-05,4684.24,544.58,-35,14927.49394,5717.82,5220.20332,5176.51,123.10329,4657.49394,3748.48345,10243.25394
2026-01-04 08:45:00,QLD1,-3e-05,4729.95,-214.25,-6,11204.90886,5692.27,5815.68862,5910.6,31.999,2153.90886,2153.90886,6474.95886
2026-01-04 08:45:00,SA1,-20.0,578.3,-358.5,-19,2528.57469,250.8,616.87623,613.71,0.0,1037.57469,189.14786,1950.27469
2026-01-04 08:45:00,TAS1,35.08,835.77,-80.0,-2,1809.40515,755.77,837.91235,835.77,114.26077,105.40515,105.40515,973.63515
2026-01-04 08:45:00,VIC1,-17.19,2842.19,147.01,-27,10247.01497,3268.34,3098.40462,3148.41,69.0585,2057.10481,1078.33799,7404.82497
2026-01-04 08:50:00,NSW1,-0.00899,4659.6,454.35,-33,14909.08193,5707.55,5155.37369,5279.38,124.44029,4639.36193,3738.3947,10249.48193
2026-01-04 08:50:00,QLD1,-0.00971,4721.1,-314.7,-9,11261.45679,5739.42,5894.36174,6068.23,32.054,2210.45708,2200.45679,6540.35679
2026-01-04 08:50:00,SA1,-11.66,555.02,-261.54,-16,2495.52207,311.47,612.06641,577.47,0.0,990.52207,248.82179,1940.50207
2026-01-04 08:50:00,TAS1,35.08,835.33,-80.0,-2,1816.46797,755.33,836.30585,835.33,111.81465,112.46797,112.46797,981.13797
2026-01-04 08:50:00,VIC1,-8.25,2814.64,279.88,-30,10232.38951,3326.51,3144.57131,3079.88,67.63501,2035.47935,1136.51325,7417.7495100000015
2026-01-04 08:55:00,NSW1,-4e-05,4639.58,425.52,-31,15055.98644,5750.4,5246.77773,5345.82,124.33229,4786.26644,3781.38672,10416.40644
2026-01-04 08:55:00,QLD1,-4e-05,4658.73,-185.92,-11,11248.31555,5715.59,6027.28242,5914.2,31.53,2197.31584,2177.48755,6589.58555
2026-01-04 08:55:00,SA1,-15.08,525.45,-329.51,-17,2583.91811,280.53,573.56168,614.15,0.0,970.91811,217.8753,2058.46811
2026-01-04 08:55:00,TAS1,35.08,838.77,-80.0,-2,1830.19809,758.77,839.12823,838.77,109.7023,126.19809,126.19809,991.42809
2026-01-04 08:55:00,VIC1,-14.93665,2758.58,234.39,-31,10230.4377,3321.97,3064.35259,3114.31,92.00227,2029.52754,1131.9698,7471.8577
2026-01-04 09:00:00,NSW1,-4e-05,4607.87,512.08,-29,15045.27929,5805.95,5315.43092,5323.61,129.36958,4775.55929,3837.26256,10437.40929
2026-01-04 09:00:00,QLD1,-4e-05,4659.74,-332.81,-14,11210.63411,5672.68,5937.79262,6021.84,31.025,2160.66273,2134.62491,6550.894110000001
2026-01-04 09:00:00,SA1,-15.46,487.13,-329.66,-20,2584.33163,289.47,605.38539,623.26,0.0,1019.33163,222.81986,2097.20163
2026-01-04 09:00:00,TAS1,35.08,833.68,-80.0,-2,1820.93586,753.68,832.39288,833.68,110.50166,116.93586,116.93586,987.25586
2026-01-04 09:00:00,VIC1,-13.69,2743.69,309.62,-30,10250.0401,3332.18,3143.39973,3051.57,68.58688,2032.12994,1142.18037,7506.3501
2026-01-04 09:05:00,NSW1,-3e-05,4626.45,455.06,-23,15070.48138,5766.51,5327.60362,5333.05,137.38199,4724.76138,3797.67522,10444.03138
2026-01-04 09:05:00,QLD1,-3e-05,4703.05,-194.98,-9,11242.93832,5712.21,6067.44172,5920.53,32.384,2198.98263,2173.23732,6539.888319999999
2026-01-04 09:05:00,SA1,-15.46,455.65,-372.1,-19,2564.72253,244.55,621.43915,620.76,0.0,982.72253,175.05369,2109.07253
2026-01-04 09:05:00,TAS1,35.08,833.62,-80.0,-2,1835.67912,753.62,835.34485,833.62,108.08098,131.67912,131.67912,1002.05912
2026-01-04 09:05:00,VIC1,-23.37477,2791.93,256.43,-34,10254.04854,3325.46,3138.49844,3094.4,67.26324,2040.13838,1135.45947,7462.118539999999
2026-01-04 09:10:00,NSW1,0.0,4671.87,511.76,-18,15153.0556,5870.63,5377.16675,5365.56,134.01994,4806.3356,3901.09198,10481.1856
2026-01-04 09:10:00,QLD1,0.0,4716.18,-294.57,-4,11202.30192,5667.31,5897.23896,5967.38,33.105,2160.30192,2129.50092,6486.12192
2026-01-04 09:10:00,SA1,-20.0,462.27,-422.65,-20,2550.56019,200.63,642.46244,627.54,0.0,970.56019,127.12719,2088.29019
2026-01-04 09:10:00,TAS1,36.1,838.58,-80.0,-2,1827.01973,758.58,838.43817,838.58,105.35106,123.01973,123.01973,988.43973
2026-01-04 09:10:00,VIC1,-6.5,2810.31,328.33,-29,10191.52758,3443.64,3110.82975,3141.73,66.57411,1978.61742,1253.6429,7381.21758
2026-01-04 09:15:00,NSW1,-3e-05,4790.51,379.5,-7,15053.92443,5857.01,5468.8128,5494.06,120.37729,4707.20443,3887.91123,10263.41443
2026-01-04 09:15:00,QLD1,-3e-05,4686.04,-107.76,-4,11297.84413,5761.96,5959.28153,5880.94,33.143,2255.84642,2223.60113,6611.80413
2026-01-04 09:15:00,SA1,-48.5,406.28,-353.84,-21,2521.91058,167.44,615.33926,525.42,0.0,946.91058,94.94457,2115.63058
2026-01-04 09:15:00,TAS1,36.1,830.07,-80.0,-3,1819.52734,750.07,838.67273,830.07,104.22359,115.52734,115.52734,989.45734
2026-01-04 09:15:00,VIC1,-25.0,2755.78,218.69,-24,10238.16302,3298.75,3119.79228,3104.74,65.40709,2025.25286,1108.75108,7482.383019999999
2026-01-04 09:20:00,NSW1,0.0,4816.15,483.23,-4,15032.85238,5986.37,5496.91299,5505.04,117.65729,4686.13238,4017.50557,10216.70238
2026-01-04 09:20:00,QLD1,0.0,4653.86,-159.68,-3,11482.21088,5955.17,5828.89432,6119.14,32.487,2441.21317,2416.25012,6828.350880000001
2026-01-04 09:20:00,SA1,-59.04,394.46,-401.44,-22,2539.292,171.82,559.60671,577.45,0.0,967.292,95.3216,2144.832
2026-01-04 09:20:00,TAS1,36.1,834.75,-80.0,-3,1818.33143,754.75,839.52594,834.75,99.89303,114.33143,114.33143,983.58143
2026-01-04 09:20:00,VIC1,-14.67,2815.63,190.76,-22,10201.7741,3181.87,3186.03043,3013.6,63.69807,1928.86394,991.86564,7386.1441
2026-01-04 09:25:00,NSW1,0.00981,4899.59,281.65,5,15022.75267,5867.24,5544.64334,5582.37,118.44629,4676.03267,3898.08019,10123.16267
2026-01-04 09:25:00,QLD1,0.01,4741.6,-135.5,-1,11520.24528,6018.22,6135.66627,6154.08,33.469,2479.24757,2479.24528,6778.645279999999
2026-01-04 09:25:00,SA1,-20.57,368.12,-364.07,-23,2540.76848,174.38,563.72714,542.36,0.0,968.76848,93.88242,2172.6484800000003
2026-01-04 09:25:00,TAS1,36.1,832.87,-80.0,-3,1816.46275,752.87,836.71423,832.87,104.60601,112.46275,112.46275,983.59275
2026-01-04 09:25:00,VIC1,-16.04156,2802.66,325.05,-19,10312.68703,3294.63,3016.72464,2995.66,62.97789,1954.77687,1104.63381,7510.027029999999
2026-01-04 09:30:00,NSW1,0.01005,4900.89,365.87,7,15095.93924,5951.77,5539.40846,5577.86,119.34729,4753.21924,3982.9282,10195.04924
2026-01-04 09:30:00,QLD1,0.01,4745.88,13.94,1,11497.02797,5995.59,6131.05776,5981.68,32.312,2457.03026,2457.02797,6751.147969999999
2026-01-04 09:30:00,SA1,-95.07,333.02,-325.54,-24,2541.7872,152.56,537.69911,481.93,0.0,971.7872,72.05506,2208.7672
2026-01-04 09:30:00,TAS1,35.1,824.69,-125.8,-3,1810.10695,698.89,830.73694,824.69,104.41819,106.10695,106.10695,985.41695
2026-01-04 09:30:00,VIC1,-33.60733,2768.5,85.88,-14,10322.75839,3266.37,2991.60419,3199.01,63.05674,1924.84823,1076.37182,7554.258390000001
2026-01-04 09:35:00,NSW1,-6.09497,4922.14,227.27,9,15209.79311,5834.41,5546.72273,5609.22,118.99229,4802.07311,3865.66435,10287.65311
2026-01-04 09:35:00,QLD1,-6.21,4733.21,-60.06,2,11635.27465,6113.68,5964.95002,6177.05,32.854,2598.28913,2574.71252,6902.064649999999
2026-01-04 09:35:00,SA1,-20.57,323.47,-267.7,-26,2573.58969,131.71,497.29017,403.54,0.0,967.58969,49.70885,2250.1196899999995
2026-01-04 09:35:00,TAS1,55.92604,818.74,-158.86,-3,1816.14651,659.88,823.8515,818.74,102.89,112.14651,112.14651,997.40651
2026-01-04 09:35:00,VIC1,-13.69,2792.11,297.36,-14,10360.50292,3329.22,3249.38078,3060.36,57.07485,1951.59276,1139.2242,7568.39292
2026-01-04 09:40:00,NSW1,0.0105,5070.14,83.52,11,15289.8721,5839.66,5688.64744,5752.68,116.76729,4882.1521,3870.38848,10219.7321
2026-01-04 09:40:00,QLD1,0.01,4721.93,248.33,7,11495.11531,5998.68,6081.49903,5752.39,18.0,2459.15107,2459.11531,6773.185309999999
2026-01-04 09:40:00,SA1,-35.85,336.11,-315.96,-24,2559.59493,136.09,433.55233,456.03,0.0,953.59493,54.09219,2223.48493
2026-01-04 09:40:00,TAS1,52.23584,815.82,-191.25,-3,1813.6099,624.57,821.53204,815.82,103.65581,109.6099,109.6099,997.7899
2026-01-04 09:40:00,VIC1,-17.19,2759.0,199.88,-14,10399.05147,3320.46,3018.23791,3142.55,54.13422,1992.14131,1130.45873,7640.05147
2026-01-04 09:45:00,NSW1,0.01011,4954.45,198.22,20,15293.52949,5838.68,5580.07285,5634.65,116.92529,4884.80949,3869.80985,10339.07949
2026-01-04 09:45:00,QLD1,0.01,4773.22,18.2,7,11360.13636,5865.5,5808.63127,5847.33,18.0,2327.13636,2327.13636,6586.91636
2026-01-04 09:45:00,SA1,-59.04,294.82,-367.36,-19,2573.35488,125.83,441.90982,496.88,0.0,962.35488,43.83066,2278.53488
2026-01-04 09:45:00,TAS1,49.0323,810.23,-189.24,-3,1811.08661,620.99,821.88849,810.23,103.75584,107.08661,107.08661,1000.85661
2026-01-04 09:45:00,VIC1,-20.29,2778.21,361.59,-11,10396.0088,3327.84,3175.75812,2989.75,57.93761,1975.09864,1137.84425,7617.7988
2026-01-04 09:50:00,NSW1,0.01018,4932.72,269.11,15,15322.04113,5897.83,5575.20616,5621.17,118.02329,4917.32113,3928.25887,10389.32113
2026-01-04 09:50:00,QLD1,0.01,4736.35,67.67,9,11373.14308,5878.51,5798.91622,5811.07,18.3,2340.14308,2340.14308,6636.79308
2026-01-04 09:50:00,SA1,-59.0,279.28,-361.82,-18,2574.53061,127.21,493.37944,492.76,0.0,962.53061,45.21301,2295.25061
2026-01-04 09:50:00,TAS1,44.23191,800.93,-180.55,-3,1810.47823,620.38,815.21436,800.93,103.69331,106.47823,106.47823,1009.54823
2026-01-04 09:50:00,VIC1,-25.0,2790.23,221.38,-11,10374.49871,3373.39,3021.32136,3171.37,54.20297,1936.58855,1183.38573,7584.26871
2026-01-04 09:55:00,NSW1,-5e-05,4962.59,170.11,6,15274.92711,5857.7,5621.48097,5689.91,119.15429,4870.20711,3888.68791,10312.33711
2026-01-04 09:55:00,QLD1,-5e-05,4765.96,36.18,7,11552.29873,6023.42,5840.27813,5991.29,18.8,2520.37653,2520.29873,6786.33873
2026-01-04 09:55:00,SA1,-20.57,256.92,-322.27,-18,2630.58808,132.49,498.32451,458.36,0.0,982.58808,50.48615,2373.66808
2026-01-04 09:55:00,TAS1,53.26344,806.22,-178.79,-3,1817.62988,627.43,816.52295,806.22,100.97015,113.62988,113.62988,1011.40988
2026-01-04 09:55:00,VIC1,-16.23767,2814.93,328.01,-7,10392.45981,3320.85,3212.12764,3016.11,53.7846,1952.54965,1130.84709,7577.52981
2026-01-04 10:00:00,NSW1,0.01023,4916.18,266.0,2,15270.83425,5866.17,5602.52522,5592.35,117.32129,4866.11425,3897.39377,10354.65425
2026-01-04 10:00:00,QLD1,0.01,4789.73,115.93,7,11503.0279,5972.24,5994.31017,5856.88,19.2,2469.05309,2469.0279,6713.2979
2026-01-04 10:00:00,SA1,-20.57,223.72,-332.26,-17,2676.286,128.96,444.52862,464.59,0.0,975.286,46.9644,2452.5660000000003
2026-01-04 10:00:00,TAS1,44.29883,795.95,-163.24,-3,1822.80579,632.71,806.74561,795.95,104.11693,118.80579,118.80579,1026.8557899999998
2026-01-04 10:00:00,VIC1,-25.0,2825.2,124.16,-7,10358.98796,3371.05,3024.51807,3261.36,55.95868,1923.0778,1181.05482,7533.787960000001
2026-01-04 10:05:00,NSW1,0.01036,4903.55,22.6,-4,15672.25372,6006.15,5548.92994,5980.1,125.16681,4932.53372,4032.39692,10768.70372
2026-01-04 10:05:00,QLD1,0.01,4781.46,188.17,10,11443.96435,5914.33,5840.9228,5727.39,34.66,2411.96435,2411.96435,6662.50435
2026-01-04 10:05:00,SA1,-59.0,190.79,-300.7,-16,2731.30017,121.31,450.6745,425.34,0.0,969.30017,39.31257,2540.51017
2026-01-04 10:05:00,TAS1,49.14093,792.6,-158.83,-3,1823.86862,633.77,802.53717,792.6,102.88652,119.86862,119.86862,1031.2686199999998
2026-01-04 10:05:00,VIC1,-20.29,2825.97,269.58,-4,10383.88597,3315.09,3257.72175,3065.21,59.7305,1918.97581,1125.08685,7557.91597
2026-01-04 10:10:00,NSW1,14.39638,4951.4,237.29,-5,15524.69432,6068.69,5878.49426,5823.95,125.7652,4799.97432,4049.62304,10573.29432
2026-01-04 10:10:00,QLD1,13.93,4941.48,168.89,9,11432.2902,5937.21,5854.72666,5769.2,35.395,2400.2902,2400.2902,6490.8102
2026-01-04 10:10:00,SA1,-59.0,222.77,-342.01,-17,2767.11682,107.87,461.72722,453.23,0.0,982.11682,25.87252,2544.34682
2026-01-04 10:10:00,TAS1,44.16498,820.32,-188.55,-3,1821.87932,631.78,823.32483,820.32,83.31928,117.87932,117.87932,1001.55932
2026-01-04 10:10:00,VIC1,-25.0,2892.29,135.81,-2,10383.93783,3376.86,3059.5393,3255.71,62.49143,1897.02767,1186.86017,7491.647830000001
2026-01-04 10:15:00,NSW1,0.01003,4756.54,182.35,-4,15506.53081,6018.89,5681.10351,5831.39,131.32727,4780.81081,4050.05277,10749.99081
2026-01-04 10:15:00,QLD1,0.01,4920.35,-5.67,13,11421.77523,5894.13,5764.64571,5899.8,36.429,2391.80213,2391.77523,6501.425229999999
2026-01-04 10:15:00,SA1,-95.07,210.81,-431.57,-13,2759.98913,101.09,464.9361,536.18,0.0,962.98913,19.0872,2549.17913
2026-01-04 10:15:00,TAS1,61.75421,818.01,-179.5,-2,1828.60024,638.5,821.71619,818.01,84.07051,124.60024,124.60024,1010.59024
2026-01-04 10:15:00,VIC1,-8.0,2850.5,456.1,1,10411.23233,3389.6,3222.11289,2956.84,57.62932,1915.32217,1199.59968,7560.732330000001
2026-01-04 10:20:00,NSW1,13.79701,4850.84,407.02,-13,15556.25692,6136.86,5879.81369,5722.28,132.82086,4830.53692,4118.02356,10705.41692
2026-01-04 10:20:00,QLD1,13.94,4965.78,-93.43,15,11542.38094,6048.35,5944.39611,6141.96,38.096,2513.38388,2513.38094,6576.600939999999
2026-01-04 10:20:00,SA1,-85.02,218.05,-432.64,-10,2767.01286,103.41,553.16646,539.75,0.0,943.01286,21.40911,2548.96286
2026-01-04 10:20:00,TAS1,55.85274,814.47,-187.95,-1,1816.71722,626.52,816.13922,814.47,87.33442,112.71722,112.71722,1002.24722
2026-01-04 10:20:00,VIC1,-13.69,2824.65,322.91,0,10362.16577,3269.48,2934.89746,2966.16,62.75316,1866.25561,1079.47679,7537.51577
2026-01-04 10:25:00,NSW1,13.45035,4647.23,471.48,-13,15386.36858,5996.71,5518.04862,5521.77,145.34822,4664.64858,3977.93058,10739.13858
2026-01-04 10:25:00,QLD1,13.93,5052.45,-228.76,12,11655.99398,6161.82,6221.08349,6391.9,39.293,2626.99398,2626.99398,6603.54398
2026-01-04 10:25:00,SA1,-59.04,233.01,-437.14,-8,2816.82398,108.22,568.64682,549.37,0.0,944.82398,26.21873,2583.81398
2026-01-04 10:25:00,TAS1,61.47444,812.69,-183.95,-1,1818.83748,628.74,814.41559,812.69,87.26311,114.83748,114.83748,1006.14748
2026-01-04 10:25:00,VIC1,-8.25,2792.84,405.27,-1,10386.75499,3298.11,2935.2408,2917.87,59.62186,1891.84483,1108.1106,7593.914989999999
2026-01-04 10:30:00,NSW1,0.7,4535.89,528.01,-22,15477.27324,6029.5,5442.41714,5497.64,160.11395,4755.55324,4010.69582,10941.38324
2026-01-04 10:30:00,QLD1,0.72864,5004.12,-250.36,17,11647.44422,6122.76,6377.05333,6374.64,39.472,2619.44422,2619.44422,6643.32422
2026-01-04 10:30:00,SA1,-95.07,199.66,-434.71,-7,2823.53882,100.2,539.9754,538.68,0.0,934.53882,18.19685,2623.8788200000004
2026-01-04 10:30:00,TAS1,49.14093,809.22,-168.56,-1,1830.76742,640.67,813.85046,809.22,89.29163,126.76742,126.76742,1021.54742
2026-01-04 10:30:00,VIC1,-20.29,2715.18,348.17,-9,10375.8716,3251.8,2867.05165,2924.74,56.75398,1880.96144,1061.80015,7660.6916
2026-01-04 10:35:00,NSW1,13.28429,4616.43,629.3,-27,15548.30966,6155.28,5533.64647,5522.32,189.38271,4816.58966,4131.3295,10931.87966
2026-01-04 10:35:00,QLD1,13.93,5101.42,-285.2,18,11576.88055,6084.64,6417.81252,6371.97,40.997,2550.88055,2550.88055,6475.46055
2026-01-04 10:35:00,SA1,-95.07,206.82,-417.68,-7,2912.95734,97.3,541.98429,518.83,0.0,928.95734,15.29641,2706.13734
2026-01-04 10:35:00,TAS1,60.1,803.23,-247.31,0,1838.73626,555.92,808.85394,803.23,91.48351,134.73626,134.73626,1035.50626
2026-01-04 10:35:00,VIC1,-9.45752,2650.81,345.89,-17,10327.02994,3189.7,2865.66648,2866.49,56.95203,1838.11978,999.70099,7676.219940000001
2026-01-04 10:40:00,NSW1,0.00965,4618.41,364.84,-19,15548.0684,6081.25,5499.69737,5715.26,196.92883,4830.3484,4112.14839,10929.6584
2026-01-04 10:40:00,QLD1,0.01,5112.35,-227.9,13,11615.80411,6093.77,6359.20463,6323.02,40.674,2590.80411,2590.80411,6503.454109999999
2026-01-04 10:40:00,SA1,-95.07,209.9,-426.77,-6,2942.97624,84.83,531.06091,515.65,0.0,925.97624,2.8262,2733.07624
2026-01-04 10:40:00,TAS1,61.47444,813.17,-187.18,0,1853.09107,625.99,825.01318,813.17,73.13053,149.09107,149.09107,1039.92107
2026-01-04 10:40:00,VIC1,-8.25,2616.98,511.04,-24,10328.90739,3321.02,2858.98453,2839.76,53.98972,1838.99723,1131.01705,7711.927390000001
2026-01-04 10:45:00,NSW1,13.52067,4691.99,511.45,-14,15593.0312,6078.44,5684.46094,5560.86,199.27278,4860.3112,4054.60271,10901.0412
2026-01-04 10:45:00,QLD1,13.93,5112.1,-186.95,17,11579.01919,6087.19,6279.60648,6275.05,41.204,2552.05619,2552.01919,6466.9191900000005
2026-01-04 10:45:00,SA1,-59.04,208.78,-390.97,-6,3007.30567,98.96,511.25475,493.89,0.0,928.30567,16.95622,2798.52567
2026-01-04 10:45:00,TAS1,48.81503,808.74,-242.41,0,1849.53562,566.34,819.22729,808.74,72.59268,145.53562,145.53562,1040.79562
2026-01-04 10:45:00,VIC1,-20.29,2609.41,331.31,-29,10281.84315,3247.32,2856.12813,2939.7,56.49633,1795.93299,1057.31794,7672.433150000001
2026-01-04 10:50:00,NSW1,0.7,4624.26,468.14,-12,15514.05457,6033.88,5470.05129,5560.82,199.06843,4781.33457,4002.89642,10889.79457
2026-01-04 10:50:00,QLD1,0.72559,5115.04,-203.24,13,11716.03342,6187.81,6313.26541,6392.13,42.372,2690.06567,2690.03342,6600.99342
2026-01-04 10:50:00,SA1,-95.07,161.87,-421.58,-6,3007.06481,91.27,461.89935,516.63,0.0,905.06481,9.2737,2845.19481
2026-01-04 10:50:00,TAS1,48.81503,802.11,-234.92,0,1850.48569,567.19,809.57458,802.11,76.09739,146.48569,146.48569,1048.3756899999998
2026-01-04 10:50:00,VIC1,-20.29,2556.47,415.02,-30,10355.63141,3278.35,2942.59804,2886.81,55.77451,1871.72125,1088.34677,7799.161410000001
2026-01-04 10:55:00,NSW1,13.4979,4765.25,491.59,-10,15537.77144,6078.84,5623.31091,5581.82,174.4908,4804.05144,4045.06309,10772.52144
2026-01-04 10:55:00,QLD1,13.93,5176.05,-202.53,9,11646.35837,6153.5,6385.29708,6357.19,42.857,2628.11313,2621.35837,6470.30837
2026-01-04 10:55:00,SA1,-95.07,161.4,-381.14,-8,3075.2198,95.81,508.61243,480.66,0.0,907.2198,13.81198,2913.8198
2026-01-04 10:55:00,TAS1,54.5651,809.99,-274.7,0,1855.38701,535.29,809.98901,809.99,73.10341,151.38701,151.38701,1045.39701
2026-01-04 10:55:00,VIC1,-14.67,2571.94,389.97,-33,10296.54062,3272.56,2913.24596,2906.34,50.04359,1811.63046,1082.55649,7724.600619999999
2026-01-04 11:00:00,NSW1,13.50867,4751.98,499.82,-3,15567.44954,6048.8,5563.03284,5542.78,156.01236,4833.72954,4014.69786,10815.46954
2026-01-04 11:00:00,QLD1,13.94,5162.71,-190.81,9,11498.88165,6004.31,6324.84674,6196.16,43.27,2479.73265,2473.88165,6336.171649999999
2026-01-04 11:00:00,SA1,-129.0,145.87,-386.36,-12,3064.05087,98.3,471.29471,488.48,0.0,897.05087,16.30131,2918.18087
2026-01-04 11:00:00,TAS1,54.60438,798.85,-270.56,-1,1848.39009,528.29,806.18793,798.85,68.80011,144.39009,144.39009,1049.54009
2026-01-04 11:00:00,VIC1,-14.67,2517.24,370.05,-31,10410.06273,3292.1,2874.1474,2945.52,48.99551,1918.15257,1102.09522,7892.82273
2026-01-04 11:05:00,NSW1,22.07,4702.23,524.68,1,15408.31641,6010.21,5461.42305,5479.68,147.91304,4674.59641,3976.14082,10706.08641
2026-01-04 11:05:00,QLD1,22.91907,5215.75,-207.07,7,11490.38028,5996.68,6166.67832,6204.99,42.192,2464.41104,2464.33019,6274.630279999999
2026-01-04 11:05:00,SA1,-92.01,152.84,-346.42,-14,3077.79197,96.68,498.68562,446.9,0.0,875.79197,14.67806,2924.95197
2026-01-04 11:05:00,TAS1,54.48656,797.4,-303.8,-2,1831.69904,493.6,800.1604,797.4,63.10172,127.69904,127.69904,1034.29904
2026-01-04 11:05:00,VIC1,-14.67,2494.96,356.73,-31,10400.85584,3240.54,2904.98915,2908.74,51.24848,1885.94568,1050.53993,7905.89584
2026-01-04 11:10:00,NSW1,16.09661,4675.69,467.06,8,15417.25066,6056.76,5439.14783,5584.1,148.44938,4682.53066,4022.59984,10741.56066
2026-01-04 11:10:00,QLD1,16.64,5280.33,-185.07,8,11402.91585,5909.29,6291.11817,6095.45,42.15,2386.81585,2376.66585,6122.58585
2026-01-04 11:10:00,SA1,-95.07,135.02,-350.9,-13,3079.58628,95.14,440.63482,449.78,0.0,877.58628,13.1384,2944.56628
2026-01-04 11:10:00,TAS1,51.46648,790.36,-265.07,-3,1863.49812,525.3,795.27881,790.36,71.87854,159.49812,159.49812,1073.13812
2026-01-04 11:10:00,VIC1,-17.66,2433.39,356.77,-27,10440.64665,3241.37,2858.39392,2908.17,48.98587,1904.73649,1051.37429,8007.256650000001
2026-01-04 11:15:00,NSW1,34.04902,4683.77,404.42,2,15307.28834,5890.18,5531.63184,5478.73,137.08182,4568.56834,3856.37467,10623.51834
2026-01-04 11:15:00,QLD1,34.76,5287.03,-124.78,11,11288.01834,5797.6,6071.51951,5922.88,43.43,2263.02594,2263.01834,6000.988340000001
2026-01-04 11:15:00,SA1,-95.07,103.58,-343.63,-13,3091.69329,97.66,421.3361,445.0,0.0,890.69329,15.6593,2988.11329
2026-01-04 11:15:00,TAS1,43.76342,789.31,-270.89,-2,1856.51526,518.42,791.39526,789.31,76.75447,152.51526,152.51526,1067.20526
2026-01-04 11:15:00,VIC1,-25.0,2426.05,355.41,-22,10463.06927,3243.49,2838.3897,2911.42,54.42033,1905.15911,1053.48823,8037.01927
2026-01-04 11:20:00,NSW1,0.7,4590.58,417.54,0,15396.34752,5950.84,5406.67746,5530.94,142.16054,4657.62752,3916.85366,10805.76752
2026-01-04 11:20:00,QLD1,0.72799,5296.58,-231.51,11,11444.4616,5927.08,6012.57987,6160.23,44.338,2420.46653,2420.4616,6147.881600000001
2026-01-04 11:20:00,SA1,-95.07,65.1,-346.99,-14,3078.45688,100.44,440.88662,451.09,0.0,877.45688,18.4383,3013.3568800000003
2026-01-04 11:20:00,TAS1,48.76071,780.6,-250.52,-3,1868.28571,530.09,784.84302,780.6,78.94687,164.28571,164.28571,1087.6857100000002
2026-01-04 11:20:00,VIC1,-20.29,2413.78,441.03,-19,10419.65394,3217.0,2959.07227,2802.57,55.16752,1861.74378,1027.00256,8005.873939999999
2026-01-04 11:25:00,NSW1,36.0601,4686.76,548.78,-5,15471.3016,5966.53,5537.65591,5408.37,166.85539,4731.3016,3930.55068,10784.5416
2026-01-04 11:25:00,QLD1,37.01,5514.92,-127.34,15,11394.40062,6089.58,6313.48619,6217.58,42.51,2370.40555,2370.40062,5879.48062
2026-01-04 11:25:00,SA1,-95.07,73.32,-339.32,-13,3102.19188,130.98,449.32293,473.95,0.0,901.19188,48.9827,3028.87188
2026-01-04 11:25:00,TAS1,28.5672,782.6,-266.62,-3,1854.07201,515.97,785.67285,782.6,82.25069,150.07201,150.07201,1071.47201
2026-01-04 11:25:00,VIC1,-39.48,2420.15,197.05,-17,10465.97062,3210.56,2753.49561,3031.13,57.94662,1911.06046,1020.56398,8045.82062
2026-01-04 11:30:00,NSW1,32.33725,4548.44,590.62,-6,15292.92561,5945.06,5325.93734,5359.41,173.60955,4552.92561,3910.46603,10744.48561
2026-01-04 11:30:00,QLD1,34.76,5516.5,-397.0,24,11619.32083,6192.45,6226.37967,6594.51,41.316,2595.32576,2595.32083,6102.820830000001
2026-01-04 11:30:00,SA1,-95.07,50.95,-297.92,-13,3065.15272,135.81,487.65204,437.46,0.0,865.15272,53.8127,3014.20272
2026-01-04 11:30:00,TAS1,48.67697,776.71,-251.92,-3,1862.89192,524.79,779.14832,776.71,88.1346,158.89192,158.89192,1086.18192
2026-01-04 11:30:00,VIC1,-20.37,2379.81,396.96,-13,10449.52543,3233.45,3018.5966,2863.47,54.22145,1894.61527,1043.45254,8069.71543
2026-01-04 11:35:00,NSW1,13.24291,4597.72,475.77,-8,15637.24505,6052.48,5376.49907,5572.34,180.52361,4901.52505,4018.26847,11039.52505
2026-01-04 11:35:00,QLD1,13.82,5547.48,-211.44,26,11639.09478,6249.93,6603.43927,6462.98,41.365,2619.51592,2619.09478,6091.61478
2026-01-04 11:35:00,SA1,-129.0,54.33,-278.44,-12,3079.62249,138.44,468.92259,420.61,0.0,880.62249,56.4369,3025.2924900000003
2026-01-04 11:35:00,TAS1,51.95973,770.52,-265.68,-2,1851.94155,504.84,772.26141,770.52,91.49512,147.94155,147.94155,1081.42155
2026-01-04 11:35:00,VIC1,-17.19,2378.58,304.25,-13,10471.35142,3293.84,2880.39151,3013.09,56.28145,1918.44126,1103.83836,8092.771420000001
2026-01-04 11:40:00,NSW1,34.01,4723.82,523.87,-6,15569.53474,6068.51,5609.99216,5536.09,158.89055,4832.53474,4034.78929,10845.71474
2026-01-04 11:40:00,QLD1,35.07877,5559.04,-141.05,22,11568.60862,6179.99,6412.52029,6321.86,41.238,2557.50862,2548.60862,6009.568620000001
2026-01-04 11:40:00,SA1,-150.67,74.84,-269.18,-10,3077.72336,141.8,438.38738,414.78,0.0,878.72336,59.80128,3002.88336
2026-01-04 11:40:00,TAS1,28.5672,760.75,-262.61,-2,1845.23508,498.14,769.04022,760.75,93.64028,141.23508,141.23508,1084.48508
2026-01-04 11:40:00,VIC1,-39.48,2341.8,163.91,-10,10514.25043,3236.95,2916.08286,3091.9,53.67318,1961.34027,1046.94621,8172.45043
2026-01-04 11:45:00,NSW1,22.07,4692.6,510.82,3,15570.50512,6110.52,5494.27525,5598.33,146.52584,4833.50512,4076.30423,10877.90512
2026-01-04 11:45:00,QLD1,23.31148,5535.8,-278.65,20,11555.43397,6133.15,6292.72607,6414.46,39.21,2537.19197,2536.43397,6019.63397
2026-01-04 11:45:00,SA1,-150.67,83.4,-264.09,-7,3089.93664,139.21,445.9182,407.2,0.0,890.93664,57.20863,3006.53664
2026-01-04 11:45:00,TAS1,52.00575,750.42,-250.71,-1,1847.80941,499.71,758.58179,750.42,98.72966,143.80941,143.80941,1097.3894100000002
2026-01-04 11:45:00,VIC1,-17.19,2292.83,313.12,-9,10476.31399,3248.35,3038.08561,2960.52,53.68864,1920.40383,1058.35051,8183.483990000001
2026-01-04 11:50:00,NSW1,22.07,4808.54,534.34,2,15584.89551,6160.72,5639.10935,5624.59,138.41988,4843.89551,4127.06359,10776.35551
2026-01-04 11:50:00,QLD1,23.3076,5489.14,-284.68,12,11502.75069,6080.46,6358.29307,6367.9,38.61,2483.75069,2483.75069,6013.61069
2026-01-04 11:50:00,SA1,-95.07,78.45,-265.3,-5,3070.19044,137.74,404.33944,407.0,0.0,868.19044,55.7422,2991.74044
2026-01-04 11:50:00,TAS1,43.89728,749.48,-242.66,-1,1854.92194,506.82,757.07007,749.48,99.74372,150.92194,150.92194,1105.44194
2026-01-04 11:50:00,VIC1,-25.0,2264.81,287.38,-12,10546.70243,3259.75,2927.21845,2996.53,48.14723,1972.79227,1069.75485,8281.89243
2026-01-04 11:55:00,NSW1,34.01,4919.68,362.91,13,15298.03804,5987.79,5661.04649,5618.88,119.04929,4556.03804,3953.42455,10378.35804
2026-01-04 11:55:00,QLD1,35.07842,5517.73,-131.99,7,11582.71032,6161.75,6377.62638,6294.46,39.252,2564.54932,2563.60244,6064.980320000001
2026-01-04 11:55:00,SA1,-150.67,50.32,-273.78,-5,3079.59021,137.76,348.99444,415.35,0.0,872.59021,55.75807,3029.27021
2026-01-04 11:55:00,TAS1,43.83035,761.19,-254.1,-1,1855.29051,507.09,766.74231,761.19,84.35723,151.29051,151.29051,1094.10051
2026-01-04 11:55:00,VIC1,-25.0,2244.15,319.3,-12,10508.03526,3286.6,2915.71417,2991.11,50.79762,1925.1251,1096.60185,8263.885260000001
2026-01-04 12:00:00,NSW1,35.51656,4996.54,237.08,20,15405.20917,5994.62,5636.82643,5749.43,115.88829,4663.20917,3960.57468,10408.66917
2026-01-04 12:00:00,QLD1,35.73,5430.94,14.13,3,11707.59758,6287.81,6227.55068,6273.65,40.199,2689.59758,2689.59758,6276.65758
2026-01-04 12:00:00,SA1,-187.65,76.6,-399.09,-4,3078.8357,142.37,437.94777,545.32,0.0,868.8357,60.37058,3002.2357
2026-01-04 12:00:00,TAS1,48.67697,761.01,-257.52,-1,1851.58815,503.49,764.79382,761.01,88.94289,147.58815,147.58815,1090.57815
2026-01-04 12:00:00,VIC1,-20.37,2238.11,424.72,-12,10607.88419,3312.5,2946.04753,2911.38,50.38677,2024.97403,1122.50473,8369.77419
2026-01-04 12:05:00,NSW1,37.70537,5090.38,146.18,31,15126.93316,5981.57,5748.00756,5826.88,110.08029,4355.21316,3872.31492,10036.55316
2026-01-04 12:05:00,QLD1,37.01,5428.91,160.15,-5,11690.97768,6311.05,6259.36323,6151.32,41.237,2679.53168,2671.97768,6262.06768
2026-01-04 12:05:00,SA1,-188.99,89.26,-422.21,-4,3067.4408,115.53,547.52971,541.73,0.0,858.4408,33.52929,2978.1808
2026-01-04 12:05:00,TAS1,48.79645,760.66,-229.54,-1,1852.313,531.11,765.5899,760.66,80.34202,148.313,148.313,1091.6530000000002
2026-01-04 12:05:00,VIC1,-20.36,2231.32,361.74,-12,10535.40748,3304.85,2811.13608,2963.53,52.81732,1952.49732,1114.85256,8304.08748
2026-01-04 12:10:00,NSW1,37.22205,5138.78,80.06,36,14730.50274,5906.84,5779.72251,5821.84,115.61329,3957.50274,3712.65711,9591.72274
2026-01-04 12:10:00,QLD1,37.01,5455.73,53.99,-7,11578.95153,6263.72,6169.69491,6209.69,42.201,2559.99269,2559.95153,6123.221530000001
2026-01-04 12:10:00,SA1,-289.43794,78.16,-357.2,-2,3058.30468,114.97,523.23853,475.31,0.0,849.30468,32.96592,2980.1446800000003
2026-01-04 12:10:00,TAS1,48.81503,772.35,-238.17,-1,1855.2755,534.18,778.68176,772.35,70.04318,151.2755,151.2755,1082.9254999999998
2026-01-04 12:10:00,VIC1,-20.29,2225.09,482.75,-10,10622.9166,3282.37,2855.25043,2822.87,56.54232,2037.00644,1092.36599,8397.8266
2026-01-04 12:15:00,NSW1,36.32421,5253.36,168.8,34,15345.68235,6171.16,5851.07713,5992.89,108.67729,4412.68235,3943.81698,10092.32235
2026-01-04 12:15:00,QLD1,35.73,5497.48,144.2,-7,11743.27942,6361.34,6275.96731,6217.36,42.411,2731.89863,2724.27942,6245.799420000001
2026-01-04 12:15:00,SA1,-187.65,52.7,-272.39,-2,3087.52477,123.67,463.51367,399.28,0.0,878.52477,41.6705,3034.82477
2026-01-04 12:15:00,TAS1,28.88427,761.94,-222.41,-1,1860.72575,539.53,766.88214,761.94,75.04221,156.72575,156.72575,1098.78575
2026-01-04 12:15:00,VIC1,-39.48,2235.82,188.88,-9,10641.79673,3249.25,2818.92971,3073.46,57.28523,2055.88657,1059.2504,8405.97673
2026-01-04 12:20:00,NSW1,36.07,5445.93,122.24,35,15335.94734,6229.75,6093.89987,6099.98,115.05429,4402.94734,3931.98437,9890.01734
2026-01-04 12:20:00,QLD1,35.73,5465.1,84.98,-5,11696.16692,6315.41,6204.10021,6230.41,41.301,2687.06692,2677.8926,6231.066919999999
2026-01-04 12:20:00,SA1,-150.67,51.78,-214.39,-3,3052.51008,115.84,396.15435,333.7,0.0,843.51008,33.8358,3000.73008
2026-01-04 12:20:00,TAS1,20.46178,752.25,-213.78,-1,1859.76882,538.47,755.45313,752.25,74.80326,155.76882,155.76882,1107.51882
2026-01-04 12:20:00,VIC1,-47.69,2220.48,235.45,-7,10605.19192,3235.1,3002.30894,3018.23,53.69898,2019.28176,1045.10228,8384.71192
2026-01-04 12:25:00,NSW1,38.81413,5627.9,2.82,48,15201.00311,6288.72,6174.15435,6279.48,125.61262,4267.00311,3898.57601,9573.10311
2026-01-04 12:25:00,QLD1,37.01,5417.83,326.46,3,11619.68881,6354.29,6168.91462,6029.93,41.882,2608.68181,2597.59208,6201.85881
2026-01-04 12:25:00,SA1,-95.07,53.59,-137.08,-4,3055.15035,116.84,322.15812,257.98,0.0,846.15035,34.8415,3001.56035
2026-01-04 12:25:00,TAS1,19.31351,754.6,-227.28,-2,1848.42024,527.32,754.94641,754.6,78.6473,144.42024,144.42024,1093.82024
2026-01-04 12:25:00,VIC1,-48.67,2278.16,49.99,-1,10591.88945,3114.15,2956.22452,3079.34,46.91687,2005.97929,924.15462,8313.72945
2026-01-04 12:30:00,NSW1,38.56211,5699.18,-222.38,54,15006.76751,6224.81,6230.25893,6447.74,125.91415,4072.76751,3834.0949,9307.58751
2026-01-04 12:30:00,QLD1,37.01,5417.83,302.13,7,11501.70575,6270.96,5995.76639,5970.56,42.055,2483.75759,2483.70575,6083.875749999999
2026-01-04 12:30:00,SA1,-92.01,42.91,-48.12,-4,3073.2417,148.4,247.00377,201.68,0.0,864.2417,42.3981,3030.3317
2026-01-04 12:30:00,TAS1,43.89728,758.25,-243.59,-2,1835.75933,514.66,752.2771,758.25,77.21813,131.75933,131.75933,1077.50933
2026-01-04 12:30:00,VIC1,-25.0,2283.82,255.5,3,10591.74048,3161.45,2970.23947,2942.06,47.02323,2007.83032,971.45032,8307.92048
2026-01-04 12:35:00,NSW1,84.79006,5873.38,-365.08,59,14723.48952,6099.29,6499.21395,6483.53,115.21772,3789.48952,3586.16577,8850.109519999998
2026-01-04 12:35:00,QLD1,70.0,5390.42,812.36,5,11467.18607,6695.33,5915.14247,5898.2,42.375,2456.19474,2456.18607,6076.76607
2026-01-04 12:35:00,SA1,-59.0,51.7,-27.16,-4,3075.22399,169.57,197.94281,202.16,0.0,867.22399,63.5658,3023.52399
2026-01-04 12:35:00,TAS1,17.65023,756.21,-258.91,-2,1831.40058,497.3,746.90363,756.21,84.76074,127.40058,127.40058,1075.19058
2026-01-04 12:35:00,VIC1,-50.01,2265.8,-102.6,9,10751.02132,3227.32,2796.37892,3348.71,50.07873,1982.11116,1037.31828,8485.22132
2026-01-04 12:40:00,NSW1,109.37,6001.26,-338.22,62,14800.23225,6306.05,6502.36558,6652.98,105.89313,3862.23225,3667.71048,8798.972249999999
2026-01-04 12:40:00,QLD1,60.0,5481.21,648.98,7,11572.74553,6674.2,6001.27027,6034.33,42.427,2562.7542,2562.74553,6091.53553
2026-01-04 12:40:00,SA1,-73.5,31.87,-14.56,-3,3102.44124,153.31,179.21894,173.31,0.0,894.44124,47.30973,3070.57124
2026-01-04 12:40:00,TAS1,19.18322,745.37,-246.16,-2,1833.31789,499.22,737.57428,745.37,89.35079,129.31789,129.31789,1087.94789
2026-01-04 12:40:00,VIC1,-48.67,2299.81,-4.17,11,10760.4048,3205.04,3206.4437,3231.82,50.08633,1987.49464,975.49831,8460.5948
2026-01-04 12:45:00,NSW1,109.37,6209.97,-309.1,65,14618.55378,6340.87,6738.89171,6658.63,97.76095,3679.55378,3461.92622,8408.58378
2026-01-04 12:45:00,QLD1,60.0,5522.22,683.93,13,11525.78481,6761.15,6049.09245,6087.21,42.236,2515.79348,2515.78481,6003.564809999999
2026-01-04 12:45:00,SA1,-95.07,46.09,-13.84,-1,3140.94391,174.06,178.76112,194.06,0.0,932.94391,68.06491,3094.85391
2026-01-04 12:45:00,TAS1,28.88427,739.67,-233.45,-1,1840.11633,506.22,735.17145,739.67,93.79822,136.11633,136.11633,1100.4463300000002
2026-01-04 12:45:00,VIC1,-39.48,2292.08,-79.08,13,10742.36533,2894.22,3062.5933,2996.94,49.11726,1969.45517,736.8422,8450.28533
2026-01-04 12:50:00,NSW1,77.9999,6331.65,-490.85,74,14680.94295,6278.79,6660.46656,6782.97,114.68337,3741.94295,3444.79758,8349.292950000001
2026-01-04 12:50:00,QLD1,70.0,5621.06,672.46,20,11412.59009,7082.31,6150.99472,6419.14,42.223,2516.59876,2516.59009,5791.530089999999
2026-01-04 12:50:00,SA1,-92.01,37.76,-13.62,-1,3189.56263,153.72,181.73334,173.72,0.0,981.56263,68.02078,3151.80263
2026-01-04 12:50:00,TAS1,48.70639,732.9,-271.22,-1,1832.77864,461.68,730.47656,732.9,96.04726,128.77864,128.77864,1099.87864
2026-01-04 12:50:00,VIC1,-20.29,2251.25,170.91,13,10810.22231,3078.32,2894.38124,2946.08,50.14209,2029.31215,938.94024,8558.97231
2026-01-04 12:55:00,NSW1,39.03657,6558.59,-355.65,80,14715.21638,6275.94,6884.57553,6635.27,111.9576,3776.21638,3427.01194,8156.62638
2026-01-04 12:55:00,QLD1,37.01,5661.31,406.94,28,11339.43897,6660.26,6398.53858,6255.99,41.261,2448.90564,2443.43897,5678.128969999999
2026-01-04 12:55:00,SA1,-59.04,44.99,-13.65,-1,3155.57525,151.78,153.71399,171.78,0.0,947.57525,69.7809,3110.58525
2026-01-04 12:55:00,TAS1,48.96772,726.31,-275.51,-1,1823.90445,450.8,725.27008,726.31,92.24719,118.90445,118.90445,1097.59445
2026-01-04 12:55:00,VIC1,-19.99,2224.08,297.8,11,10819.15067,3215.89,2842.01774,2965.32,44.43801,2038.24051,1094.13574,8595.070670000001
2026-01-04 13:00:00,NSW1,57.06014,6706.49,-651.35,83,14598.66022,6242.14,6660.53383,6913.32,108.27584,3658.66022,3398.79732,7892.17022
2026-01-04 13:00:00,QLD1,53.52622,5686.84,450.91,30,11342.90381,6655.74,6245.68674,6208.9,41.3,2447.90994,2447.90381,5656.06381
2026-01-04 13:00:00,SA1,-59.0,23.07,-13.88,-2,3155.88128,163.59,172.07741,183.59,0.0,947.88128,81.59388,3132.81128
2026-01-04 13:00:00,TAS1,48.70639,724.83,-269.53,-1,1828.40034,455.3,722.57825,724.83,95.68875,123.40034,123.40034,1103.5703399999998
2026-01-04 13:00:00,VIC1,-20.29,2162.09,584.83,7,10771.02899,3219.11,2922.36809,2705.24,40.46719,1990.11883,1099.11134,8608.93899
2026-01-04 13:05:00,NSW1,109.37,6860.85,-401.66,91,14756.58815,6461.19,6932.17126,6873.54,138.1223,3816.58815,3306.39539,7895.738149999999
2026-01-04 13:05:00,QLD1,63.83008,5731.97,673.28,28,11386.6903,6647.25,6228.40471,5983.59,40.473,2491.21489,2490.6903,5654.7203
2026-01-04 13:05:00,SA1,-129.0,25.83,-246.94,-1,3179.7634,140.03,197.99238,390.85,0.0,971.7634,56.7305,3153.9334
2026-01-04 13:05:00,TAS1,17.38247,729.93,-276.04,-1,1826.99203,453.89,728.99567,729.93,83.3104,121.99203,121.99203,1097.06203
2026-01-04 13:05:00,VIC1,-50.01,2108.49,296.49,3,10821.68574,3208.83,2661.53851,2933.28,47.07649,2038.77558,1088.83017,8713.195740000001
2026-01-04 13:10:00,NSW1,103.99,7104.87,-674.62,90,14716.56248,6432.24,6993.17007,7130.13,133.80861,3772.56248,3354.45315,7611.692480000001
2026-01-04 13:10:00,QLD1,70.5,5706.98,707.91,28,11393.47854,6892.91,5937.48799,6195.93,43.148,2497.47854,2497.47854,5686.4985400000005
2026-01-04 13:10:00,SA1,-150.67,64.36,-352.57,-1,3147.43702,143.21,393.80981,499.67,0.0,963.43702,61.214,3083.07702
2026-01-04 13:10:00,TAS1,55.23256,729.77,-286.29,-1,1816.57873,443.48,727.09106,729.77,81.28407,111.57873,111.57873,1086.80873
2026-01-04 13:10:00,VIC1,-14.0,2164.23,684.39,2,10812.75078,3263.62,2895.22954,2619.97,42.49894,2031.89042,1143.6242,8648.52078
2026-01-04 13:15:00,NSW1,109.37,7301.11,-587.24,90,14641.00177,6715.87,7188.79169,7322.89,120.2576,3692.00177,3292.23451,7339.891770000001
2026-01-04 13:15:00,QLD1,63.83008,5816.94,715.71,23,11227.74032,6581.52,6284.35908,5877.12,43.641,2341.48732,2331.96069,5410.800320000001
2026-01-04 13:15:00,SA1,-160.11,82.52,-247.59,1,3175.98256,133.54,470.27483,385.18,0.0,972.98256,46.836,3093.46256
2026-01-04 13:15:00,TAS1,28.14444,727.06,-319.83,-1,1824.33448,407.23,726.81665,727.06,81.01146,119.33448,119.33448,1097.27448
2026-01-04 13:15:00,VIC1,-39.48,2128.18,509.09,-3,10843.75014,3230.04,2559.04721,2755.94,46.87523,2065.88978,1110.03547,8715.57014
2026-01-04 13:20:00,NSW1,299.98,7490.78,-642.33,99,14618.36517,6850.46,7382.60257,7525.91,116.38061,3665.36517,3218.60596,7127.585169999999
2026-01-04 13:20:00,QLD1,54.73,5833.66,700.65,23,11273.20026,6575.31,5864.42982,5890.66,43.168,2378.29661,2378.20026,5439.54026
2026-01-04 13:20:00,SA1,-286.18645,84.0,-296.74,3,3180.63054,126.16,363.15785,426.9,0.0,972.63054,44.1635,3096.63054
2026-01-04 13:20:00,TAS1,19.44043,731.51,-322.11,0,1826.49238,409.39,730.60706,731.51,74.99389,121.49238,121.49238,1094.98238
2026-01-04 13:20:00,VIC1,-47.69,2074.59,656.17,-4,10825.25053,3215.78,2658.53913,2602.13,43.07528,2047.39017,1095.78103,8750.66053
2026-01-04 13:25:00,NSW1,299.97,7544.09,-613.1,103,14512.88448,6936.99,7438.16079,7582.85,124.47561,3552.16448,3185.59399,6968.7944800000005
2026-01-04 13:25:00,QLD1,44.73,5761.18,605.8,25,11163.55414,6445.99,5779.99038,5854.66,43.394,2276.58014,2268.55414,5402.37414
2026-01-04 13:25:00,SA1,-262.49897,108.14,-354.36,5,3190.21242,129.78,385.69983,488.15,0.0,982.21242,47.7767,3082.07242
2026-01-04 13:25:00,TAS1,48.32617,729.72,-355.52,0,1818.20837,374.21,728.63568,729.72,76.83234,113.20837,113.20837,1088.48837
2026-01-04 13:25:00,VIC1,-20.29,2103.29,819.06,-6,10823.74124,3237.8,2576.59143,2469.39,40.50005,2045.88088,1117.79876,8720.451239999999
2026-01-04 13:30:00,NSW1,180.53719,7748.7,-764.59,103,14480.25132,6985.11,7639.63274,7784.78,124.08461,3518.53132,3055.78663,6731.55132
2026-01-04 13:30:00,QLD1,54.75005,5748.75,636.2,13,11094.48244,6434.95,5824.62939,5810.98,40.845,2199.48244,2199.48244,5345.73244
2026-01-04 13:30:00,SA1,-248.7801,75.87,-307.99,5,3216.50607,143.88,443.20509,455.94,0.0,1008.50607,61.8792,3140.63607
2026-01-04 13:30:00,TAS1,51.68362,725.22,-348.71,0,1820.61451,376.51,725.52155,725.22,78.35004,115.61451,115.61451,1095.39451
2026-01-04 13:30:00,VIC1,-17.19,2060.78,900.24,-6,10778.80122,3288.12,2419.14077,2451.65,41.46542,2000.94086,1168.11942,8718.021219999999
2026-01-04 13:35:00,NSW1,112.13705,7879.93,-511.22,100,14728.15334,7369.7,7785.69562,7897.44,118.28961,3766.15334,3218.37552,6848.2233400000005
2026-01-04 13:35:00,QLD1,54.99,5693.65,573.81,0,11404.73911,6291.45,5736.11783,5726.29,40.79,1939.73911,1939.73911,5711.089110000001
2026-01-04 13:35:00,SA1,-246.96471,109.32,-259.59,6,3238.85529,158.73,488.19523,422.47,0.0,1034.85529,76.7266,3129.53529
2026-01-04 13:35:00,TAS1,48.43481,722.11,-337.45,0,1817.66841,384.67,723.83337,722.11,79.0592,112.66841,112.66841,1095.55841
2026-01-04 13:35:00,VIC1,-20.29,2053.91,605.38,-7,10808.57602,3242.22,2438.74607,2678.46,38.5435,2030.71566,1122.21514,8754.66602
2026-01-04 13:40:00,NSW1,170.63163,8100.26,-642.54,99,14634.79924,7458.72,8031.99433,8128.72,106.22226,3676.79924,3202.23276,6534.53924
2026-01-04 13:40:00,QLD1,54.75005,5729.75,626.22,-3,11505.5905,6425.97,5747.73958,5811.46,41.243,2040.5905,2040.5905,5775.8405
2026-01-04 13:40:00,SA1,-246.80114,121.62,-305.37,7,3303.73437,160.24,396.36555,469.74,0.0,1099.73437,78.2433,3182.11437
2026-01-04 13:40:00,TAS1,53.33518,716.92,-340.12,0,1809.89898,376.8,718.61041,716.92,84.74027,104.89898,104.89898,1092.97898
2026-01-04 13:40:00,VIC1,-15.64,2079.56,755.88,-7,10823.22301,3288.44,2624.02326,2583.34,46.41212,2045.36265,1168.44427,8743.66301
2026-01-04 13:45:00,NSW1,109.37,8051.6,-669.87,102,14569.71681,7381.73,7977.87035,8075.95,97.90707,3614.87481,3195.0536,6518.11681
2026-01-04 13:45:00,QLD1,54.75005,5779.0,642.33,0,11537.12332,6474.34,5848.27569,5841.97,41.864,2072.12602,2072.12332,5758.123320000001
2026-01-04 13:45:00,SA1,-246.00594,55.61,-210.78,7,3296.58194,163.83,416.33862,379.03,0.0,1092.58194,81.827,3240.97194
2026-01-04 13:45:00,TAS1,48.43481,714.19,-325.76,1,1821.53177,388.43,713.58044,714.19,93.21488,116.53177,116.53177,1107.34177
2026-01-04 13:45:00,VIC1,-20.29,2048.0,654.87,-4,10847.72325,3286.09,2546.71028,2683.29,45.91181,2069.86289,1166.09457,8799.72325
2026-01-04 13:50:00,NSW1,170.95195,8161.37,-650.71,96,14412.70228,7511.66,8080.9524,8189.07,96.82999,3461.98228,3061.95403,6251.33228
2026-01-04 13:50:00,QLD1,54.99,5865.7,618.23,4,11669.65188,6511.46,5906.30772,5904.15,43.406,2089.65188,2089.65188,5803.95188
2026-01-04 13:50:00,SA1,-243.72038,43.27,-116.97,3,3322.25304,160.3,353.44247,282.45,0.0,1118.25304,78.2955,3278.98304
2026-01-04 13:50:00,TAS1,53.33518,697.67,-339.87,1,1813.90228,357.8,696.63843,697.67,105.43988,108.90228,108.90228,1116.2322800000002
2026-01-04 13:50:00,VIC1,-15.64,2083.43,589.64,-1,10893.73706,3266.07,2627.32811,2733.94,41.07258,2115.8767,1146.06711,8810.30706
2026-01-04 13:55:00,NSW1,138.42008,8085.16,-829.03,83,14164.87009,7257.13,8012.33484,8116.79,111.69255,3217.87009,2867.16417,6079.7100900000005
2026-01-04 13:55:00,QLD1,54.99,5872.59,684.62,14,11753.97681,6600.71,5909.92883,5925.67,40.24,2176.24273,2174.97681,5881.38681
2026-01-04 13:55:00,SA1,-92.01,40.74,64.47,-1,3308.37155,199.78,306.33197,143.1,0.0,1104.37155,95.7812,3267.63155
2026-01-04 13:55:00,TAS1,48.38049,704.08,-340.98,1,1819.20307,363.1,701.29761,704.08,102.82681,114.20307,114.20307,1115.12307
2026-01-04 13:55:00,VIC1,-20.29,2063.95,551.03,-2,10872.09064,3326.66,2640.61817,2857.74,40.75176,2091.23028,1206.6571,8808.140640000001
2026-01-04 14:00:00,NSW1,162.47819,8127.26,-587.5,74,14296.24661,7539.76,8040.06441,8143.64,119.11797,3379.24661,2941.83752,6168.98661
2026-01-04 14:00:00,QLD1,64.95,5898.21,696.22,21,11625.32998,6605.43,5936.65226,5918.9,40.066,2046.35512,2046.32998,5727.11998
2026-01-04 14:00:00,SA1,-246.87158,59.04,-88.42,-3,3324.68156,178.62,174.71225,272.58,0.0,1120.68156,96.6177,3265.64156
2026-01-04 14:00:00,TAS1,48.29525,709.69,-342.13,1,1823.65868,367.56,708.93011,709.69,97.99047,118.65868,118.65868,1113.96868
2026-01-04 14:00:00,VIC1,-20.37,2090.83,397.79,-1,10840.70859,3222.85,2821.26028,2869.42,42.72846,2057.84823,1102.85182,8749.87859
2026-01-04 14:05:00,NSW1,70.77951,8098.52,-733.77,61,14307.97629,7365.74,8011.66362,8123.71,119.79397,3390.97629,2979.87476,6209.45629
2026-01-04 14:05:00,QLD1,63.83012,5867.47,691.24,23,11555.71968,6568.71,5863.65782,5887.06,38.597,2031.71968,2031.71968,5688.24968
2026-01-04 14:05:00,SA1,-242.37303,108.29,-109.0,-4,3344.58157,186.29,332.17189,300.58,0.0,1140.58157,104.2869,3236.29157
2026-01-04 14:05:00,TAS1,48.83754,714.53,-379.63,1,1801.00507,334.91,711.39606,714.53,96.36493,96.00507,96.00507,1086.47507
2026-01-04 14:05:00,VIC1,-20.29,2167.08,631.42,2,10888.55999,3260.63,2890.65838,2690.41,36.50462,2105.69963,1140.63096,8721.47999
2026-01-04 14:10:00,NSW1,119.52963,8290.53,-681.84,47,14218.30287,7608.69,8230.6269,8314.25,117.49697,3301.58287,2882.44312,5927.772869999999
2026-01-04 14:10:00,QLD1,64.75005,5821.4,702.76,21,11474.70496,6524.16,5804.97503,5832.24,37.46,1950.71125,1950.70496,5653.30496
2026-01-04 14:10:00,SA1,-233.63701,118.84,-90.4,-2,3379.47324,180.44,307.66586,276.3,0.0,1175.47324,98.4351,3260.63324
2026-01-04 14:10:00,TAS1,48.18619,717.6,-364.9,1,1818.80529,352.71,722.09576,717.6,93.69778,113.80529,113.80529,1101.20529
2026-01-04 14:10:00,VIC1,-20.37,2178.37,528.98,4,10882.84462,3292.64,2646.98831,2818.23,39.96517,2099.98426,1172.6352,8704.47462
2026-01-04 14:15:00,NSW1,86.72036,8144.08,-639.3,46,14541.80447,7568.78,8061.58723,8226.07,117.87997,3625.08447,3062.67354,6397.724469999999
2026-01-04 14:15:00,QLD1,78.83012,5957.68,668.36,23,11403.12175,6626.04,5954.19779,5966.25,38.134,1879.12804,1879.12175,5445.44175
2026-01-04 14:15:00,SA1,-243.34257,151.91,-120.81,-1,3359.4136,168.1,322.76057,294.09,0.0,1155.4136,86.099,3207.5036
2026-01-04 14:15:00,TAS1,48.75165,726.69,-382.21,2,1810.58366,344.48,730.89978,726.69,90.23093,105.58366,105.58366,1083.89366
2026-01-04 14:15:00,VIC1,-20.37,2195.13,558.84,6,10932.84313,3310.87,2792.21601,2805.18,40.34368,2149.98277,1190.87143,8737.71313
2026-01-04 14:20:00,NSW1,70.98278,8122.03,-437.09,42,14534.83682,7685.93,8109.97168,8130.58,133.02875,3617.83682,3103.22214,6412.806820000001
2026-01-04 14:20:00,QLD1,64.95,5989.55,611.66,30,11370.20932,6601.21,5953.87403,5996.47,40.047,1846.21561,1846.20932,5380.65932
2026-01-04 14:20:00,SA1,-264.92563,145.83,-108.62,2,3483.59541,178.21,299.43811,292.2,0.0,1279.59541,96.2092,3337.76541
2026-01-04 14:20:00,TAS1,18.37,731.16,-383.04,2,1814.21828,348.12,734.3562,731.16,87.5832,109.21828,109.21828,1083.0582800000002
2026-01-04 14:20:00,VIC1,-48.67,2197.21,377.72,6,10964.4571,3253.56,2777.80678,2916.63,39.8926,2181.59674,1133.56491,8767.2471
2026-01-04 14:25:00,NSW1,57.08,7827.98,-365.66,34,14570.64498,7721.08,7819.6511,8092.51,184.65968,3653.64498,3150.69009,6742.66498
2026-01-04 14:25:00,QLD1,54.99,5978.2,299.01,35,11254.43368,6334.41,6003.62631,6036.41,38.442,1730.49266,1730.43368,5276.23368
2026-01-04 14:25:00,SA1,-262.20293,143.55,-150.61,5,3407.50944,165.94,295.25189,321.55,0.0,1203.50944,83.941,3263.95944
2026-01-04 14:25:00,TAS1,21.76823,731.6,-390.15,2,1807.54917,341.45,733.9491,731.6,87.2222,102.54917,102.54917,1075.94917
2026-01-04 14:25:00,VIC1,-45.39142,2227.58,679.53,7,11007.45325,3283.1,2894.97005,2663.92,38.15997,2225.59289,1163.10355,8779.87325
2026-01-04 14:30:00,NSW1,57.08,7731.29,-104.0,18,14819.61961,7851.27,7923.45832,7950.48,212.43309,3901.61961,3264.30246,7088.32961
2026-01-04 14:30:00,QLD1,55.49578,5953.98,235.92,31,11140.71432,6189.9,6006.15925,5954.42,36.699,1616.71432,1616.71432,5186.73432
2026-01-04 14:30:00,SA1,-263.03005,204.67,-169.36,7,3469.0533,173.31,365.07737,347.53,0.0,1265.0533,91.3098,3264.3833
2026-01-04 14:30:00,TAS1,21.52344,733.76,-385.74,2,1814.11812,348.02,734.34467,733.76,88.68501,109.11812,109.11812,1080.35812
2026-01-04 14:30:00,VIC1,-45.73262,2245.61,464.99,9,10963.97853,3254.6,2694.01549,2830.89,45.75239,2183.11817,1134.59537,8718.36853
2026-01-04 14:35:00,NSW1,53.22486,7525.88,168.78,6,15019.05729,8085.84,7753.8321,7917.9,230.70025,4067.33729,3481.58013,7493.17729
2026-01-04 14:35:00,QLD1,54.99,5972.84,-133.59,28,10958.80929,5975.44,5986.55059,6110.08,38.28,1431.80929,1431.80929,4985.969289999999
2026-01-04 14:35:00,SA1,-242.49302,329.92,-250.45,10,3463.65716,181.48,466.00939,436.44,0.0,1260.65716,99.4752,3133.73716
2026-01-04 14:35:00,TAS1,51.06484,736.01,-391.14,2,1810.96755,344.87,735.9931,736.01,91.98244,105.96755,105.96755,1074.95755
2026-01-04 14:35:00,VIC1,-18.17,2270.44,661.41,10,11000.23021,3326.44,2800.05214,2713.63,37.20851,2213.36985,1206.43603,8729.79021
2026-01-04 14:40:00,NSW1,36.05988,7516.38,330.19,0,15050.89095,8241.05,7852.49461,7911.27,240.74426,4098.89095,3638.32193,7534.510950000001
2026-01-04 14:40:00,QLD1,37.90941,5943.53,-211.44,29,11084.73106,6049.09,6083.33663,6262.62,39.175,1557.73106,1557.73106,5141.20106
2026-01-04 14:40:00,SA1,-70.67,535.4,-237.09,20,3491.6601,301.31,624.47013,542.45,0.0,1288.6601,207.9389,2956.2601
2026-01-04 14:40:00,TAS1,48.78322,748.84,-393.78,3,1821.1572,355.06,747.57892,748.84,91.36467,116.1572,116.1572,1072.3172
2026-01-04 14:40:00,VIC1,-20.29,2271.54,558.06,10,10998.87944,3286.99,2713.39596,2768.32,44.30323,2212.01908,1166.99284,8727.33944
2026-01-04 14:45:00,NSW1,38.0697,7402.78,296.47,-2,14784.73684,8094.81,7744.17972,7802.8,240.14942,3832.73684,3470.68166,7381.95684
2026-01-04 14:45:00,QLD1,40.31117,6037.41,-246.62,23,11263.13037,6120.79,6362.94161,6370.19,40.104,1736.14173,1736.13037,5225.720370000001
2026-01-04 14:45:00,SA1,-68.71,696.31,-429.93,32,3595.0169,279.38,663.00028,714.47,0.0,1392.0169,197.37856,2898.7069
2026-01-04 14:45:00,TAS1,56.09085,743.8,-390.08,3,1819.82508,353.73,740.34106,743.8,91.93145,114.82508,114.82508,1076.02508
2026-01-04 14:45:00,VIC1,-13.5,2294.06,831.58,13,11010.66962,3437.51,2716.38147,2654.95,46.09664,2229.80926,1317.50728,8716.609620000001
2026-01-04 14:50:00,NSW1,56.98005,7369.27,176.27,-6,14431.77872,7920.53,7731.10682,7743.65,234.69444,3479.77872,3208.75227,7062.50872
2026-01-04 14:50:00,QLD1,58.99358,6127.19,-102.11,30,11183.46895,6110.08,6460.54667,6212.96,40.339,1656.46895,1656.46895,5056.278950000001
2026-01-04 14:50:00,SA1,-41.97,762.74,-401.35,43,3600.34212,374.44,727.6735,780.83,0.0,1397.34212,292.44122,2837.60212
2026-01-04 14:50:00,TAS1,48.78322,745.03,-391.84,3,1819.29153,353.19,742.04358,745.03,87.78984,114.29153,114.29153,1074.26153
2026-01-04 14:50:00,VIC1,-20.29,2293.52,771.26,12,11044.05412,3398.63,2576.40612,2674.4,43.41948,2263.19376,1278.62727,8750.53412
2026-01-04 14:55:00,NSW1,62.9353,7456.85,200.26,-4,13921.55916,7676.11,7764.04228,7474.36,208.41199,3204.55916,2882.02307,6464.70916
2026-01-04 14:55:00,QLD1,64.95,6254.53,-100.12,45,11011.55376,6178.41,6278.65109,6279.32,39.378,1470.57691,1470.55376,4757.023760000001
2026-01-04 14:55:00,SA1,-68.71,681.49,-409.78,49,3648.71794,385.71,640.74593,800.28,0.0,1445.71794,303.7141,2967.22794
2026-01-04 14:55:00,TAS1,48.83754,751.61,-385.13,4,1832.48476,366.48,748.19153,751.61,88.85968,127.48476,127.48476,1080.8747600000002
2026-01-04 14:55:00,VIC1,-20.29,2372.1,741.96,16,11053.47545,3423.73,2630.19218,2724.87,41.29248,2271.61509,1303.73125,8681.37545
2026-01-04 15:00:00,NSW1,62.92116,7624.47,174.8,7,14267.30569,7889.49,7718.66455,7712.16,174.77916,3580.30569,3105.01695,6642.835689999999
2026-01-04 15:00:00,QLD1,64.95,6295.69,-69.45,49,11050.54771,6244.24,6281.24759,6314.21,40.257,1506.54771,1506.54771,4754.857710000001
2026-01-04 15:00:00,SA1,-200.0,598.89,-417.86,42,3719.16999,345.03,678.02919,767.53,0.0,1516.16999,263.03248,3120.27999
2026-01-04 15:00:00,TAS1,48.78322,757.28,-395.25,3,1828.12802,362.03,751.9613,757.28,90.78135,123.12802,123.12802,1070.84802
2026-01-04 15:00:00,VIC1,-20.29,2377.17,752.48,20,11046.68095,3375.78,2704.32909,2665.38,44.44906,2264.82059,1255.77746,8669.51095
2026-01-04 15:05:00,NSW1,61.82626,7702.29,289.15,27,14404.33124,8070.44,7731.03499,7780.83,146.11828,3717.33124,3237.3814,6702.04124
2026-01-04 15:05:00,QLD1,64.75005,6456.61,-162.44,51,11114.4197,6294.17,6406.57868,6458.39,40.328,1475.4197,1475.4197,4657.809700000001
2026-01-04 15:05:00,SA1,-190.01,585.16,-422.22,31,3648.42681,310.94,725.83191,737.94,0.0,1444.42681,228.93807,3063.26681
2026-01-04 15:05:00,TAS1,48.72322,768.45,-397.4,4,1837.15126,371.05,762.15796,768.45,86.83217,132.15126,132.15126,1068.70126
2026-01-04 15:05:00,VIC1,-20.29,2420.2,741.3,27,11073.38555,3400.78,2667.96128,2701.78,42.66852,2289.52519,1280.78419,8653.185550000002
2026-01-04 15:10:00,NSW1,62.92657,7954.0,92.29,51,14290.86144,8125.3,7945.05633,8031.75,157.17246,3604.14144,3291.05456,6336.861440000001
2026-01-04 15:10:00,QLD1,64.75005,6441.47,-40.42,56,11209.553,6415.06,6354.16817,6455.76,38.776,1570.56266,1570.553,4768.083
2026-01-04 15:10:00,SA1,-190.01,646.23,-440.84,21,3717.32125,333.39,798.5822,779.5,0.0,1513.32125,250.39211,3071.09125
2026-01-04 15:10:00,TAS1,55.51525,775.55,-413.47,4,1828.17939,362.08,770.51416,775.55,84.10395,123.17939,123.17939,1052.62939
2026-01-04 15:10:00,VIC1,-14.0,2460.79,857.72,32,11082.49602,3479.5,2663.35715,2672.77,41.56393,2307.63566,1359.50205,8621.706020000001
2026-01-04 15:15:00,NSW1,74.11958,7935.29,84.81,70,14344.48314,8097.11,7964.72773,8007.66,189.58651,3657.76314,3247.71052,6409.19314
2026-01-04 15:15:00,QLD1,75.48,6510.53,28.61,55,11217.66554,6539.15,6493.4724,6510.31,38.001,1578.71495,1578.66554,4707.13554
2026-01-04 15:15:00,SA1,-247.90282,571.98,-367.08,21,3762.04253,300.9,709.35531,672.44,0.0,1558.04253,218.901,3190.06253
2026-01-04 15:15:00,TAS1,48.7289,776.28,-406.31,5,1836.0653,369.97,773.20392,776.28,86.31506,131.0653,131.0653,1059.7853
2026-01-04 15:15:00,VIC1,-20.29,2480.61,701.73,36,11132.33336,3398.7,2670.4704,2739.14,41.9312,2360.473,1278.70417,8651.72336
2026-01-04 15:20:00,NSW1,64.18508,7991.91,16.51,94,14073.19924,8069.41,7935.51635,8049.76,194.2422,3386.47924,3199.16361,6081.28924
2026-01-04 15:20:00,QLD1,64.95,6535.69,45.43,61,11245.00834,6581.12,6448.3785,6535.38,38.771,1605.02802,1605.00834,4709.318340000001
2026-01-04 15:20:00,SA1,-246.09588,509.56,-312.37,14,3686.15229,291.2,603.90924,607.71,0.0,1482.15229,209.1972,3176.59229
2026-01-04 15:20:00,TAS1,49.05258,779.52,-411.94,5,1833.67427,367.57,777.07831,779.52,85.74121,128.67427,128.67427,1054.15427
2026-01-04 15:20:00,VIC1,-19.99,2539.33,707.69,39,11114.83185,3378.02,2735.878,2714.96,43.93851,2360.97149,1258.022,8575.50185
2026-01-04 15:25:00,NSW1,57.08,7904.22,194.8,91,14395.22412,8263.95,7915.10018,8077.9,200.599,3708.22412,3386.19906,6491.0041200000005
2026-01-04 15:25:00,QLD1,60.68719,6578.76,-229.88,62,11239.87127,6418.88,6598.84611,6651.95,40.214,1598.90424,1598.87127,4661.111269999999
2026-01-04 15:25:00,SA1,-235.07441,394.29,-198.3,1,3684.22672,288.0,523.45726,490.48,0.0,1480.22672,205.9971,3289.93672
2026-01-04 15:25:00,TAS1,59.95555,781.52,-420.28,5,1827.34399,361.24,779.54999,781.52,88.94337,122.34399,122.34399,1045.82399
2026-01-04 15:25:00,VIC1,-9.86,2605.53,724.11,41,11118.71157,3436.44,2832.60918,2766.65,47.1244,2367.85121,1316.43529,8513.181569999999
2026-01-04 15:30:00,NSW1,57.08,7859.11,450.53,86,14354.98271,8424.05,7955.73478,7979.73,215.06907,3668.26171,3540.12771,6495.872710000001
2026-01-04 15:30:00,QLD1,61.73,6592.12,-316.79,59,11173.87705,6297.03,6667.19671,6619.03,42.627,1532.87705,1532.87705,4581.757049999999
2026-01-04 15:30:00,SA1,-243.74977,362.38,-203.87,-14,3717.8523,282.5,491.87776,490.56,0.0,1513.8523,200.5024,3355.4723
2026-01-04 15:30:00,TAS1,83.43,779.55,-421.53,5,1822.16327,358.01,778.05896,779.55,86.60003,117.16327,117.16327,1042.61327
2026-01-04 15:30:00,VIC1,-20.29,2628.28,548.61,45,11213.99584,3404.66,2781.46767,2897.38,59.99183,2439.16328,1284.66072,8585.715839999999
2026-01-04 15:35:00,NSW1,57.08,7860.77,191.24,77,14309.53322,8244.77,7854.56385,8064.92,190.93634,3622.81322,3316.80989,6448.763219999999
2026-01-04 15:35:00,QLD1,60.96252,6515.7,-259.01,57,11402.16096,6356.69,6479.02869,6619.4,46.374,1649.16096,1649.16096,4886.460959999999
2026-01-04 15:35:00,SA1,-233.64003,405.36,-253.23,-20,3631.50102,262.13,549.99927,519.49,0.0,1422.50102,180.133,3226.14102
2026-01-04 15:35:00,TAS1,62.66237,782.32,-409.56,5,1838.85929,372.76,783.19183,782.32,89.23101,133.85929,133.85929,1056.5392900000002
2026-01-04 15:35:00,VIC1,-7.32,2702.98,806.37,45,11199.22181,3569.36,2887.46646,2819.59,50.10569,2420.38461,1449.35762,8496.24181
2026-01-04 15:40:00,NSW1,57.08,7783.18,140.54,66,14073.40759,8066.41,7912.65776,7926.58,187.1006,3386.68759,3111.08828,6290.22759
2026-01-04 15:40:00,QLD1,59.48489,6471.65,-103.66,43,11488.07962,6442.0,6553.79665,6546.63,43.427,1735.07962,1735.07962,5016.429620000001
2026-01-04 15:40:00,SA1,-187.65,462.11,-223.52,-10,3654.98786,330.98,588.12396,558.74,0.0,1445.98786,248.9799,3192.87786
2026-01-04 15:40:00,TAS1,82.43,793.2,-421.09,5,1830.33503,372.11,788.93799,793.2,91.16551,125.33503,125.33503,1037.13503
2026-01-04 15:40:00,VIC1,-14.67,2703.9,662.19,45,11247.94641,3453.67,2797.60464,2840.02,58.83306,2467.14279,1333.67436,8544.04641
2026-01-04 15:45:00,NSW1,57.06014,7634.33,51.81,49,14230.35662,8007.15,7776.19982,7955.63,196.53539,3543.63662,3066.13071,6596.026620000001
2026-01-04 15:45:00,QLD1,58.70804,6469.13,-41.98,30,11540.38727,6497.15,6571.86454,6539.43,43.804,1790.38727,1790.38727,5071.257269999999
2026-01-04 15:45:00,SA1,-190.01,528.9,-231.61,5,3651.20393,367.28,639.85712,603.22,0.0,1442.20393,285.28343,3122.30393
2026-01-04 15:45:00,TAS1,85.1,796.87,-370.4,6,1839.02916,426.48,791.36035,796.87,95.4122,134.02916,134.02916,1042.1591600000002
2026-01-04 15:45:00,VIC1,-10.84,2777.84,644.38,44,11330.28235,3512.22,2919.46934,2915.13,55.73839,2548.55599,1392.21896,8552.44235
2026-01-04 15:50:00,NSW1,59.81516,7674.99,311.2,29,14125.92424,8007.19,7857.03713,7689.31,192.86491,3438.92424,3001.01288,6450.9342400000005
2026-01-04 15:50:00,QLD1,61.72997,6557.0,-61.61,32,11575.62622,6532.8,6587.35699,6594.92,46.438,1825.657,1825.62622,5018.62622
2026-01-04 15:50:00,SA1,-190.01,540.67,-153.23,20,3658.47773,391.44,586.20348,549.43,0.0,1449.47773,307.43909,3117.80773
2026-01-04 15:50:00,TAS1,34.33018,800.64,-409.57,6,1841.80951,391.07,794.10779,800.64,94.67881,136.80951,136.80951,1041.1695100000002
2026-01-04 15:50:00,VIC1,-33.58,2824.83,349.95,44,11362.1776,3469.78,2906.29152,3157.98,62.96605,2577.98714,1349.78382,8537.347600000001
2026-01-04 15:55:00,NSW1,57.08,7453.5,436.79,19,14095.85292,8160.3,7486.59794,7734.14,191.19636,3408.85292,3130.69874,6642.352919999999
2026-01-04 15:55:00,QLD1,61.86319,6771.43,-348.56,33,11465.83963,6422.87,6790.93327,6777.61,49.387,1714.87311,1714.83963,4694.40963
2026-01-04 15:55:00,SA1,-80.0,557.61,-66.18,23,3757.17596,507.43,542.69457,579.28,0.0,1548.17596,421.43054,3199.56596
2026-01-04 15:55:00,TAS1,54.03109,814.86,-407.31,6,1838.65752,407.56,808.93231,814.86,97.34232,133.65752,133.65752,1023.79752
2026-01-04 15:55:00,VIC1,-15.32,2878.8,460.83,47,11456.80996,3501.26,3144.40842,3093.52,56.22892,2669.6913,1381.2553,8578.00996
2026-01-04 16:00:00,NSW1,57.08,7474.39,342.18,9,13619.30072,7931.93,7639.82684,7608.87,183.09324,2932.30072,2902.69316,6144.910719999999
2026-01-04 16:00:00,QLD1,62.71315,6869.67,-392.07,50,11514.32814,6477.6,6842.36317,6877.34,43.436,1759.32975,1759.32814,4644.65814
2026-01-04 16:00:00,SA1,-35.44,550.88,-13.84,25,3754.47186,543.04,545.12342,563.04,0.0,1545.47186,449.52408,3203.59186
2026-01-04 16:00:00,TAS1,68.08,825.65,-419.98,6,1835.35748,405.68,818.64288,825.65,99.50255,130.35748,130.35748,1009.70748
2026-01-04 16:00:00,VIC1,-14.0,2855.63,582.82,50,11470.60021,3518.45,2998.8647,3001.79,53.21651,2683.01745,1398.44711,8614.97021
2026-01-04 16:05:00,NSW1,57.06014,7299.52,171.06,7,14090.36985,7858.25,7487.55554,7686.93,187.02054,3353.36985,2916.48911,6790.849849999999
2026-01-04 16:05:00,QLD1,59.47648,6957.3,-95.61,63,12388.41491,6861.69,6988.75249,6958.35,39.939,2022.43479,2022.41491,5431.114909999999
2026-01-04 16:05:00,SA1,-41.97,550.59,-21.27,23,3768.78025,536.08,564.88023,563.13,0.0,1561.78025,446.07643,3218.19025
2026-01-04 16:05:00,TAS1,48.58259,834.03,-406.74,7,1822.39517,427.3,826.09961,834.03,98.21389,117.39517,117.39517,988.36517
2026-01-04 16:05:00,VIC1,-20.37,2873.36,411.23,51,11475.62944,3501.52,3033.48477,3142.4,66.12733,2682.65984,1331.76629,8602.26944
2026-01-04 16:10:00,NSW1,57.08,7490.19,174.69,4,13979.52618,7908.27,7774.17964,7739.07,214.76827,3242.52618,2895.23656,6489.336180000001
2026-01-04 16:10:00,QLD1,60.63794,6997.81,-176.46,69,12344.85807,6891.35,6952.38568,7070.25,36.772,1948.85807,1948.85807,5347.04807
2026-01-04 16:10:00,SA1,-35.61,533.62,-13.49,28,3846.76098,551.12,508.72149,571.12,0.0,1637.76098,445.30238,3313.14098
2026-01-04 16:10:00,TAS1,48.7289,848.9,-414.03,8,1829.9712,434.87,837.20856,848.9,95.25603,124.9712,124.9712,981.0712
2026-01-04 16:10:00,VIC1,-20.29,2911.01,506.86,51,11523.06713,3554.39,3133.59305,3110.68,70.16816,2736.67165,1364.39287,8612.05713
2026-01-04 16:15:00,NSW1,57.08,7517.66,210.28,20,13835.58427,7888.9,7706.68596,7687.73,250.93305,3098.58427,2849.21899,6317.92427
2026-01-04 16:15:00,QLD1,61.09164,7100.51,-232.37,69,12284.21794,6911.15,7107.3096,7147.22,37.468,1875.21794,1875.21794,5183.70794
2026-01-04 16:15:00,SA1,-20.0,547.16,-13.2,26,3808.01948,590.95,556.64818,610.95,0.0,1599.01948,484.95431,3260.85948
2026-01-04 16:15:00,TAS1,48.93906,853.96,-416.62,8,1832.53661,437.34,844.17078,853.96,100.66502,127.53661,127.53661,978.57661
2026-01-04 16:15:00,VIC1,-19.99,3006.89,538.87,52,11598.10963,3590.76,3116.15511,3119.24,73.64898,2815.86785,1400.76205,8591.219630000001
2026-01-04 16:20:00,NSW1,60.13298,7752.28,114.37,28,13728.98662,7884.65,7848.27111,7785.32,231.53622,2991.98662,2752.56087,5976.70662
2026-01-04 16:20:00,QLD1,64.75005,7166.29,-248.36,71,12157.81019,6917.92,7135.34408,7170.51,36.832,1732.81019,1732.81019,4991.52019
2026-01-04 16:20:00,SA1,-11.66,583.99,-13.22,24,3787.09542,633.77,614.52001,653.77,0.0,1578.09542,527.76563,3203.10542
2026-01-04 16:20:00,TAS1,55.41777,853.44,-418.29,7,1830.24851,435.15,845.30621,853.44,100.77815,125.24851,125.24851,976.8085099999998
2026-01-04 16:20:00,VIC1,-14.0,3053.71,668.41,53,11539.67014,3777.13,3112.096,3185.57,67.6121,2754.5766,1535.25101,8485.96014
2026-01-04 16:25:00,NSW1,93.66618,7803.95,89.2,47,13764.75444,7910.15,7769.82443,7826.07,217.23585,3027.75444,2640.74732,5960.804440000001
2026-01-04 16:25:00,QLD1,98.71,7210.26,-125.69,77,12066.79031,7084.56,7121.33296,7211.94,36.094,1641.79031,1641.79031,4856.53031
2026-01-04 16:25:00,SA1,-9.49996,633.05,-13.45,22,3799.56372,639.61,671.52983,659.61,0.0,1590.56372,544.60814,3166.51372
2026-01-04 16:25:00,TAS1,70.08,855.48,-421.47,7,1827.95402,434.01,848.78766,855.48,104.59371,122.95402,122.95402,972.47402
2026-01-04 16:25:00,VIC1,-14.04,3108.06,551.46,56,11594.02523,3715.53,3196.34672,3230.76,70.88735,2805.08539,1486.39626,8485.96523
2026-01-04 16:30:00,NSW1,95.6481,7825.24,-12.87,64,13637.57451,7826.37,7735.29696,7839.15,223.96521,2900.57451,2524.19645,5812.334510000001
2026-01-04 16:30:00,QLD1,98.71,7260.6,6.12,76,11956.44753,7266.72,7153.73847,7260.46,38.506,1530.44753,1530.44753,4695.847529999999
2026-01-04 16:30:00,SA1,-8.0,669.96,-25.88,18,3821.73144,714.08,665.50197,746.67,0.0,1612.73144,619.08153,3151.77144
2026-01-04 16:30:00,TAS1,70.08,865.43,-420.1,6,1827.24221,445.33,860.33026,865.43,99.28705,122.24221,122.24221,961.81221
2026-01-04 16:30:00,VIC1,-15.64,3198.92,524.83,59,11618.39488,3760.76,3279.84579,3301.55,75.35338,2829.02916,1538.74295,8419.47488
2026-01-04 16:35:00,NSW1,59.43226,7748.48,192.3,65,13908.10931,7944.78,7717.45749,7763.08,230.8484,2986.10931,2638.74027,6159.62931
2026-01-04 16:35:00,QLD1,63.83022,7267.43,-236.85,67,12044.61588,7030.58,7243.50308,7271.49,48.332,1603.61588,1603.61588,4777.185879999999
2026-01-04 16:35:00,SA1,-9.49996,725.39,-57.41,23,3789.59034,674.98,793.56436,738.43,0.0,1580.59034,592.97642,3064.2003400000003
2026-01-04 16:35:00,TAS1,70.08,882.26,-421.05,6,1817.18568,461.21,876.83337,882.26,100.45269,112.18568,112.18568,934.92568
2026-01-04 16:35:00,VIC1,-14.04,3278.26,609.15,61,11721.11839,3906.4,3361.19982,3362.7,83.76599,2929.90091,1598.90155,8442.85839
2026-01-04 16:40:00,NSW1,60.50363,7795.71,170.99,57,13734.68269,7966.7,7712.70351,7804.84,210.37311,2812.68269,2568.23381,5938.97269
2026-01-04 16:40:00,QLD1,64.75005,7457.3,-208.33,57,12267.74599,7248.97,7377.15301,7460.84,46.695,1684.74659,1684.74599,4810.445989999999
2026-01-04 16:40:00,SA1,-8.5,747.45,-36.25,26,3942.76053,723.2,730.87964,765.79,0.0,1733.76053,641.20434,3195.31053
2026-01-04 16:40:00,TAS1,48.99258,895.87,-405.33,6,1816.64658,490.55,887.2749,895.87,97.02055,111.64658,111.64658,920.77658
2026-01-04 16:40:00,VIC1,-19.99,3348.97,562.93,64,11746.38185,3927.89,3392.0092,3429.97,104.57572,2965.31807,1613.5819,8397.41185
2026-01-04 16:45:00,NSW1,57.08,7859.35,165.89,53,13760.91524,8043.14,7820.00921,7890.58,156.41062,2838.91524,2615.92232,5901.56524
2026-01-04 16:45:00,QLD1,61.82915,7401.5,-251.09,49,12103.33052,7150.41,7366.68765,7406.11,39.151,1733.33799,1733.33052,4701.83052
2026-01-04 16:45:00,SA1,-8.5,756.42,-13.28,30,3894.44698,746.14,749.21009,766.14,0.0,1685.44698,664.13891,3138.02698
2026-01-04 16:45:00,TAS1,63.52982,904.0,-418.68,5,1811.41869,485.32,889.38391,904.0,104.03217,106.41869,106.41869,907.41869
2026-01-04 16:45:00,VIC1,-6.49987,3426.25,613.65,66,11796.25286,4130.89,3460.25188,3589.08,99.62889,3018.33732,1897.14481,8370.00286
2026-01-04 16:50:00,NSW1,80.02,7923.03,115.36,55,13796.17536,8054.4,7866.51428,7955.89,143.12581,2874.17536,2589.8251,5873.14536
2026-01-04 16:50:00,QLD1,86.72716,7448.24,-264.32,46,11883.24697,7183.92,7389.137,7453.24,38.224,1513.24699,1513.24697,4435.00697
2026-01-04 16:50:00,SA1,-8.5,777.5,-16.46,31,3954.13346,770.05,742.77311,790.05,0.0,1745.13346,688.0461,3176.63346
2026-01-04 16:50:00,TAS1,70.08,909.97,-421.62,5,1811.01498,488.35,896.62744,909.97,102.66824,106.01498,106.01498,901.04498
2026-01-04 16:50:00,VIC1,-7.3,3423.55,666.22,69,11672.89461,4201.56,3522.3899,3589.12,122.27435,2891.55865,1868.2488,8249.34461
2026-01-04 16:55:00,NSW1,78.62508,7935.21,170.23,46,13762.43469,8105.44,7891.53147,7946.64,110.93048,2840.43469,2629.20721,5827.22469
2026-01-04 16:55:00,QLD1,84.81,7527.9,-230.6,50,11918.58857,7297.3,7463.84147,7532.12,42.264,1398.58859,1398.58857,4390.68857
2026-01-04 16:55:00,SA1,-7.01,811.74,-13.28,34,3943.29302,877.47,776.51123,897.47,0.0,1734.29302,795.46758,3131.5530200000003
2026-01-04 16:55:00,TAS1,61.96089,914.12,-401.04,4,1822.18324,513.08,904.57068,914.12,104.47732,117.18324,117.18324,908.06324
2026-01-04 16:55:00,VIC1,-7.99,3548.17,565.57,67,11730.54587,4207.74,3635.42053,3710.68,125.29572,2948.35815,1872.00007,8182.37587
2026-01-04 17:00:00,NSW1,57.12937,7919.87,284.83,39,13838.88198,8205.7,7909.73492,7958.94,108.7697,2916.88198,2773.06153,5919.01198
2026-01-04 17:00:00,QLD1,64.95,7556.14,-498.44,52,11814.7279,7057.7,7524.74738,7569.42,34.834,1431.73305,1431.7279,4258.5879
2026-01-04 17:00:00,SA1,-7.01,830.66,-40.68,32,3919.62498,863.98,891.16405,910.79,0.0,1713.62498,781.97856,3088.96498
2026-01-04 17:00:00,TAS1,62.7035,912.69,-402.11,5,1819.68284,510.58,906.52271,912.69,109.31732,114.68284,114.68284,906.99284
2026-01-04 17:00:00,VIC1,-7.3,3579.23,793.54,66,11868.95373,4389.77,3698.90985,3675.89,130.19545,3081.34013,2025.23546,8289.72373
2026-01-04 17:05:00,NSW1,57.08,7962.04,226.89,31,13957.91051,8250.51,7979.12663,8041.92,119.7689,3035.91051,2813.97963,5995.87051
2026-01-04 17:05:00,QLD1,62.74437,7548.16,-319.53,54,11887.98754,7228.62,7526.01289,7554.96,38.15,1486.99736,1486.98754,4339.82754
2026-01-04 17:05:00,SA1,-19.65663,856.23,-159.07,35,3762.10825,716.17,911.50995,880.49,0.0,1752.10825,659.16595,2905.87825
2026-01-04 17:05:00,TAS1,62.75731,930.9,-397.02,5,1825.08131,533.88,922.7063,930.9,101.99838,120.08131,120.08131,894.18131
2026-01-04 17:05:00,VIC1,-7.25,3647.98,742.95,65,11913.18593,4399.93,3702.34907,3720.85,141.98374,3122.72603,2095.17981,8265.20593
2026-01-04 17:10:00,NSW1,57.08,8002.66,387.8,26,14120.72652,8406.46,8067.52884,8041.82,123.14497,3198.72652,3009.36982,6118.06652
2026-01-04 17:10:00,QLD1,63.53362,7579.56,-412.68,49,11877.50319,7166.88,7560.41623,7589.59,40.134,1337.51899,1337.50319,4297.943189999999
2026-01-04 17:10:00,SA1,-20.0,752.65,-142.68,32,3651.13764,611.97,754.23345,760.19,0.0,1640.13764,569.96986,2898.48764
2026-01-04 17:10:00,TAS1,62.68395,934.47,-404.16,5,1821.60639,530.31,928.63257,934.47,99.59519,116.60639,116.60639,887.1363899999999
2026-01-04 17:10:00,VIC1,-7.3,3698.43,672.75,67,11970.08855,4378.18,3740.32771,3767.73,135.30337,3166.70045,2064.43285,8271.65855
2026-01-04 17:15:00,NSW1,56.05024,8051.91,197.6,28,14134.65838,8523.15,8025.36526,8347.48,108.62557,3212.65838,3108.58275,6082.748380000001
2026-01-04 17:15:00,QLD1,64.95,7593.36,-341.32,47,11816.1122,7252.04,7549.16499,7600.94,33.466,1276.1122,1276.1122,4222.7522
2026-01-04 17:15:00,SA1,-70.09,868.32,-304.91,24,3671.96654,591.15,864.43866,901.12,0.0,1666.96654,549.14633,2803.64654
2026-01-04 17:15:00,TAS1,63.56448,934.3,-399.82,5,1825.57847,534.48,928.8775,934.3,103.68843,120.57847,120.57847,891.27847
2026-01-04 17:15:00,VIC1,-6.5,3787.71,950.65,63,11990.36636,4741.36,3810.12551,3858.34,137.1702,3186.51962,2398.39076,8202.65636
2026-01-04 17:20:00,NSW1,56.82205,8134.35,342.91,31,14103.41585,8537.25,8296.1007,8220.66,109.26072,3181.41585,3092.91734,5969.065849999999
2026-01-04 17:20:00,QLD1,64.95,7657.15,-424.63,46,11734.48377,7232.52,7599.12317,7667.77,34.102,1188.50284,1188.48377,4077.333770000001
2026-01-04 17:20:00,SA1,-129.0,887.61,-268.59,28,3680.3281,671.6,905.63808,945.28,0.0,1675.3281,629.60051,2792.7181
2026-01-04 17:20:00,TAS1,62.7035,935.52,-399.4,4,1827.22239,536.12,929.88098,935.52,101.08338,122.22239,122.22239,891.7023899999999
2026-01-04 17:20:00,VIC1,-7.3,3888.52,855.55,60,12114.77101,4749.07,3906.72208,3957.33,142.3735,3309.99607,2361.09658,8226.25101
2026-01-04 17:25:00,NSW1,57.039,7993.6,215.84,40,14106.27498,8595.9,8040.06865,8403.76,111.21523,3184.27498,3113.33045,6112.67498
2026-01-04 17:25:00,QLD1,79.99,7745.4,-358.73,41,11657.84135,7386.67,7697.62715,7753.78,40.101,1106.86042,1106.84135,3912.441350000001
2026-01-04 17:25:00,SA1,-20.0,837.49,-237.81,28,3585.15248,604.68,869.155,847.93,0.0,1580.15248,562.67839,2747.66248
2026-01-04 17:25:00,TAS1,63.00763,936.88,-406.67,3,1821.40864,530.21,933.26941,936.88,95.74042,116.40864,116.40864,884.5286400000001
2026-01-04 17:25:00,VIC1,-7.0,3985.5,896.25,61,12095.94742,4892.75,3998.53459,4067.86,140.89981,3287.24428,2492.7488,8110.44742
2026-01-04 17:30:00,NSW1,57.08,8115.36,294.07,34,13948.4558,8594.95,8362.68813,8321.67,136.72142,3026.4558,3026.4558,5833.0958
2026-01-04 17:30:00,QLD1,84.81,7806.03,-359.03,40,11718.1059,7447.0,7744.42646,7814.56,34.809,1052.13285,1052.1059,3912.0759000000007
2026-01-04 17:30:00,SA1,-8.0,970.92,-46.31,27,3664.99943,929.61,963.11616,982.68,0.0,1659.99943,887.61213,2694.07943
2026-01-04 17:30:00,TAS1,61.9395,939.81,-415.24,3,1815.76654,524.57,936.39093,939.81,96.95207,110.76654,110.76654,875.9565400000001
2026-01-04 17:30:00,VIC1,-7.99,3996.83,634.35,62,12116.52665,4648.18,4027.40685,4085.58,136.34463,3304.25441,2263.87515,8119.69665
2026-01-04 17:35:00,NSW1,35.99957,8007.0,244.3,29,14055.62699,8529.32,8251.97478,8312.37,182.50796,3082.62699,3082.59,6048.626990000001
2026-01-04 17:35:00,QLD1,78.83016,7782.62,-401.2,39,11673.14773,7381.42,7779.48986,7792.64,37.372,1004.14773,1004.14773,3890.5277300000007
2026-01-04 17:35:00,SA1,-42.78462,996.16,-297.68,32,3900.39105,774.48,987.86159,1077.53,0.0,1706.39105,714.48273,2904.2310500000003
2026-01-04 17:35:00,TAS1,63.43919,948.89,-404.03,3,1816.96205,544.86,947.73901,948.89,94.36751,111.96205,111.96205,868.0720500000001
2026-01-04 17:35:00,VIC1,-6.6,4051.5,972.16,62,12171.89925,5059.66,4123.01541,4158.32,150.06106,3355.80927,2659.65794,8120.39925
2026-01-04 17:40:00,NSW1,1.00628,8040.82,46.31,20,14251.29838,8563.1,8263.98189,8538.73,224.64107,3278.29838,3218.10125,6210.4783800000005
2026-01-04 17:40:00,QLD1,88.95002,7855.25,-285.01,34,11696.44107,7570.24,7783.71162,7861.39,38.523,1026.44107,1026.44107,3841.1910700000008
2026-01-04 17:40:00,SA1,-20.0,997.76,-192.27,32,3819.34009,814.5,1047.92054,1012.77,0.0,1625.34009,754.49607,2821.5800900000004
2026-01-04 17:40:00,TAS1,62.71849,953.82,-419.93,3,1806.09676,533.9,945.22736,953.82,99.66751,101.09676,101.09676,852.2767599999999
2026-01-04 17:40:00,VIC1,-7.25,4085.29,966.94,60,12221.98459,5090.23,4116.18609,4205.24,145.56355,3407.50695,2690.22644,8136.69459
2026-01-04 17:45:00,NSW1,5.02798,8122.91,28.52,21,14169.17287,8560.88,8515.6032,8549.56,250.93224,3196.17287,3161.65886,6046.2628700000005
2026-01-04 17:45:00,QLD1,104.32,7891.71,-233.78,33,11600.21388,7657.93,7814.90107,7896.46,42.115,930.27038,930.21388,3708.5038799999993
2026-01-04 17:45:00,SA1,-56.91307,1051.47,-302.86,31,3754.14715,776.61,1027.70484,1085.14,0.0,1560.14715,716.60805,2702.6771499999995
2026-01-04 17:45:00,TAS1,70.08,963.76,-422.02,3,1809.18568,541.74,949.02429,963.76,102.83025,104.18568,104.18568,845.42568
2026-01-04 17:45:00,VIC1,-5.73,4218.74,1034.4,60,12185.65627,5331.14,4255.16982,4373.37,173.4734,3370.79097,2934.23326,7966.91627
2026-01-04 17:50:00,NSW1,10.43824,8136.16,-97.25,19,14118.38114,8424.16,8499.88245,8545.33,254.47366,3145.38114,3145.38114,5982.22114
2026-01-04 17:50:00,QLD1,93.0,7959.44,-245.84,26,11596.05762,7713.6,7886.54902,7964.6,37.019,846.09231,846.05762,3636.61762
2026-01-04 17:50:00,SA1,-7.01,1079.23,153.92,31,3803.50491,1241.15,1073.72596,1097.36,0.0,1609.50491,1181.15225,2724.27491
2026-01-04 17:50:00,TAS1,62.71849,970.21,-416.52,3,1808.7988,553.7,951.18958,970.21,102.46187,103.7988,103.7988,838.5888
2026-01-04 17:50:00,VIC1,-7.25,4187.78,753.12,55,12004.23983,4965.9,4249.909,4321.01,198.73637,3187.60467,2585.89892,7816.459830000001
2026-01-04 17:55:00,NSW1,45.24062,8170.51,-104.61,17,13943.82516,8211.89,8511.43644,8352.79,252.60993,2970.82516,2928.99905,5773.31516
2026-01-04 17:55:00,QLD1,71.91,7973.67,-347.44,30,11577.82141,7626.24,7895.73164,7982.05,38.901,770.82149,770.82141,3604.15141
2026-01-04 17:55:00,SA1,-11.66,1125.5,-215.26,31,3735.20547,919.25,1106.04456,1140.16,0.0,1541.20547,859.2451,2609.70547
2026-01-04 17:55:00,TAS1,70.56035,975.29,-420.11,3,1810.2835,555.18,957.25891,975.29,101.20146,105.2835,105.2835,834.9935
2026-01-04 17:55:00,VIC1,0.00032,4275.72,1235.8,52,12113.91948,5529.52,4322.10619,4391.79,207.1947,3297.28432,3149.51866,7838.19948
2026-01-04 18:00:00,NSW1,45.01,8085.43,-22.48,15,13912.72039,8189.95,8285.75731,8245.58,241.07121,2939.72039,2919.68788,5827.29039
2026-01-04 18:00:00,QLD1,93.0,7957.42,-356.0,29,11532.10554,7601.42,7939.60632,7966.15,34.823,701.11002,701.10554,3574.6855400000004
2026-01-04 18:00:00,SA1,-6.54016,1126.75,39.47,33,3726.96943,1228.22,1119.00074,1196.34,0.0,1532.96943,1168.21846,2600.21943
2026-01-04 18:00:00,TAS1,84.43,983.52,-420.67,3,1813.98623,562.85,970.21033,983.52,93.56655,108.98623,108.98623,830.46623
2026-01-04 18:00:00,VIC1,-2.7,4289.75,907.86,50,12052.40603,5239.61,4362.69201,4430.46,209.10978,3234.77087,2859.61023,7762.65603
2026-01-04 18:05:00,NSW1,47.58726,8142.86,-199.6,11,13798.49629,8108.26,8262.92551,8349.48,223.74363,2820.49629,2820.49629,5655.63629
2026-01-04 18:05:00,QLD1,79.98,7944.2,-349.85,26,11515.37174,7594.35,7893.67305,7952.64,35.781,677.37622,677.37174,3571.1717400000007
2026-01-04 18:05:00,SA1,-6.53843,1139.73,71.9,32,3684.28753,1215.63,1164.15351,1151.76,0.0,1486.28753,1155.63458,2544.55753
2026-01-04 18:05:00,TAS1,67.69971,988.77,-419.35,3,1804.52367,569.42,976.89807,988.77,92.9717,99.52367,99.52367,815.75367
2026-01-04 18:05:00,VIC1,-2.7,4363.88,1072.98,51,11991.57111,5454.85,4425.43599,4499.87,202.35015,3169.54829,3011.8516,7627.691110000001
2026-01-04 18:10:00,NSW1,49.55619,8181.28,-351.59,11,13586.31662,7925.89,8292.43844,8325.09,214.65523,2608.31662,2563.63425,5405.03662
2026-01-04 18:10:00,QLD1,78.83016,7819.16,-332.42,19,11516.25297,7486.75,7795.00983,7826.86,34.467,677.25745,677.25297,3697.09297
2026-01-04 18:10:00,SA1,-7.83,1200.12,-50.84,25,3705.57592,1160.28,1172.60244,1217.29,0.0,1507.57592,1100.28349,2505.4559200000003
2026-01-04 18:10:00,TAS1,108.68424,983.4,-240.12,3,1806.976,743.28,976.73352,983.4,93.66323,101.976,101.976,823.5760000000001
2026-01-04 18:10:00,VIC1,37.05,4384.31,1148.82,46,11913.7604,5533.13,4426.18156,4496.7,214.41152,3087.73758,2915.4047,7529.450399999999
2026-01-04 18:15:00,NSW1,49.22529,8118.04,-298.14,6,13441.79658,7859.49,8236.44355,8197.79,213.65428,2463.79658,2408.16884,5323.75658
2026-01-04 18:15:00,QLD1,79.17111,7819.52,-307.16,10,11503.05738,7512.36,7828.88935,7826.42,35.389,663.06944,663.05738,3683.53738
2026-01-04 18:15:00,SA1,-6.19325,1228.03,-101.0,28,3678.51797,1136.03,1204.72644,1242.49,0.0,1480.51797,1076.02729,2450.48797
2026-01-04 18:15:00,TAS1,86.15,993.57,-386.61,3,1791.80546,606.96,982.21655,993.57,93.61365,86.80546,86.80546,798.23546
2026-01-04 18:15:00,VIC1,14.46594,4440.86,1251.15,44,11956.36763,5692.01,4486.39137,4546.58,202.87478,3127.29501,2946.54103,7515.507630000001
2026-01-04 18:20:00,NSW1,49.49001,8135.07,-448.99,4,13312.8214,7707.07,8179.60637,8203.82,206.39641,2334.8214,2263.70147,5177.751400000001
2026-01-04 18:20:00,QLD1,79.99,7855.8,-293.99,-1,11492.7393,7561.8,7870.05342,7862.33,39.345,651.75136,651.7393,3636.939299999999
2026-01-04 18:20:00,SA1,-12.64605,1241.68,-180.99,27,3672.03043,1069.69,1215.21673,1255.65,0.0,1474.03043,1009.69087,2430.3504299999995
2026-01-04 18:20:00,TAS1,93.81939,993.38,-359.12,3,1794.83648,634.27,984.04053,993.38,89.41057,89.83648,89.83648,801.4564799999999
2026-01-04 18:20:00,VIC1,12.71,4514.03,1459.94,42,11972.78644,5973.97,4542.72273,4631.62,209.21018,3137.71382,3118.02344,7458.75644
2026-01-04 18:25:00,NSW1,57.08,8127.93,-505.9,0,13097.38108,7701.03,8125.85198,8259.86,198.62153,2119.38108,2119.38108,4969.451079999999
2026-01-04 18:25:00,QLD1,79.99,7860.78,-308.57,4,11465.80008,7552.21,7858.06758,7867.75,39.299,623.83416,623.80008,3605.020080000001
2026-01-04 18:25:00,SA1,-1.94042,1272.59,117.96,22,3661.32601,1406.55,1255.51812,1294.78,0.0,1463.32601,1346.54895,2388.7360100000005
2026-01-04 18:25:00,TAS1,70.42367,998.66,-392.72,2,1790.04752,605.95,985.65759,998.66,92.53223,85.04752,85.04752,791.3875200000001
2026-01-04 18:25:00,VIC1,-2.7,4603.38,1284.14,42,11955.56894,5887.52,4611.42648,4732.2,205.25238,3118.11412,3100.89503,7352.188939999999
2026-01-04 18:30:00,NSW1,51.47545,8156.97,-599.08,-2,13041.43568,7621.89,8229.77873,8273.07,194.51388,2063.43568,2063.43568,4884.46568
2026-01-04 18:30:00,QLD1,85.58245,7906.96,-256.02,4,11476.24287,7650.94,7926.50947,7912.43,37.136,634.24287,634.24287,3569.28287
2026-01-04 18:30:00,SA1,9.1,1293.76,152.82,24,3649.66353,1472.78,1277.83064,1325.86,0.0,1451.66353,1411.78263,2355.90353
2026-01-04 18:30:00,TAS1,85.1,1003.27,-323.51,2,1797.72685,679.76,988.59424,1003.27,90.52466,92.72685,92.72685,794.45685
2026-01-04 18:30:00,VIC1,8.95,4630.55,1214.34,42,11884.2289,5844.89,4656.14063,4755.64,193.26693,3046.77408,3045.2289,7253.6789
2026-01-04 18:35:00,NSW1,62.15827,8161.18,-615.13,-6,12858.214,7608.06,8223.52617,8277.77,178.46372,1872.214,1872.214,4697.034
2026-01-04 18:35:00,QLD1,79.99,7897.48,-268.23,3,11482.65416,7629.25,7915.14717,7903.28,37.94,633.70005,633.65416,3585.1741600000005
2026-01-04 18:35:00,SA1,20.05417,1314.74,178.1,22,3651.03741,1495.84,1311.69113,1324.72,0.0,1451.03741,1435.83861,2336.29741
2026-01-04 18:35:00,TAS1,88.41992,1000.49,-183.17,1,1803.41681,817.32,990.32178,1000.49,95.82222,98.41681,98.41681,802.9268099999999
2026-01-04 18:35:00,VIC1,0.01,4674.03,1084.42,38,11843.57953,5758.45,4703.09697,4802.65,200.29846,3000.12471,2980.21015,7169.549530000001
2026-01-04 18:40:00,NSW1,77.3293,8197.89,-669.25,-5,12725.92161,7590.64,8259.26798,8314.84,165.22397,1739.92161,1739.92161,4528.03161
2026-01-04 18:40:00,QLD1,84.81,7884.41,-246.17,5,11479.98723,7638.24,7899.08369,7889.55,35.511,629.98723,629.98723,3595.577230000001
2026-01-04 18:40:00,SA1,31.98694,1348.77,92.03,19,3582.79822,1443.8,1327.13026,1353.83,0.0,1382.79822,1382.79822,2234.02822
2026-01-04 18:40:00,TAS1,101.37448,1009.78,-166.57,1,1809.0976,843.2,995.08521,1009.78,92.92253,104.0976,104.0976,799.3176000000001
2026-01-04 18:40:00,VIC1,12.71,4681.34,1152.04,37,11720.35873,5833.38,4730.60287,4781.27,195.9765,2874.51625,2845.46601,7039.01873
2026-01-04 18:45:00,NSW1,67.26223,8149.39,-648.7,-4,12607.07503,7562.69,8214.96519,8267.75,143.10147,1621.07503,1621.07503,4457.68503
2026-01-04 18:45:00,QLD1,86.1,7955.58,-272.28,-1,11541.64575,7683.3,7976.23355,7961.57,33.189,690.68816,690.64575,3586.06575
2026-01-04 18:45:00,SA1,35.95906,1377.98,71.5,17,3587.47988,1449.48,1362.39316,1378.34,0.0,1387.47988,1387.47988,2209.49988
2026-01-04 18:45:00,TAS1,105.24,1024.03,-165.49,1,1807.8624,858.54,1006.22852,1024.03,88.26392,102.8624,102.8624,783.8324
2026-01-04 18:45:00,VIC1,24.6921,4732.84,1166.04,34,11617.57137,5898.88,4764.9481,4821.2,191.87828,2770.72889,2735.3305,6884.73137
2026-01-04 18:50:00,NSW1,66.30874,8134.68,-575.73,-4,12499.51774,7574.95,8206.56134,8202.57,127.84639,1513.51774,1513.51774,4364.837739999999
2026-01-04 18:50:00,QLD1,79.99,7934.47,-280.34,4,11590.79925,7654.13,7945.88673,7940.66,33.963,739.82349,739.79925,3656.32925
2026-01-04 18:50:00,SA1,36.92173,1372.6,5.41,17,3516.01488,1378.01,1361.43415,1373.4,0.0,1316.01488,1316.01488,2143.4148800000003
2026-01-04 18:50:00,TAS1,105.15205,1018.07,-81.01,1,1800.09662,937.06,1004.22693,1018.07,90.45575,95.09662,95.09662,782.02662
2026-01-04 18:50:00,VIC1,25.04257,4791.18,1072.87,29,11564.33712,5864.05,4804.12715,4873.5,193.43073,2715.49464,2659.78538,6773.15712
2026-01-04 18:55:00,NSW1,75.87289,8126.74,-654.4,-5,12389.11003,7487.34,8161.3282,8193.14,133.02367,1403.11003,1403.11003,4262.37003
2026-01-04 18:55:00,QLD1,82.46811,7935.31,-239.18,4,11668.6756,7696.13,7943.35193,7940.29,31.73,816.71217,816.6756,3733.3656
2026-01-04 18:55:00,SA1,36.72479,1386.15,80.23,16,3496.3754,1466.38,1379.58428,1389.42,0.0,1296.3754,1296.3754,2110.2254
2026-01-04 18:55:00,TAS1,104.63599,1027.48,-99.28,1,1791.23693,928.2,1010.46545,1027.48,91.12418,86.23693,86.23693,763.75693
2026-01-04 18:55:00,VIC1,19.56854,4790.7,1078.85,25,11504.24374,5869.55,4814.32293,4897.27,203.63692,2649.40126,2578.98126,6713.54374
2026-01-04 19:00:00,NSW1,76.66688,8112.02,-755.19,-5,12265.90956,7370.83,8152.4218,8179.56,137.01014,1279.90956,1279.90956,4153.88956
2026-01-04 19:00:00,QLD1,82.89788,7988.34,-203.57,3,11703.36227,7784.76,7988.65215,7992.39,32.577,850.36227,850.36227,3715.02227
2026-01-04 19:00:00,SA1,36.98973,1412.39,48.54,13,3490.92691,1460.93,1402.15378,1415.45,0.0,1290.92691,1290.92691,2078.53691
2026-01-04 19:00:00,TAS1,104.7037,1016.1,-85.26,1,1793.91032,930.84,1003.17535,1016.1,94.61605,88.91032,88.91032,777.8103199999999
2026-01-04 19:00:00,VIC1,19.51555,4808.55,1168.78,23,11412.30424,5977.34,4860.48658,4921.2,191.00655,2555.0741,2482.56409,6603.754239999999
2026-01-04 19:05:00,NSW1,74.28624,8066.69,-728.6,-5,12266.77224,7344.1,8128.02038,8120.46,132.21379,1196.77224,1196.77224,4200.082240000001
2026-01-04 19:05:00,QLD1,79.99,7932.57,-179.12,1,11730.8306,7753.45,7939.88349,7935.94,32.842,874.8306,874.8306,3798.2606
2026-01-04 19:05:00,SA1,56.2,1415.49,-56.67,11,3482.26469,1358.83,1417.83906,1416.03,0.0,1278.26469,1278.26469,2066.77469
2026-01-04 19:05:00,TAS1,105.24,1016.37,-80.0,1,1788.74645,936.37,1005.88538,1016.37,91.80715,83.74645,83.74645,772.3764500000001
2026-01-04 19:05:00,VIC1,51.57036,4776.16,1179.57,17,11349.48426,5955.73,4875.64408,4859.68,188.56902,2479.25412,2411.73273,6573.324259999999
2026-01-04 19:10:00,NSW1,75.84853,8100.66,-797.65,-7,12215.99559,7303.01,8121.07793,8139.6,128.80884,1146.99559,1146.99559,4115.335590000001
2026-01-04 19:10:00,QLD1,79.99,7938.27,-68.39,-3,11756.89364,7869.88,7929.24824,7939.26,31.737,900.93545,900.89364,3818.62364
2026-01-04 19:10:00,SA1,58.17952,1425.18,-79.54,11,3457.64609,1345.65,1428.27543,1425.15,0.0,1253.64609,1253.64609,2032.46609
2026-01-04 19:10:00,TAS1,105.24,1018.09,-80.0,0,1782.11572,938.09,1009.55835,1018.09,90.60522,77.11572,77.11572,764.02572
2026-01-04 19:10:00,VIC1,54.42,4841.53,1137.15,15,11316.35267,5978.68,4867.0788,4913.21,188.63723,2447.12253,2368.65573,6474.8226700000005
2026-01-04 19:15:00,NSW1,77.72297,8125.62,-965.98,-7,12082.72378,7169.64,8134.27838,8169.51,124.96923,1013.72378,1013.72378,3957.10378
2026-01-04 19:15:00,QLD1,79.99,7913.62,94.41,-11,11806.94472,8008.03,7913.1016,7912.38,30.588,950.95371,950.94472,3893.32472
2026-01-04 19:15:00,SA1,58.85667,1440.78,-84.43,10,3437.35349,1356.35,1443.87046,1440.76,0.0,1233.35349,1233.35349,1996.57349
2026-01-04 19:15:00,TAS1,105.24,1015.16,-80.0,0,1783.04458,935.16,1007.8457,1015.16,88.96168,78.04458,78.04458,767.88458
2026-01-04 19:15:00,VIC1,54.45,4886.52,1139.65,11,11243.42454,6026.17,4896.77567,4957.54,187.46685,2371.8122,2299.90608,6356.90454
2026-01-04 19:20:00,NSW1,77.7395,8137.54,-1014.66,-6,12045.60176,7133.88,8172.35013,8184.88,120.31928,977.60176,977.60176,3908.06176
2026-01-04 19:20:00,QLD1,79.99,7889.02,105.73,-12,11833.75978,7994.75,7897.42341,7887.69,29.242,974.76958,974.75978,3944.73978
2026-01-04 19:20:00,SA1,56.94668,1443.94,54.83,7,3399.76849,1498.77,1449.92785,1444.13,0.0,1195.76849,1195.76849,1955.82849
2026-01-04 19:20:00,TAS1,105.24,1022.87,-80.0,0,1780.41749,942.87,1015.5191,1022.87,85.29363,75.41749,75.41749,757.54749
2026-01-04 19:20:00,VIC1,54.44,4886.05,1046.62,7,11138.41653,5932.67,4902.34989,4963.37,192.91693,2265.80419,2188.02754,6252.36653
2026-01-04 19:25:00,NSW1,76.69323,8113.07,-978.31,-7,12046.8842,7134.76,8176.34499,8149.15,109.80076,978.8842,978.8842,3933.8142000000007
2026-01-04 19:25:00,QLD1,78.83016,7816.87,78.66,-14,11828.80442,7895.53,7836.55566,7815.81,29.573,966.83172,966.80442,4011.934420000001
2026-01-04 19:25:00,SA1,56.80389,1467.02,57.62,7,3426.63926,1524.64,1465.15494,1467.22,0.0,1222.63926,1222.63926,1959.61926
2026-01-04 19:25:00,TAS1,105.24,1017.39,-80.0,0,1773.59563,937.39,1009.52045,1017.39,88.15504,68.59563,68.59563,756.20563
2026-01-04 19:25:00,VIC1,54.4,4819.38,1032.91,6,11084.6394,5852.3,4896.00349,4895.05,193.20933,2212.02706,2138.94148,6265.2594
2026-01-04 19:30:00,NSW1,78.26221,8097.39,-1018.68,-9,11989.69345,7078.71,8129.0874,8130.41,106.65268,922.69345,922.69345,3892.30345
2026-01-04 19:30:00,QLD1,79.99,7851.85,140.08,-18,11804.02127,7991.94,7866.64472,7850.29,29.556,942.02245,942.02127,3952.171269999999
2026-01-04 19:30:00,SA1,57.63374,1479.91,29.34,6,3444.25198,1509.25,1476.46159,1480.0,0.0,1240.25198,1240.25198,1964.34198
2026-01-04 19:30:00,TAS1,105.24,1017.54,-80.0,0,1769.28715,937.54,1009.03546,1017.54,92.61908,64.28715,64.28715,751.7471500000001
2026-01-04 19:30:00,VIC1,54.42,4871.75,1032.12,5,11042.43844,5903.87,4902.82006,4943.08,197.55737,2169.43844,2089.57494,6170.68844
2026-01-04 19:35:00,NSW1,79.295,8098.24,-1082.94,-8,11961.34862,7015.3,8123.45824,8131.59,107.48127,889.34862,889.34862,3863.108620000001
2026-01-04 19:35:00,QLD1,79.99,7792.52,183.38,-22,11810.40774,7975.9,7805.64788,7790.81,29.516,954.40774,954.40774,4017.88774
2026-01-04 19:35:00,SA1,59.55,1512.69,-60.18,5,3419.7596,1452.51,1513.25658,1512.68,0.0,1215.7596,1215.7596,1907.0696
2026-01-04 19:35:00,TAS1,105.24,1012.66,-80.0,0,1759.78562,932.66,1004.45288,1012.66,93.67189,54.78562,54.78562,747.1256200000001
2026-01-04 19:35:00,VIC1,54.71398,4904.53,1143.3,5,10977.58881,6047.83,4915.65938,4976.46,193.89213,2104.58881,2024.79501,6073.05881
2026-01-04 19:40:00,NSW1,78.34973,8060.07,-1051.88,-9,11974.24907,7008.2,8112.24814,8095.77,107.03861,902.24907,902.24907,3914.17907
2026-01-04 19:40:00,QLD1,79.99,7791.35,132.87,-24,11801.60224,7924.23,7810.30132,7789.9,28.354,945.60224,945.60224,4010.25224
2026-01-04 19:40:00,SA1,58.05212,1486.21,1.27,4,3427.48208,1487.48,1494.50901,1486.24,0.0,1223.48208,1223.48208,1941.27208
2026-01-04 19:40:00,TAS1,105.24,1020.73,-80.0,0,1762.22871,940.73,1014.87042,1020.73,84.96361,57.22871,57.22871,741.4987100000001
2026-01-04 19:40:00,VIC1,54.4,4828.45,1107.79,4,10946.86892,5936.23,4901.43431,4904.24,197.56205,2072.86892,2000.35051,6118.418920000001
2026-01-04 19:45:00,NSW1,76.31801,8091.54,-990.02,-12,12067.33492,7101.52,8145.93863,8129.54,107.25861,995.33492,995.33492,3975.79492
2026-01-04 19:45:00,QLD1,78.83016,7750.37,58.92,-23,11811.17215,7809.29,7778.05071,7749.55,28.881,955.20997,955.17215,4060.80215
2026-01-04 19:45:00,SA1,56.92721,1505.38,34.09,5,3441.47753,1539.48,1503.35372,1505.48,0.0,1237.47753,1237.47753,1936.09753
2026-01-04 19:45:00,TAS1,95.93582,1017.97,-40.21,0,1764.74027,977.76,1012.23169,1017.97,87.14301,59.74027,59.74027,746.77027
2026-01-04 19:45:00,VIC1,54.4,4820.98,1052.21,2,10906.07138,5873.18,4890.24634,4898.69,205.94495,2032.86137,1959.55876,6085.09138
2026-01-04 19:50:00,NSW1,64.93708,8028.9,-755.24,-16,12249.26525,7273.67,8091.49739,8065.06,107.08861,1148.26525,1148.26525,4220.365250000001
2026-01-04 19:50:00,QLD1,68.73852,7791.21,-83.2,-22,11854.29486,7708.0,7818.03193,7792.42,29.946,997.3372,997.29486,4063.08486
2026-01-04 19:50:00,SA1,56.2,1505.6,-170.7,4,3428.26483,1334.89,1504.00319,1505.89,0.0,1224.26483,1224.26483,1922.66483
2026-01-04 19:50:00,TAS1,94.78082,1008.95,-58.05,0,1761.75007,950.9,1008.94659,1008.95,84.97989,56.75007,56.75007,752.80007
2026-01-04 19:50:00,VIC1,54.42,4803.56,1171.51,-1,10882.64837,5975.07,4875.86575,4870.21,201.30046,1988.43836,1917.52295,6079.08837
2026-01-04 19:55:00,NSW1,57.68,8055.99,-576.78,-17,12383.34528,7479.21,8098.77532,8082.33,107.02724,1228.34528,1228.34528,4327.35528
2026-01-04 19:55:00,QLD1,60.92775,7658.33,-93.9,-23,11868.29687,7564.44,7686.45086,7659.7,28.976,1011.33277,1011.29687,4209.96687
2026-01-04 19:55:00,SA1,50.04141,1505.32,-72.19,3,3425.13063,1433.13,1511.50545,1505.29,0.0,1221.13063,1221.13063,1919.81063
2026-01-04 19:55:00,TAS1,88.19374,1027.63,-42.28,-1,1756.71391,985.35,1015.4754,1027.63,82.5047,51.71391,51.71391,729.0839099999998
2026-01-04 19:55:00,VIC1,49.72619,4860.92,858.22,-4,10808.93464,5719.14,4870.11977,4906.31,197.06688,1913.72463,1847.13908,5948.014639999999
2026-01-04 20:00:00,NSW1,64.07995,8057.72,-775.75,-20,12298.00081,7281.96,8084.61038,8084.29,106.45724,1143.00081,1143.00081,4240.280809999999
2026-01-04 20:00:00,QLD1,66.48622,7650.22,26.74,-26,11868.70602,7676.97,7691.14657,7649.78,28.753,1011.73491,1011.70602,4218.486019999999
2026-01-04 20:00:00,SA1,56.2,1518.42,-170.69,3,3426.06409,1347.73,1509.85782,1518.73,0.0,1222.06409,1222.06409,1907.64409
2026-01-04 20:00:00,TAS1,94.99716,1016.72,-65.85,-1,1757.57901,950.87,1017.7168,1016.72,81.24109,52.57901,52.57901,740.8590099999999
2026-01-04 20:00:00,VIC1,54.49,4851.22,1066.93,-7,10778.49622,5918.15,4882.35469,4906.16,196.85946,1883.28621,1825.42934,5927.276220000001
2026-01-04 20:05:00,NSW1,60.83235,8019.43,-790.9,-24,12297.74662,7228.53,8039.76917,8053.79,105.57725,1131.74662,1131.74662,4278.31662
2026-01-04 20:05:00,QLD1,63.83024,7614.23,-51.23,-29,11894.19241,7563.0,7663.27403,7614.85,29.098,1047.21876,1047.19241,4279.96241
2026-01-04 20:05:00,SA1,51.64158,1528.95,-93.42,3,3423.5314,1435.53,1523.82546,1528.97,0.0,1217.5314,1217.5314,1894.5814
2026-01-04 20:05:00,TAS1,87.51596,1025.2,-35.39,-1,1759.39791,989.81,1014.06299,1025.2,82.0127,54.39791,54.39791,734.1979099999999
2026-01-04 20:05:00,VIC1,51.08223,4879.82,1070.1,-8,10861.96526,5949.92,4915.59525,4943.98,190.70947,1949.75525,1906.92234,5982.145260000001
2026-01-04 20:10:00,NSW1,62.6728,7983.56,-757.13,-27,12295.00928,7226.43,8019.53361,8007.7,106.96724,1125.00928,1125.00928,4311.44928
2026-01-04 20:10:00,QLD1,64.94997,7581.48,32.14,-30,11903.19719,7613.62,7640.01666,7580.99,29.17,1055.25474,1055.19719,4321.717190000001
2026-01-04 20:10:00,SA1,56.2,1559.6,-213.39,2,3413.13361,1346.21,1546.05748,1560.21,0.0,1207.13361,1207.13361,1853.53361
2026-01-04 20:10:00,TAS1,94.05709,998.9,-48.48,-1,1753.78838,950.42,999.90051,998.9,98.28121,48.78838,48.78838,754.88838
2026-01-04 20:10:00,VIC1,53.84423,4875.1,1062.98,-10,10807.79972,5938.09,4915.71526,4926.96,180.51964,1895.58971,1844.08671,5932.6997200000005
2026-01-04 20:15:00,NSW1,70.77629,7935.68,-747.56,-28,12269.31654,7199.12,7975.23651,7970.93,104.46741,1099.31654,1099.31654,4333.63654
2026-01-04 20:15:00,QLD1,73.29,7550.39,28.03,-29,11598.857,7578.42,7598.50561,7549.96,28.566,1050.857,1050.857,4048.467
2026-01-04 20:15:00,SA1,36.76544,1519.94,-211.07,1,3404.87356,1308.87,1518.33492,1521.78,0.0,1198.87356,1198.87356,1884.93356
2026-01-04 20:15:00,TAS1,87.1,1004.19,-80.0,-2,1755.10472,924.19,995.36426,1004.19,100.56233,50.10472,50.10472,750.91472
2026-01-04 20:15:00,VIC1,19.18,4892.96,1095.87,-11,10768.21629,5988.83,4931.98974,4952.58,177.12113,1856.00628,1810.21243,5875.25629
2026-01-04 20:20:00,NSW1,64.89005,7857.21,-740.66,-30,12176.40805,7128.55,7913.4977,7892.98,107.86741,1006.40805,1006.40805,4319.19805
2026-01-04 20:20:00,QLD1,67.14528,7541.32,26.25,-28,11598.61,7567.57,7569.49229,7540.92,28.967,1050.61,1050.61,4057.290000000001
2026-01-04 20:20:00,SA1,37.75793,1512.49,-209.46,1,3399.02783,1303.03,1520.58584,1513.49,0.0,1193.02783,1193.02783,1886.53783
2026-01-04 20:20:00,TAS1,85.2,1007.54,-80.0,-3,1749.45001,927.54,1000.88483,1007.54,96.41827,44.45001,44.45001,741.91001
2026-01-04 20:20:00,VIC1,19.18,4848.47,1081.33,-12,10726.50383,5929.79,4900.31996,4901.54,185.33638,1814.29382,1768.96531,5878.033829999999
2026-01-04 20:25:00,NSW1,71.0166,7879.23,-773.54,-33,12145.87842,7116.69,7926.16941,7914.94,106.83741,975.87842,975.87842,4266.64842
2026-01-04 20:25:00,QLD1,73.29,7543.47,40.23,-29,11586.27857,7583.71,7557.70114,7542.92,29.429,1037.27857,1037.27857,4042.80857
2026-01-04 20:25:00,SA1,39.23705,1503.47,-222.33,-1,3377.14159,1281.14,1512.91077,1505.19,0.0,1171.14159,1171.14159,1873.67159
2026-01-04 20:25:00,TAS1,85.2,995.92,-80.0,-3,1755.04907,915.92,998.9361,995.92,96.22559,50.04907,50.04907,759.1290700000001
2026-01-04 20:25:00,VIC1,19.18,4846.94,1121.42,-12,10705.15758,5968.36,4900.89473,4906.85,184.912,1792.94757,1750.16042,5858.21758
2026-01-04 20:30:00,NSW1,66.00837,7849.9,-796.82,-35,12114.88411,7065.08,7899.67127,7884.44,107.6174,944.88411,944.88411,4264.984110000001
2026-01-04 20:30:00,QLD1,67.39287,7477.77,85.24,-30,11592.35128,7563.01,7492.78649,7476.86,28.899,1045.35128,1045.35128,4114.58128
2026-01-04 20:30:00,SA1,40.13848,1504.9,-244.66,-2,3356.24682,1260.25,1516.58125,1505.75,0.0,1150.24682,1150.24682,1851.34682
2026-01-04 20:30:00,TAS1,85.2,991.21,-80.0,-3,1760.9295,911.21,998.52869,991.21,98.46859,55.9295,55.9295,769.7194999999999
2026-01-04 20:30:00,VIC1,19.18,4825.25,1110.33,-13,10678.29478,5935.59,4888.03996,4876.87,184.70536,1766.08477,1735.82333,5853.04478
2026-01-04 20:35:00,NSW1,78.66315,7835.83,-905.62,-33,12069.11284,6930.2,7884.52264,7856.85,107.91741,899.11284,899.11284,4233.28284
2026-01-04 20:35:00,QLD1,78.83016,7455.7,205.73,-27,11579.57738,7661.43,7468.05449,7454.37,29.729,1038.57738,1038.57738,4123.877380000001
2026-01-04 20:35:00,SA1,42.71722,1502.13,-273.07,-3,3328.05675,1229.06,1510.05788,1503.27,0.0,1119.05675,1119.05675,1825.92675
2026-01-04 20:35:00,TAS1,85.2,985.03,-80.0,-3,1758.36375,905.03,994.05774,985.03,97.76653,53.36375,53.36375,773.33375
2026-01-04 20:35:00,VIC1,12.71,4793.48,1125.56,-13,10646.69406,5919.04,4853.74562,4845.24,189.48252,1731.48405,1711.39303,5853.21406
2026-01-04 20:40:00,NSW1,77.1825,7753.53,-775.76,-34,12061.94424,6989.77,7804.71973,7785.09,107.01444,891.94424,891.94424,4308.414240000001
2026-01-04 20:40:00,QLD1,78.83016,7525.18,103.83,-24,11464.9779,7629.01,7529.16235,7524.14,30.061,983.9779,983.9779,3939.7979
2026-01-04 20:40:00,SA1,51.95097,1529.12,-334.55,-3,3293.56655,1194.57,1537.17096,1531.02,0.0,1084.56655,1084.56655,1764.44655
2026-01-04 20:40:00,TAS1,85.2,983.15,-69.39,-3,1765.38785,913.76,991.22211,983.15,96.84967,60.38785,60.38785,782.2378500000001
2026-01-04 20:40:00,VIC1,30.05606,4772.21,1147.57,-15,10596.44695,5919.78,4833.03473,4823.47,189.09224,1688.23694,1664.78247,5824.23695
2026-01-04 20:45:00,NSW1,82.47429,7786.81,-780.51,-34,12062.42403,7007.31,7839.3344,7810.7,106.68444,892.42403,892.42403,4275.61403
2026-01-04 20:45:00,QLD1,84.81,7557.71,63.22,-15,11361.59063,7620.92,7561.78855,7556.95,30.082,942.59063,942.59063,3803.880630000001
2026-01-04 20:45:00,SA1,54.32703,1519.74,-336.54,-2,3284.19941,1183.2,1529.64574,1521.67,0.0,1074.19941,1074.19941,1764.4594100000002
2026-01-04 20:45:00,TAS1,85.2,979.22,-34.5,-3,1774.18917,944.72,986.66901,979.22,93.56082,69.18917,69.18917,794.9691700000001
2026-01-04 20:45:00,VIC1,30.29947,4750.21,1168.86,-16,10562.10196,5919.07,4818.3374,4806.68,187.05221,1653.89195,1643.07252,5811.89196
2026-01-04 20:50:00,NSW1,75.81108,7678.03,-751.39,-31,12178.98073,6926.64,7742.31873,7705.3,105.80444,918.98073,918.98073,4500.95073
2026-01-04 20:50:00,QLD1,78.83016,7503.51,-13.46,-6,11325.8796,7490.04,7516.37312,7503.58,29.777,939.8796,939.8796,3822.3696
2026-01-04 20:50:00,SA1,41.20112,1517.48,-244.29,-3,3270.18566,1273.19,1533.39982,1518.48,0.0,1060.18566,1060.18566,1752.70566
2026-01-04 20:50:00,TAS1,85.2,984.91,-80.0,-3,1775.51687,904.91,989.58441,984.91,88.79758,70.51687,70.51687,790.60687
2026-01-04 20:50:00,VIC1,12.71,4709.7,1174.92,-18,10563.62734,5884.62,4781.21742,4767.13,187.79303,1655.41733,1654.62734,5853.927339999999
2026-01-04 20:55:00,NSW1,80.02,7687.96,-701.05,-30,12248.18811,6986.91,7748.36814,7711.42,105.99445,988.18811,988.18811,4560.228109999999
2026-01-04 20:55:00,QLD1,82.75,7488.86,-0.1,-2,11272.76352,7488.76,7510.12463,7488.76,28.975,887.76352,887.76352,3783.9035200000008
2026-01-04 20:55:00,SA1,43.82841,1520.39,-372.16,-4,3249.22429,1148.22,1523.72143,1522.87,0.0,1039.22429,1039.22429,1728.83429
2026-01-04 20:55:00,TAS1,85.2,990.68,-80.0,-3,1776.51253,910.68,991.25806,990.68,84.47858,71.51253,71.51253,785.83253
2026-01-04 20:55:00,VIC1,12.71,4677.45,1236.87,-19,10585.37191,5914.32,4749.14863,4735.16,189.65914,1673.1619,1668.78847,5907.92191
2026-01-04 21:00:00,NSW1,75.90452,7630.44,-678.44,-28,12268.85618,6964.0,7673.84148,7667.28,106.53444,1008.85618,1008.85618,4638.416180000001
2026-01-04 21:00:00,QLD1,78.83016,7430.28,-32.92,-4,11243.47928,7397.36,7449.57461,7430.59,29.162,859.47928,859.47928,3813.19928
2026-01-04 21:00:00,SA1,41.45879,1504.72,-267.17,-4,3232.55386,1237.55,1517.05059,1505.92,0.0,1022.55386,1022.55386,1727.83386
2026-01-04 21:00:00,TAS1,85.2,994.49,-80.0,-3,1779.32999,914.49,993.38763,994.49,79.27209,74.32999,74.32999,784.83999
2026-01-04 21:00:00,VIC1,12.71,4686.02,1137.53,-21,10540.72911,5848.56,4744.96591,4763.67,190.46048,1628.5191,1627.72911,5854.70911
2026-01-04 21:05:00,NSW1,79.75643,7588.92,-723.21,-25,12265.43288,6865.71,7642.01855,7615.19,103.41444,1006.43288,1006.43288,4676.51288
2026-01-04 21:05:00,QLD1,82.75,7374.84,-17.91,-8,10941.97871,7356.93,7406.19848,7374.97,29.734,881.97871,881.97871,3567.1387099999997
2026-01-04 21:05:00,SA1,43.1218,1495.07,-274.9,-5,3208.16715,1220.17,1498.97094,1496.3,0.0,997.16715,997.16715,1713.0971500000005
2026-01-04 21:05:00,TAS1,85.2,997.6,-80.0,-3,1771.59587,917.6,995.05463,997.6,76.56183,66.59587,66.59587,773.9958700000001
2026-01-04 21:05:00,VIC1,12.71,4671.21,1180.02,-22,10559.29177,5851.22,4753.29328,4727.57,190.56032,1647.08176,1646.29177,5888.08177
2026-01-04 21:10:00,NSW1,80.02,7649.74,-826.76,-25,12254.49401,6822.98,7706.5858,7674.15,101.37445,995.49401,995.49401,4604.754010000001
2026-01-04 21:10:00,QLD1,81.58808,7417.08,86.09,-11,10901.21448,7503.16,7429.09554,7416.21,29.039,842.21448,842.21448,3484.1344800000006
2026-01-04 21:10:00,SA1,42.6321,1491.46,-290.93,-5,3193.53106,1200.53,1491.65248,1493.13,0.0,982.53106,982.53106,1702.0710599999998
2026-01-04 21:10:00,TAS1,85.2,999.63,-80.0,-4,1767.98235,919.63,992.17157,999.63,74.23803,62.98235,62.98235,768.35235
2026-01-04 21:10:00,VIC1,12.71,4647.43,1195.68,-23,10524.53586,5843.1,4714.39163,4706.3,182.52907,1607.32585,1606.53586,5877.10586
2026-01-04 21:15:00,NSW1,86.0,7614.21,-715.2,-21,12234.90593,6899.01,7679.62716,7639.83,99.32445,975.90593,975.90593,4620.695930000001
2026-01-04 21:15:00,QLD1,89.27299,7407.25,-13.1,-12,10874.6841,7394.14,7424.01632,7407.31,29.108,816.6841,816.6841,3467.4341000000004
2026-01-04 21:15:00,SA1,46.20899,1500.12,-305.35,-6,3194.77531,1194.78,1503.34315,1501.73,0.0,983.77531,983.77531,1694.65531
2026-01-04 21:15:00,TAS1,85.2,995.94,-80.0,-4,1755.54262,915.94,988.33405,995.94,73.58285,50.54262,50.54262,759.6026199999999
2026-01-04 21:15:00,VIC1,12.71,4622.44,1197.98,-23,10494.77319,5820.42,4690.16361,4679.48,184.75897,1579.56318,1578.77319,5872.33319
2026-01-04 21:20:00,NSW1,88.56615,7569.69,-628.87,-19,12204.25466,6940.81,7643.7069,7595.84,97.84444,945.25466,945.25466,4634.564660000001
2026-01-04 21:20:00,QLD1,93.0,7394.79,-73.13,-13,10852.1015,7321.66,7398.42479,7395.67,29.399,794.13714,794.1015,3457.3115000000007
2026-01-04 21:20:00,SA1,47.91077,1484.59,-386.69,-6,3188.9018,1097.9,1489.33903,1487.26,0.0,977.9018,977.9018,1704.3118000000002
2026-01-04 21:20:00,TAS1,85.2,993.22,-80.0,-4,1752.00656,913.22,984.38837,993.22,74.46458,47.00656,47.00656,758.78656
2026-01-04 21:20:00,VIC1,12.89993,4603.26,1258.1,-23,10463.66925,5861.37,4670.7205,4662.98,178.09246,1548.45924,1547.66925,5860.409250000001
2026-01-04 21:25:00,NSW1,86.0,7521.13,-676.43,-18,12178.96304,6844.71,7611.871,7547.05,96.65444,919.96304,919.96304,4657.83304
2026-01-04 21:25:00,QLD1,89.82583,7447.0,-38.83,-19,10847.35243,7408.16,7457.86459,7447.39,29.039,789.35243,789.35243,3400.352430000001
2026-01-04 21:25:00,SA1,46.3481,1461.69,-333.84,-7,3213.8531,1127.85,1477.70719,1463.64,0.0,1002.8531,1002.8531,1752.1630999999998
2026-01-04 21:25:00,TAS1,85.2,983.86,-80.0,-4,1748.53454,903.86,976.89587,983.86,74.03071,43.53454,43.53454,764.6745400000001
2026-01-04 21:25:00,VIC1,12.71,4560.73,1215.19,-26,10461.2357,5775.92,4642.73199,4618.57,182.35974,1549.02569,1548.2357,5900.5057
2026-01-04 21:30:00,NSW1,90.80662,7622.48,-757.81,-18,12159.85454,6864.67,7700.79091,7646.66,94.76444,900.85454,900.85454,4537.374540000001
2026-01-04 21:30:00,QLD1,93.0,7325.9,44.53,-22,10853.3167,7370.43,7338.58611,7325.38,29.559,795.3167,795.3167,3527.4167
2026-01-04 21:30:00,SA1,48.60741,1456.3,-339.92,-8,3214.38374,1116.38,1470.90891,1458.33,0.0,1003.38374,1003.38374,1758.0837400000005
2026-01-04 21:30:00,TAS1,85.2,972.67,-80.0,-4,1744.78985,892.67,969.35132,972.67,76.062,39.78985,39.78985,772.1198499999999
2026-01-04 21:30:00,VIC1,12.71,4555.1,1217.45,-24,10449.28909,5772.55,4633.24932,4613.66,172.30569,1537.07908,1536.28909,5894.18909
2026-01-04 21:35:00,NSW1,90.32908,7517.5,-738.24,-17,12148.56736,6779.26,7597.01156,7542.66,93.30445,889.56736,889.56736,4631.067359999999
2026-01-04 21:35:00,QLD1,93.0,7298.41,15.3,-28,10845.18062,7313.7,7329.46324,7298.17,29.634,793.23244,793.18062,3546.77062
2026-01-04 21:35:00,SA1,48.30842,1447.16,-322.89,-9,3220.26553,1124.27,1463.82679,1448.93,0.0,1007.26553,1007.26553,1773.10553
2026-01-04 21:35:00,TAS1,85.2,967.97,-80.0,-4,1741.32428,887.97,967.67639,967.97,74.11276,36.32428,36.32428,773.35428
2026-01-04 21:35:00,VIC1,12.71,4541.08,1210.63,-25,10430.10376,5751.71,4621.84501,4599.18,171.62508,1516.89375,1516.10376,5889.02376
2026-01-04 21:40:00,NSW1,86.43388,7507.39,-749.48,-21,12132.73585,6757.92,7591.61624,7533.05,91.77444,873.73585,873.73585,4625.345849999999
2026-01-04 21:40:00,QLD1,88.95,7277.78,19.1,-32,10838.70068,7296.87,7298.3233,7277.51,30.113,776.70225,776.70068,3560.92068
2026-01-04 21:40:00,SA1,46.28417,1442.49,-322.05,-8,3220.43825,1120.44,1453.33135,1444.23,0.0,1007.43825,1007.43825,1777.94825
2026-01-04 21:40:00,TAS1,85.2,966.54,-80.0,-4,1737.29842,886.54,971.52686,966.54,71.71577,32.29842,32.29842,770.7584200000001
2026-01-04 21:40:00,VIC1,12.71,4530.0,1218.65,-23,10416.28439,5748.65,4604.26385,4589.09,167.71681,1501.07438,1500.28439,5886.284390000001
2026-01-04 21:45:00,NSW1,80.08,7458.81,-651.54,-22,12121.13507,6807.28,7539.86342,7487.68,92.07445,862.13507,862.13507,4662.32507
2026-01-04 21:45:00,QLD1,83.8691,7250.44,-86.05,-33,10849.58066,7164.4,7288.86309,7251.47,28.973,790.58066,790.58066,3599.14066
2026-01-04 21:45:00,SA1,43.49532,1446.7,-332.35,-8,3220.34909,1114.35,1458.64343,1448.63,0.0,1007.34909,1007.34909,1773.64909
2026-01-04 21:45:00,TAS1,85.2,957.84,-80.0,-4,1734.84752,877.84,961.83911,957.84,73.24261,29.84752,29.84752,777.00752
2026-01-04 21:45:00,VIC1,12.71,4471.32,1242.67,-21,10400.95391,5714.0,4546.09129,4532.24,173.60695,1485.7439,1484.95391,5929.6339100000005
2026-01-04 21:50:00,NSW1,80.02,7455.43,-747.18,-26,12091.85935,6708.26,7525.09139,7484.1,91.92444,832.85935,832.85935,4636.42935
2026-01-04 21:50:00,QLD1,82.66232,7134.67,-19.37,-30,10826.19246,7115.3,7174.5027,7134.81,29.147,766.19955,766.19246,3691.52246
2026-01-04 21:50:00,SA1,42.02891,1439.41,-314.53,-8,3234.88827,1124.89,1450.35272,1441.72,0.0,1021.88827,1021.88827,1795.4782699999998
2026-01-04 21:50:00,TAS1,85.2,958.77,-80.0,-4,1729.30633,878.77,962.7218,958.77,69.15979,24.30633,24.30633,770.5363299999999
2026-01-04 21:50:00,VIC1,12.71,4449.48,1258.45,-20,10362.19105,5707.93,4516.53259,4515.74,173.727,1444.98104,1444.19105,5912.71105
2026-01-04 21:55:00,NSW1,82.64814,7416.23,-851.42,-29,12087.59943,6568.82,7479.33449,7450.12,92.66544,828.59943,828.59943,4671.369430000001
2026-01-04 21:55:00,QLD1,84.81,7098.58,40.3,-37,10789.92564,7138.88,7150.33189,7098.17,30.116,729.9674,729.92564,3691.34564
2026-01-04 21:55:00,SA1,62.97489,1442.99,-202.77,-7,3252.22051,1240.22,1451.96329,1443.69,0.0,1039.22051,1039.22051,1809.23051
2026-01-04 21:55:00,TAS1,92.2318,958.97,-25.57,-4,1729.62967,933.4,960.53766,958.97,65.75521,24.62967,24.62967,770.65967
2026-01-04 21:55:00,VIC1,54.4,4442.86,1132.47,-20,10311.80289,5575.34,4515.23374,4505.71,176.61958,1394.59288,1393.80289,5868.942890000001
2026-01-04 22:00:00,NSW1,80.02,7371.87,-798.6,-31,12076.67775,6573.28,7441.22698,7405.05,93.50445,817.67775,817.67775,4704.807750000001
2026-01-04 22:00:00,QLD1,82.75,7068.86,-33.72,-39,10733.1819,7035.14,7113.51885,7069.14,29.292,674.1819,674.1819,3664.3219
2026-01-04 22:00:00,SA1,59.55,1428.39,-175.89,-7,3244.9143,1252.5,1430.05872,1428.86,0.0,1031.9143,1031.9143,1816.5243
2026-01-04 22:00:00,TAS1,96.80655,955.11,-15.2,-4,1729.00577,939.9,959.10681,955.11,64.57663,24.00577,24.00577,773.89577
2026-01-04 22:00:00,VIC1,51.17954,4402.51,1122.67,-19,10282.22788,5525.18,4473.96139,4467.85,180.97397,1365.01787,1364.22788,5879.71788
2026-01-04 22:05:00,NSW1,86.0,7336.26,-676.41,-40,12039.1699,6659.85,7415.43101,7374.3,93.18444,811.1699,811.1699,4702.909900000001
2026-01-04 22:05:00,QLD1,90.81277,7029.98,-163.03,-42,10475.0305,6866.95,7091.76766,7032.18,29.424,644.0305,644.0305,3445.050500000001
2026-01-04 22:05:00,SA1,48.81642,1424.52,-166.9,-6,3259.61727,1257.62,1427.04163,1426.29,0.0,1045.61727,1045.61727,1835.09727
2026-01-04 22:05:00,TAS1,85.84811,966.23,-60.81,-4,1726.39793,905.42,956.82001,966.87,63.20428,21.39793,21.39793,760.1679300000001
2026-01-04 22:05:00,VIC1,30.53764,4351.17,1185.1,-30,10268.26403,5536.26,4443.10225,4426.47,184.16327,1348.05402,1347.26403,5917.09403
2026-01-04 22:10:00,NSW1,86.0,7344.71,-587.04,-33,12074.64675,6773.68,7395.60601,7400.02,92.19444,815.64675,815.64675,4729.93675
2026-01-04 22:10:00,QLD1,91.82399,6961.39,-232.57,-47,10419.0564,6728.82,7031.87696,6964.93,29.105,588.0564,588.0564,3457.666399999999
2026-01-04 22:10:00,SA1,59.55,1457.06,-216.69,-10,3260.7061,1240.37,1458.49598,1458.05,0.0,1046.7061,1046.7061,1803.6461
2026-01-04 22:10:00,TAS1,95.81848,960.39,-16.41,-2,1725.85986,943.99,950.2345,960.39,63.6299,20.85986,20.85986,765.46986
2026-01-04 22:10:00,VIC1,46.79237,4348.61,1162.92,-16,10244.53024,5511.53,4431.10022,4414.98,186.21716,1324.32023,1323.53024,5895.92024
2026-01-04 22:15:00,NSW1,84.41076,7337.81,-665.73,-40,12097.14938,6672.07,7415.72528,7374.41,91.65445,838.14938,838.14938,4759.33938
2026-01-04 22:15:00,QLD1,88.95,6876.25,-154.27,-44,10396.71949,6721.97,6964.34527,6878.18,27.915,563.72577,563.71949,3520.4694899999995
2026-01-04 22:15:00,SA1,57.56305,1397.62,-198.47,-10,3280.14138,1199.14,1407.85052,1398.46,0.0,1066.14138,1066.14138,1882.52138
2026-01-04 22:15:00,TAS1,94.32703,966.2,-22.96,-3,1726.5826,943.24,955.42395,966.35,65.82709,21.5826,21.5826,760.3825999999999
2026-01-04 22:15:00,VIC1,45.18352,4332.49,1148.07,-19,10218.56248,5480.56,4417.36445,4399.58,189.91685,1298.35247,1297.56248,5886.072480000001
2026-01-04 22:20:00,NSW1,80.02,7310.95,-640.23,-48,12126.6075,6670.73,7362.27602,7347.91,90.63445,867.6075,867.6075,4815.6575
2026-01-04 22:20:00,QLD1,84.81,6886.94,-175.68,-49,10373.54444,6711.25,6972.40774,6889.25,27.556,541.55072,541.54444,3486.60444
2026-01-04 22:20:00,SA1,59.55,1400.28,-187.97,-9,3289.12745,1212.31,1409.604,1400.82,0.0,1075.12745,1075.12745,1888.84745
2026-01-04 22:20:00,TAS1,88.1,941.05,0.0,-3,1727.52581,941.05,944.05457,941.05,66.46114,22.52581,22.52581,786.4758100000001
2026-01-04 22:20:00,VIC1,50.85579,4337.29,1108.39,-11,10200.68169,5445.68,4408.34073,4402.0,189.95126,1280.47168,1279.68169,5863.39169
2026-01-04 22:25:00,NSW1,79.75,7291.87,-708.51,-38,12130.55253,6583.37,7346.72326,7327.3,89.83445,872.55253,872.55253,4838.682530000001
2026-01-04 22:25:00,QLD1,83.45139,6813.84,-118.26,-54,10396.2658,6695.57,6915.78627,6815.15,27.837,564.31102,564.2658,3582.425799999999
2026-01-04 22:25:00,SA1,59.55,1393.77,-159.56,-10,3295.81009,1234.21,1409.58725,1394.12,0.0,1081.81009,1081.81009,1902.04009
2026-01-04 22:25:00,TAS1,96.96115,955.5,-9.99,-4,1726.10878,945.51,945.56995,955.55,65.44664,21.10878,21.10878,770.60878
2026-01-04 22:25:00,VIC1,51.73584,4304.02,1098.38,-14,10163.39903,5402.4,4385.63191,4368.93,192.47092,1243.18902,1242.39903,5859.37903
2026-01-04 22:30:00,NSW1,80.02,7251.53,-630.3,-41,12138.42527,6621.23,7309.55874,7291.04,89.22444,880.42527,880.42527,4886.89527
2026-01-04 22:30:00,QLD1,84.81,6766.66,-209.16,-38,10318.1102,6557.5,6847.6298,6769.5,28.083,571.16136,571.1102,3551.4501999999998
2026-01-04 22:30:00,SA1,59.55,1394.4,-135.53,-8,3310.57262,1258.87,1409.66359,1394.62,0.0,1096.57262,1096.57262,1916.17262
2026-01-04 22:30:00,TAS1,97.45295,947.06,-1.05,-3,1725.79823,946.02,939.0426,947.07,68.03477,20.79823,20.79823,778.7382300000002
2026-01-04 22:30:00,VIC1,52.35449,4320.92,1084.67,-2,10166.59382,5405.59,4386.26915,4386.98,193.93962,1246.38381,1245.59382,5845.67382
2026-01-04 22:35:00,NSW1,86.0,7200.16,-523.98,-49,12175.98751,6676.18,7283.18953,7244.44,88.84445,913.98751,913.98751,4975.827510000001
2026-01-04 22:35:00,QLD1,92.63183,6764.9,-304.85,-24,10321.2768,6460.05,6846.52902,6769.9,28.346,602.2768,602.2768,3556.3768
2026-01-04 22:35:00,SA1,55.2,1368.42,-150.82,-6,3320.18707,1217.59,1379.59039,1369.05,0.0,1105.18707,1105.18707,1951.76707
2026-01-04 22:35:00,TAS1,88.08461,928.57,0.0,-2,1722.73859,928.57,930.56805,928.57,66.94518,17.73859,17.73859,794.1685899999999
2026-01-04 22:35:00,VIC1,41.38694,4280.09,1098.63,-6,10139.7236,5378.72,4354.18612,4349.16,196.89847,1219.51359,1218.7236,5859.633599999999
2026-01-04 22:40:00,NSW1,83.17731,7153.88,-572.12,-47,12179.43809,6581.76,7251.40772,7195.63,87.70545,917.43809,917.43809,5025.55809
2026-01-04 22:40:00,QLD1,88.95,6708.12,-262.2,-32,10351.6654,6445.92,6774.7608,6711.98,27.792,632.72647,632.6654,3643.5454
2026-01-04 22:40:00,SA1,54.58938,1381.41,-161.65,-7,3331.7628,1219.76,1389.7739,1382.11,0.0,1116.7628,1116.7628,1950.3528
2026-01-04 22:40:00,TAS1,91.49405,938.24,-0.4,-2,1722.02603,937.84,930.54602,938.24,67.73439,17.02603,17.02603,783.78603
2026-01-04 22:40:00,VIC1,41.52624,4271.88,1111.69,-12,10146.56558,5383.57,4352.70976,4340.89,188.16333,1224.35557,1223.56558,5874.68558
2026-01-04 22:45:00,NSW1,76.17597,7141.3,-675.34,-40,12164.54601,6465.97,7242.63191,7178.84,86.54545,902.54601,902.54601,5023.24601
2026-01-04 22:45:00,QLD1,79.99,6702.28,-159.84,-27,10376.3835,6542.43,6751.14089,6704.14,27.698,657.3835,657.3835,3674.1035
2026-01-04 22:45:00,SA1,47.04308,1364.35,-132.54,-7,3343.81092,1231.81,1373.68778,1365.05,0.0,1128.81092,1128.81092,1979.46092
2026-01-04 22:45:00,TAS1,85.2,935.05,-71.76,-3,1722.38263,863.29,929.37915,935.88,65.17821,17.38263,17.38263,787.3326300000001
2026-01-04 22:45:00,VIC1,34.0195,4238.8,1149.22,-28,10151.02147,5388.02,4339.92603,4307.61,188.16739,1228.81146,1228.02147,5912.22147
2026-01-04 22:50:00,NSW1,80.02,7130.89,-584.07,-31,12148.25947,6546.82,7209.8607,7171.9,87.18445,886.25947,886.25947,5017.369470000001
2026-01-04 22:50:00,QLD1,85.50965,6687.34,-249.37,-26,10396.6711,6437.97,6722.90355,6690.87,28.158,678.70642,678.6711,3709.3311
2026-01-04 22:50:00,SA1,49.35564,1371.87,-121.87,-5,3362.00469,1250.0,1379.88914,1372.52,0.0,1147.00469,1147.00469,1990.1346900000003
2026-01-04 22:50:00,TAS1,85.2,915.64,-62.57,-5,1721.90222,853.07,921.71826,915.64,65.22125,16.90222,16.90222,806.26222
2026-01-04 22:50:00,VIC1,35.59571,4246.69,1132.32,-36,10167.01494,5404.01,4347.60425,4340.95,188.15127,1244.80493,1244.01494,5920.32494
2026-01-04 22:55:00,NSW1,80.02,7128.64,-623.22,-36,12110.81969,6505.42,7212.0992,7167.74,86.57877,848.81969,848.81969,4982.17969
2026-01-04 22:55:00,QLD1,84.81,6629.95,-209.35,-26,10408.31963,6420.6,6664.78929,6632.6,27.445,690.38623,690.31963,3778.36963
2026-01-04 22:55:00,SA1,59.55,1362.21,-181.55,-5,3377.19618,1288.65,1369.35856,1470.67,0.0,1162.19618,1162.19618,2014.98618
2026-01-04 22:55:00,TAS1,93.39698,905.4,-17.15,-4,1722.12346,888.25,913.38464,905.4,67.01988,17.12346,17.12346,816.72346
2026-01-04 22:55:00,VIC1,51.32924,4244.49,1140.61,-23,10151.09862,5385.1,4354.18089,4311.61,187.68587,1225.88861,1225.09862,5906.608620000001
2026-01-04 23:00:00,NSW1,79.95737,7060.46,-658.5,-22,12577.22914,6401.96,7132.02003,7102.03,86.57877,825.22914,825.22914,5516.769139999999
2026-01-04 23:00:00,QLD1,84.81,6617.13,-211.22,-26,10398.61497,6405.91,6658.43724,6619.79,27.797,681.67215,681.61497,3781.48497
2026-01-04 23:00:00,SA1,37.53756,1339.9,-68.17,-1,3383.73134,1271.73,1457.77761,1341.41,0.0,1168.73134,1168.73134,2043.83134
2026-01-04 23:00:00,TAS1,85.2,908.35,-80.0,-2,1723.1149,828.35,912.3147,909.35,68.3251,18.1149,18.1149,814.7649
2026-01-04 23:00:00,VIC1,17.40007,4260.36,1145.08,-3,10172.36356,5405.43,4332.46633,4340.81,182.51002,1247.15355,1246.36356,5912.00356
2026-01-04 23:05:00,NSW1,80.02,7001.12,-613.17,-23,12580.27518,6387.95,7056.05103,7042.03,85.76876,828.27518,828.27518,5579.155180000001
2026-01-04 23:05:00,QLD1,84.8346,6605.25,-237.06,-24,10391.6352,6368.19,6632.25823,6608.37,27.747,673.68752,673.6352,3786.3852000000006
2026-01-04 23:05:00,SA1,46.4339,1346.58,-63.82,-4,3395.75376,1282.75,1351.76311,1347.29,0.0,1179.75376,1179.75376,2049.17376
2026-01-04 23:05:00,TAS1,85.2,892.49,-80.0,-2,1721.96454,812.49,903.58441,892.49,71.77318,16.96454,16.96454,829.4745399999999
2026-01-04 23:05:00,VIC1,31.86012,4302.89,1111.12,42,10157.61018,5414.01,4332.02383,4375.21,179.63286,1260.40017,1259.61018,5854.720179999999
2026-01-04 23:10:00,NSW1,80.02,6993.26,-646.45,-26,12539.92502,6346.82,7058.58281,7031.72,85.89876,823.92502,823.92502,5546.66502
2026-01-04 23:10:00,QLD1,84.26342,6556.66,-196.64,-24,10382.62919,6360.02,6583.66815,6558.98,28.429,666.62919,666.62919,3825.96919
2026-01-04 23:10:00,SA1,59.31632,1340.66,-35.65,-4,3395.00714,1305.01,1347.72014,1340.64,0.0,1179.00714,1179.00714,2054.34714
2026-01-04 23:10:00,TAS1,98.88329,888.35,-17.35,-1,1723.25867,871.0,902.4165,888.35,70.71673,18.25867,18.25867,834.9086699999999
2026-01-04 23:10:00,VIC1,54.4,4408.52,1001.92,56,10180.44828,5410.44,4418.5134,4473.61,178.12866,1283.23827,1262.23524,5771.92828
2026-01-04 23:15:00,NSW1,80.02,6924.32,-620.88,-42,12490.25445,6303.44,7000.25803,6960.59,85.95877,814.25445,814.25445,5565.934450000001
2026-01-04 23:15:00,QLD1,84.19159,6519.99,-199.41,-22,10350.724,6320.57,6543.91353,6522.3,28.077,636.724,636.724,3830.734
2026-01-04 23:15:00,SA1,59.11503,1361.28,-16.73,-6,3405.55481,1344.55,1364.98784,1361.27,0.0,1189.55481,1189.55481,2044.27481
2026-01-04 23:15:00,TAS1,98.96827,895.99,-19.56,-2,1722.30121,876.43,900.99622,896.11,68.84531,17.30121,17.30121,826.3112100000001
2026-01-04 23:15:00,VIC1,54.4,4457.13,956.11,39,10161.43341,5413.24,4476.75414,4517.96,179.74189,1264.2234,1254.52491,5704.30341
2026-01-04 23:20:00,NSW1,80.02,6915.22,-615.71,-24,12436.98029,6299.51,6977.11112,6952.46,85.92877,763.98029,763.98029,5521.760289999999
2026-01-04 23:20:00,QLD1,84.35943,6507.5,-209.22,-26,10325.5849,6298.28,6537.8628,6509.98,27.559,613.64153,613.5849,3818.0849
2026-01-04 23:20:00,SA1,46.26601,1352.74,20.61,-2,3395.35504,1373.36,1344.83907,1353.51,0.0,1179.35504,1179.35504,2042.61504
2026-01-04 23:20:00,TAS1,85.2,894.64,-29.82,-2,1721.92543,864.83,897.95209,894.86,70.0145,16.92543,16.92543,827.28543
2026-01-04 23:20:00,VIC1,32.70162,4429.16,943.11,10,10137.26642,5372.27,4485.93229,4497.44,177.75872,1240.05641,1239.26642,5708.10642
2026-01-04 23:25:00,NSW1,80.02,6840.65,-604.54,-47,12391.06689,6236.1,6915.21938,6875.32,85.90877,719.06689,719.06689,5550.41689
2026-01-04 23:25:00,QLD1,84.10361,6471.47,-197.13,-29,10299.341,6274.34,6506.30566,6473.69,27.601,590.341,590.341,3827.871
2026-01-04 23:25:00,SA1,59.55,1365.54,-42.03,-6,3396.84135,1323.51,1356.60131,1365.51,0.0,1180.84135,1180.84135,2031.30135
2026-01-04 23:25:00,TAS1,98.94477,889.21,-9.39,-2,1722.19148,879.82,894.59906,889.21,68.58351,17.19148,17.19148,832.9814799999999
2026-01-04 23:25:00,VIC1,54.4,4437.84,948.12,10,10135.35237,5385.96,4489.45948,4496.01,181.36493,1238.14236,1237.35237,5697.51237
2026-01-04 23:30:00,NSW1,98.66,6862.1,-490.06,-31,12359.16336,6372.03,6920.12841,6903.72,85.73877,687.16336,687.16336,5497.06336
2026-01-04 23:30:00,QLD1,112.58632,6487.23,-325.65,-45,10277.1799,6161.58,6540.06824,6492.21,27.33,568.1799,568.1799,3789.9499
2026-01-04 23:30:00,SA1,59.55,1372.84,17.34,12,3398.07207,1390.18,1354.91006,1373.41,0.0,1182.07207,1182.07207,2025.23207
2026-01-04 23:30:00,TAS1,86.1,893.07,0.0,-3,1724.03212,893.07,891.17041,893.07,69.39142,19.03212,19.03212,830.96212
2026-01-04 23:30:00,VIC1,44.32156,4445.18,910.91,-18,10124.09189,5356.09,4522.47922,4510.54,179.40422,1226.88188,1226.09189,5678.911889999999
2026-01-04 23:35:00,NSW1,80.08,6798.4,-512.23,-28,12327.43981,6286.16,6849.64453,6834.96,85.61876,655.43981,655.43981,5529.03981
2026-01-04 23:35:00,QLD1,85.19076,6472.24,-275.2,-34,10280.844,6197.04,6542.51149,6475.95,28.016,568.844,568.844,3808.604
2026-01-04 23:35:00,SA1,59.17934,1384.59,-3.12,25,3374.46705,1381.47,1353.38765,1384.6,0.0,1191.46705,1191.46705,1989.8770500000005
2026-01-04 23:35:00,TAS1,99.35829,896.99,-26.63,-2,1725.57762,870.36,889.99744,897.17,67.67155,20.57762,20.57762,828.58762
2026-01-04 23:35:00,VIC1,54.4,4425.23,913.36,-20,10105.4402,5338.59,4509.89144,4480.94,174.50111,1208.23019,1207.4402,5680.2102
2026-01-04 23:40:00,NSW1,80.4474,6808.65,-554.11,-16,12311.19894,6254.55,6849.8072,6839.5,85.83013,642.19894,642.19894,5502.548940000001
2026-01-04 23:40:00,QLD1,84.81,6434.01,-205.63,-3,10282.9751,6228.38,6453.77425,6436.34,27.979,570.9751,570.9751,3848.9651
2026-01-04 23:40:00,SA1,61.57021,1447.39,-128.62,20,3363.77065,1318.77,1415.10102,1447.57,0.0,1185.77065,1185.77065,1916.38065
2026-01-04 23:40:00,TAS1,99.56113,893.9,-22.72,-2,1725.48047,871.18,893.8465,893.9,64.5976,20.48047,20.48047,831.58047
2026-01-04 23:40:00,VIC1,54.53,4425.99,995.53,-22,10079.98544,5421.52,4494.1962,4477.09,172.51744,1180.77543,1179.98544,5653.995440000001
2026-01-04 23:45:00,NSW1,80.02,6802.36,-575.43,-33,12332.02605,6226.93,6865.65027,6839.12,84.93013,620.02605,620.02605,5529.666050000001
2026-01-04 23:45:00,QLD1,84.81,6450.28,-242.98,1,10268.2126,6207.3,6463.17286,6453.3,27.428,556.2126,556.2126,3817.932600000001
2026-01-04 23:45:00,SA1,56.2,1390.23,18.64,5,3388.00498,1408.87,1384.04936,1390.33,0.0,1212.00498,1212.00498,1997.77498
2026-01-04 23:45:00,TAS1,86.1,887.38,0.0,-1,1725.80694,887.38,888.383,887.38,67.34632,20.80694,20.80694,838.42694
2026-01-04 23:45:00,VIC1,50.00545,4411.4,899.5,-16,10065.90098,5310.9,4479.40267,4471.24,176.03423,1168.69097,1167.90098,5654.500980000001
2026-01-04 23:50:00,NSW1,84.7901,6755.1,-583.11,-31,12271.21074,6171.99,6822.25781,6791.28,84.84012,595.21074,595.21074,5516.11074
2026-01-04 23:50:00,QLD1,89.54687,6408.45,-235.77,-15,10264.1365,6172.68,6440.95962,6411.28,27.193,552.14129,552.1365,3855.6865000000007
2026-01-04 23:50:00,SA1,46.7053,1401.76,5.38,1,3414.14202,1407.14,1394.63782,1403.07,0.0,1239.14202,1239.14202,2012.38202
2026-01-04 23:50:00,TAS1,85.2,899.93,-59.22,-2,1726.38493,840.71,890.76819,900.54,68.28469,21.38493,21.38493,826.45493
2026-01-04 23:50:00,VIC1,29.94547,4331.44,982.29,-38,10059.72634,5313.73,4430.92158,4400.09,178.73933,1162.51633,1161.72634,5728.28634
2026-01-04 23:55:00,NSW1,86.0,6690.13,-492.09,-25,12269.77176,6198.05,6746.49665,6727.0,84.32113,581.77176,581.77176,5579.64176
2026-01-04 23:55:00,QLD1,91.9389,6448.0,-293.94,-24,10240.35355,6154.06,6475.01874,6452.04,28.002,528.36536,528.35355,3792.35355
2026-01-04 23:55:00,SA1,56.2,1388.5,-96.0,-3,3424.8301,1292.51,1390.22489,1388.82,0.0,1252.8301,1228.85058,2036.3301
2026-01-04 23:55:00,TAS1,85.2,884.89,0.0,-2,1724.89932,884.89,885.25098,884.89,70.03005,19.89932,19.89932,840.00932
2026-01-04 23:55:00,VIC1,43.48482,4312.11,980.41,-43,10037.51536,5292.52,4428.34522,4369.27,171.2817,1140.30535,1139.51536,5725.40536
2026-01-05 00:00:00,NSW1,84.33578,6722.12,-582.6,-27,12236.37375,6139.52,6771.42774,6758.91,83.94113,568.37375,568.37375,5514.253750000001
2026-01-05 00:00:00,QLD1,88.95,6347.2,-237.39,-26,10233.57547,6109.81,6375.0754,6349.96,28.037,522.57547,522.57547,3886.37547
2026-01-05 00:00:00,SA1,47.12956,1347.4,-24.71,-4,3461.11786,1322.69,1356.58882,1348.47,0.0,1292.11786,1262.69011,2113.71786
2026-01-05 00:00:00,TAS1,85.2,885.3,-14.28,-1,1724.1088,871.02,886.30182,885.38,68.99404,19.1088,19.1088,838.8088
2026-01-05 00:00:00,VIC1,30.79152,4303.55,968.24,-30,10002.78763,5271.79,4388.86836,4372.11,164.7888,1125.57762,1124.78763,5699.2376300000005
