SETTLEMENTDATE,REGIONID,RRP,TOTALDEMAND,hour,day,month,day_of_week
2025-01-01 00:05:00,NSW1,138.0279,7251.07,0,1,1,2
2025-01-01 00:05:00,QLD1,154.30294,6444.99,0,1,1,2
2025-01-01 00:05:00,SA1,141.4772,1379.47,0,1,1,2
2025-01-01 00:05:00,TAS1,125.17761,989.78,0,1,1,2
2025-01-01 00:05:00,VIC1,130.0,4339.0,0,1,1,2
2025-01-01 00:10:00,NSW1,134.41651,7297.85,0,1,1,2
2025-01-01 00:10:00,QLD1,150.4218,6469.55,0,1,1,2
2025-01-01 00:10:00,SA1,136.58563,1367.61,0,1,1,2
2025-01-01 00:10:00,TAS1,120.28,991.04,0,1,1,2
2025-01-01 00:10:00,VIC1,125.5,4310.79,0,1,1,2
2025-01-01 00:15:00,NSW1,135.89,7274.39,0,1,1,2
2025-01-01 00:15:00,QLD1,150.07326,6410.01,0,1,1,2
2025-01-01 00:15:00,SA1,142.05217,1379.99,0,1,1,2
2025-01-01 00:15:00,TAS1,129.97176,991.23,0,1,1,2
2025-01-01 00:15:00,VIC1,129.0234,4243.74,0,1,1,2
2025-01-01 00:20:00,NSW1,120.30552,7173.05,0,1,1,2
2025-01-01 00:20:00,QLD1,132.58249,6344.94,0,1,1,2
2025-01-01 00:20:00,SA1,129.64224,1380.91,0,1,1,2
2025-01-01 00:20:00,TAS1,118.28,985.66,0,1,1,2
2025-01-01 00:20:00,VIC1,116.96976,4269.83,0,1,1,2
2025-01-01 00:25:00,NSW1,119.88874,7140.49,0,1,1,2
2025-01-01 00:25:00,QLD1,132.07553,6354.61,0,1,1,2
2025-01-01 00:25:00,SA1,129.51666,1369.41,0,1,1,2
2025-01-01 00:25:00,TAS1,118.28,970.26,0,1,1,2
2025-01-01 00:25:00,VIC1,116.49766,4242.11,0,1,1,2
2025-01-01 00:30:00,NSW1,121.87,7162.36,0,1,1,2
2025-01-01 00:30:00,QLD1,133.38034,6308.87,0,1,1,2
2025-01-01 00:30:00,SA1,134.71659,1379.09,0,1,1,2
2025-01-01 00:30:00,TAS1,118.28,974.7,0,1,1,2
2025-01-01 00:30:00,VIC1,119.44363,4217.03,0,1,1,2
2025-01-01 00:35:00,NSW1,111.65192,7078.85,0,1,1,2
2025-01-01 00:35:00,QLD1,122.95,6353.95,0,1,1,2
2025-01-01 00:35:00,SA1,122.94654,1364.22,0,1,1,2
2025-01-01 00:35:00,TAS1,113.22956,982.2,0,1,1,2
2025-01-01 00:35:00,VIC1,110.18153,4194.26,0,1,1,2
2025-01-01 00:40:00,NSW1,119.04851,7051.56,0,1,1,2
2025-01-01 00:40:00,QLD1,129.42258,6310.83,0,1,1,2
2025-01-01 00:40:00,SA1,134.265,1390.67,0,1,1,2
2025-01-01 00:40:00,TAS1,120.28,983.62,0,1,1,2
2025-01-01 00:40:00,VIC1,118.57675,4196.62,0,1,1,2
2025-01-01 00:45:00,NSW1,119.49351,7029.33,0,1,1,2
2025-01-01 00:45:00,QLD1,129.06221,6291.47,0,1,1,2
2025-01-01 00:45:00,SA1,135.8589,1392.95,0,1,1,2
2025-01-01 00:45:00,TAS1,120.28,982.27,0,1,1,2
2025-01-01 00:45:00,VIC1,119.08086,4160.17,0,1,1,2
2025-01-01 00:50:00,NSW1,115.95158,6941.93,0,1,1,2
2025-01-01 00:50:00,QLD1,125.13422,6285.77,0,1,1,2
2025-01-01 00:50:00,SA1,134.18729,1391.86,0,1,1,2
2025-01-01 00:50:00,TAS1,119.28,979.44,0,1,1,2
2025-01-01 00:50:00,VIC1,117.28982,4158.5,0,1,1,2
2025-01-01 00:55:00,NSW1,128.51108,6962.78,0,1,1,2
2025-01-01 00:55:00,QLD1,138.67635,6274.68,0,1,1,2
2025-01-01 00:55:00,SA1,149.7363,1397.91,0,1,1,2
2025-01-01 00:55:00,TAS1,122.60369,976.86,0,1,1,2
2025-01-01 00:55:00,VIC1,130.0,4155.03,0,1,1,2
2025-01-01 01:00:00,NSW1,116.72427,6970.56,1,1,1,2
2025-01-01 01:00:00,QLD1,124.2845,6196.03,1,1,1,2
2025-01-01 01:00:00,SA1,137.8,1412.06,1,1,1,2
2025-01-01 01:00:00,TAS1,120.28,971.28,1,1,1,2
2025-01-01 01:00:00,VIC1,119.10128,4127.38,1,1,1,2
2025-01-01 01:05:00,NSW1,116.33505,6949.87,1,1,1,2
2025-01-01 01:05:00,QLD1,123.10438,6195.0,1,1,1,2
2025-01-01 01:05:00,SA1,137.80534,1400.86,1,1,1,2
2025-01-01 01:05:00,TAS1,120.28,977.2,1,1,1,2
2025-01-01 01:05:00,VIC1,118.62578,4102.84,1,1,1,2
2025-01-01 01:10:00,NSW1,109.74,6960.56,1,1,1,2
2025-01-01 01:10:00,QLD1,115.28335,6125.33,1,1,1,2
2025-01-01 01:10:00,SA1,140.53788,1400.32,1,1,1,2
2025-01-01 01:10:00,TAS1,120.28,979.61,1,1,1,2
2025-01-01 01:10:00,VIC1,119.19916,4124.8,1,1,1,2
2025-01-01 01:15:00,NSW1,107.54,6899.02,1,1,1,2
2025-01-01 01:15:00,QLD1,113.69276,6165.23,1,1,1,2
2025-01-01 01:15:00,SA1,126.75638,1382.17,1,1,1,2
2025-01-01 01:15:00,TAS1,111.20585,979.08,1,1,1,2
2025-01-01 01:15:00,VIC1,109.60906,4088.19,1,1,1,2
2025-01-01 01:20:00,NSW1,117.08646,6807.22,1,1,1,2
2025-01-01 01:20:00,QLD1,126.20151,6283.96,1,1,1,2
2025-01-01 01:20:00,SA1,141.56525,1381.77,1,1,1,2
2025-01-01 01:20:00,TAS1,120.28,979.75,1,1,1,2
2025-01-01 01:20:00,VIC1,119.39421,4068.73,1,1,1,2
2025-01-01 01:25:00,NSW1,113.44395,6794.64,1,1,1,2
2025-01-01 01:25:00,QLD1,122.95,6264.83,1,1,1,2
2025-01-01 01:25:00,SA1,133.43728,1352.41,1,1,1,2
2025-01-01 01:25:00,TAS1,117.19715,980.39,1,1,1,2
2025-01-01 01:25:00,VIC1,115.48474,4049.82,1,1,1,2
2025-01-01 01:30:00,NSW1,109.74,6745.76,1,1,1,2
2025-01-01 01:30:00,QLD1,120.38136,6301.08,1,1,1,2
2025-01-01 01:30:00,SA1,127.7232,1345.97,1,1,1,2
2025-01-01 01:30:00,TAS1,112.74417,977.77,1,1,1,2
2025-01-01 01:30:00,VIC1,110.8431,4000.47,1,1,1,2
2025-01-01 01:35:00,NSW1,109.69,6720.28,1,1,1,2
2025-01-01 01:35:00,QLD1,120.22353,6264.52,1,1,1,2
2025-01-01 01:35:00,SA1,126.60751,1333.69,1,1,1,2
2025-01-01 01:35:00,TAS1,112.19486,979.16,1,1,1,2
2025-01-01 01:35:00,VIC1,110.69667,4002.96,1,1,1,2
2025-01-01 01:40:00,NSW1,104.4999,6712.49,1,1,1,2
2025-01-01 01:40:00,QLD1,111.65674,6169.67,1,1,1,2
2025-01-01 01:40:00,SA1,121.6224,1339.52,1,1,1,2
2025-01-01 01:40:00,TAS1,107.88445,975.34,1,1,1,2
2025-01-01 01:40:00,VIC1,106.30272,3999.07,1,1,1,2
2025-01-01 01:45:00,NSW1,104.5,6690.95,1,1,1,2
2025-01-01 01:45:00,QLD1,112.29053,6176.49,1,1,1,2
2025-01-01 01:45:00,SA1,121.35633,1325.64,1,1,1,2
2025-01-01 01:45:00,TAS1,107.75551,979.58,1,1,1,2
2025-01-01 01:45:00,VIC1,106.17626,3997.75,1,1,1,2
2025-01-01 01:50:00,NSW1,103.24174,6652.11,1,1,1,2
2025-01-01 01:50:00,QLD1,110.82993,6120.73,1,1,1,2
2025-01-01 01:50:00,SA1,119.17032,1334.25,1,1,1,2
2025-01-01 01:50:00,TAS1,105.24431,973.69,1,1,1,2
2025-01-01 01:50:00,VIC1,104.15217,3950.42,1,1,1,2
2025-01-01 01:55:00,NSW1,103.94915,6571.64,1,1,1,2
2025-01-01 01:55:00,QLD1,110.83,6125.83,1,1,1,2
2025-01-01 01:55:00,SA1,119.83468,1327.28,1,1,1,2
2025-01-01 01:55:00,TAS1,106.31118,976.26,1,1,1,2
2025-01-01 01:55:00,VIC1,104.80788,3961.03,1,1,1,2
2025-01-01 02:00:00,NSW1,104.5,6590.09,2,1,1,2
2025-01-01 02:00:00,QLD1,110.83,6075.98,2,1,1,2
2025-01-01 02:00:00,SA1,119.43421,1318.02,2,1,1,2
2025-01-01 02:00:00,TAS1,105.41538,971.98,2,1,1,2
2025-01-01 02:00:00,VIC1,104.47586,3922.86,2,1,1,2
2025-01-01 02:05:00,NSW1,104.5,6536.66,2,1,1,2
2025-01-01 02:05:00,QLD1,110.83,6037.42,2,1,1,2
2025-01-01 02:05:00,SA1,119.35486,1317.73,2,1,1,2
2025-01-01 02:05:00,TAS1,105.30792,973.79,2,1,1,2
2025-01-01 02:05:00,VIC1,104.43893,3917.03,2,1,1,2
2025-01-01 02:10:00,NSW1,105.41535,6568.22,2,1,1,2
2025-01-01 02:10:00,QLD1,110.83,6013.74,2,1,1,2
2025-01-01 02:10:00,SA1,120.88709,1317.66,2,1,1,2
2025-01-01 02:10:00,TAS1,106.32262,976.9,2,1,1,2
2025-01-01 02:10:00,VIC1,105.37026,3883.1,2,1,1,2
2025-01-01 02:15:00,NSW1,104.5,6488.58,2,1,1,2
2025-01-01 02:15:00,QLD1,110.83,6021.87,2,1,1,2
2025-01-01 02:15:00,SA1,117.48498,1300.92,2,1,1,2
2025-01-01 02:15:00,TAS1,103.56332,971.97,2,1,1,2
2025-01-01 02:15:00,VIC1,102.76831,3838.28,2,1,1,2
2025-01-01 02:20:00,NSW1,104.5,6459.04,2,1,1,2
2025-01-01 02:20:00,QLD1,110.83,6026.63,2,1,1,2
2025-01-01 02:20:00,SA1,118.23012,1292.24,2,1,1,2
2025-01-01 02:20:00,TAS1,104.37187,974.33,2,1,1,2
2025-01-01 02:20:00,VIC1,103.51613,3869.16,2,1,1,2
2025-01-01 02:25:00,NSW1,104.4999,6508.42,2,1,1,2
2025-01-01 02:25:00,QLD1,109.64827,5913.03,2,1,1,2
2025-01-01 02:25:00,SA1,115.85026,1276.43,2,1,1,2
2025-01-01 02:25:00,TAS1,102.3769,971.82,2,1,1,2
2025-01-01 02:25:00,VIC1,101.8166,3830.64,2,1,1,2
2025-01-01 02:30:00,NSW1,104.4999,6439.9,2,1,1,2
2025-01-01 02:30:00,QLD1,110.83,5996.76,2,1,1,2
2025-01-01 02:30:00,SA1,114.8896,1266.74,2,1,1,2
2025-01-01 02:30:00,TAS1,99.42798,968.1,2,1,1,2
2025-01-01 02:30:00,VIC1,100.98738,3806.88,2,1,1,2
2025-01-01 02:35:00,NSW1,104.5,6407.11,2,1,1,2
2025-01-01 02:35:00,QLD1,110.83,5940.64,2,1,1,2
2025-01-01 02:35:00,SA1,113.5067,1250.48,2,1,1,2
2025-01-01 02:35:00,TAS1,87.79468,969.96,2,1,1,2
2025-01-01 02:35:00,VIC1,100.13052,3769.81,2,1,1,2
2025-01-01 02:40:00,NSW1,104.5,6403.53,2,1,1,2
2025-01-01 02:40:00,QLD1,110.83,5939.04,2,1,1,2
2025-01-01 02:40:00,SA1,112.24809,1241.53,2,1,1,2
2025-01-01 02:40:00,TAS1,84.4017,963.95,2,1,1,2
2025-01-01 02:40:00,VIC1,100.07648,3787.87,2,1,1,2
2025-01-01 02:45:00,NSW1,104.16032,6382.74,2,1,1,2
2025-01-01 02:45:00,QLD1,109.84588,5928.56,2,1,1,2
2025-01-01 02:45:00,SA1,110.73027,1242.36,2,1,1,2
2025-01-01 02:45:00,TAS1,83.13017,956.75,2,1,1,2
2025-01-01 02:45:00,VIC1,99.0,3765.55,2,1,1,2
2025-01-01 02:50:00,NSW1,103.39668,6368.9,2,1,1,2
2025-01-01 02:50:00,QLD1,108.32103,5885.91,2,1,1,2
2025-01-01 02:50:00,SA1,110.66581,1233.47,2,1,1,2
2025-01-01 02:50:00,TAS1,83.4706,954.25,2,1,1,2
2025-01-01 02:50:00,VIC1,99.0,3775.7,2,1,1,2
2025-01-01 02:55:00,NSW1,103.36434,6350.32,2,1,1,2
2025-01-01 02:55:00,QLD1,108.24292,5861.34,2,1,1,2
2025-01-01 02:55:00,SA1,111.11291,1237.9,2,1,1,2
2025-01-01 02:55:00,TAS1,83.46422,958.48,2,1,1,2
2025-01-01 02:55:00,VIC1,99.0,3739.82,2,1,1,2
2025-01-01 03:00:00,NSW1,102.58093,6297.55,3,1,1,2
2025-01-01 03:00:00,QLD1,107.3631,5865.59,3,1,1,2
2025-01-01 03:00:00,SA1,111.06789,1236.73,3,1,1,2
2025-01-01 03:00:00,TAS1,82.31785,959.46,3,1,1,2
2025-01-01 03:00:00,VIC1,99.0,3752.65,3,1,1,2
2025-01-01 03:05:00,NSW1,104.24862,6356.19,3,1,1,2
2025-01-01 03:05:00,QLD1,109.11327,5841.7,3,1,1,2
2025-01-01 03:05:00,SA1,111.07089,1231.34,3,1,1,2
2025-01-01 03:05:00,TAS1,84.15996,972.13,3,1,1,2
2025-01-01 03:05:00,VIC1,99.0,3725.24,3,1,1,2
2025-01-01 03:10:00,NSW1,102.54439,6297.22,3,1,1,2
2025-01-01 03:10:00,QLD1,105.92589,5797.82,3,1,1,2
2025-01-01 03:10:00,SA1,111.51593,1240.87,3,1,1,2
2025-01-01 03:10:00,TAS1,83.12592,967.07,3,1,1,2
2025-01-01 03:10:00,VIC1,99.0,3720.96,3,1,1,2
2025-01-01 03:15:00,NSW1,105.11788,6348.26,3,1,1,2
2025-01-01 03:15:00,QLD1,110.83007,5919.18,3,1,1,2
2025-01-01 03:15:00,SA1,112.35614,1248.69,3,1,1,2
2025-01-01 03:15:00,TAS1,83.65606,971.04,3,1,1,2
2025-01-01 03:15:00,VIC1,99.82421,3738.48,3,1,1,2
2025-01-01 03:20:00,NSW1,102.02,6275.24,3,1,1,2
2025-01-01 03:20:00,QLD1,105.38174,5790.9,3,1,1,2
2025-01-01 03:20:00,SA1,109.53933,1220.11,3,1,1,2
2025-01-01 03:20:00,TAS1,82.25369,965.58,3,1,1,2
2025-01-01 03:20:00,VIC1,98.35416,3733.99,3,1,1,2
2025-01-01 03:25:00,NSW1,103.6051,6240.06,3,1,1,2
2025-01-01 03:25:00,QLD1,109.00973,5841.79,3,1,1,2
2025-01-01 03:25:00,SA1,109.7279,1203.62,3,1,1,2
2025-01-01 03:25:00,TAS1,82.24185,949.45,3,1,1,2
2025-01-01 03:25:00,VIC1,99.0,3787.79,3,1,1,2
2025-01-01 03:30:00,NSW1,104.35396,6266.13,3,1,1,2
2025-01-01 03:30:00,QLD1,109.80053,5830.87,3,1,1,2
2025-01-01 03:30:00,SA1,110.2421,1209.55,3,1,1,2
2025-01-01 03:30:00,TAS1,81.84444,962.29,3,1,1,2
2025-01-01 03:30:00,VIC1,99.0,3730.21,3,1,1,2
2025-01-01 03:35:00,NSW1,103.60848,6229.95,3,1,1,2
2025-01-01 03:35:00,QLD1,108.2457,5783.46,3,1,1,2
2025-01-01 03:35:00,SA1,109.82153,1197.39,3,1,1,2
2025-01-01 03:35:00,TAS1,84.25008,962.99,3,1,1,2
2025-01-01 03:35:00,VIC1,99.0,3722.16,3,1,1,2
2025-01-01 03:40:00,NSW1,105.74,6315.79,3,1,1,2
2025-01-01 03:40:00,QLD1,110.53455,5785.08,3,1,1,2
2025-01-01 03:40:00,SA1,112.63888,1226.1,3,1,1,2
2025-01-01 03:40:00,TAS1,84.70322,966.92,3,1,1,2
2025-01-01 03:40:00,VIC1,101.05574,3745.7,3,1,1,2
2025-01-01 03:45:00,NSW1,104.5,6278.14,3,1,1,2
2025-01-01 03:45:00,QLD1,110.04518,5860.26,3,1,1,2
2025-01-01 03:45:00,SA1,110.39517,1191.99,3,1,1,2
2025-01-01 03:45:00,TAS1,87.65312,977.42,3,1,1,2
2025-01-01 03:45:00,VIC1,99.04277,3708.85,3,1,1,2
2025-01-01 03:50:00,NSW1,103.68746,6280.26,3,1,1,2
2025-01-01 03:50:00,QLD1,107.69725,5764.94,3,1,1,2
2025-01-01 03:50:00,SA1,110.10071,1189.14,3,1,1,2
2025-01-01 03:50:00,TAS1,84.31041,975.42,3,1,1,2
2025-01-01 03:50:00,VIC1,99.0,3734.06,3,1,1,2
2025-01-01 03:55:00,NSW1,102.85428,6242.9,3,1,1,2
2025-01-01 03:55:00,QLD1,105.44548,5728.64,3,1,1,2
2025-01-01 03:55:00,SA1,110.49963,1192.12,3,1,1,2
2025-01-01 03:55:00,TAS1,84.24582,965.14,3,1,1,2
2025-01-01 03:55:00,VIC1,99.0,3731.38,3,1,1,2
2025-01-01 04:00:00,NSW1,102.82331,6229.77,4,1,1,2
2025-01-01 04:00:00,QLD1,106.08738,5756.55,4,1,1,2
2025-01-01 04:00:00,SA1,110.89981,1199.25,4,1,1,2
2025-01-01 04:00:00,TAS1,83.34623,966.28,4,1,1,2
2025-01-01 04:00:00,VIC1,99.0,3733.96,4,1,1,2
2025-01-01 04:05:00,NSW1,104.50005,6268.1,4,1,1,2
2025-01-01 04:05:00,QLD1,105.82988,5711.1,4,1,1,2
2025-01-01 04:05:00,SA1,114.27945,1198.41,4,1,1,2
2025-01-01 04:05:00,TAS1,86.37132,980.88,4,1,1,2
2025-01-01 04:05:00,VIC1,101.38098,3750.01,4,1,1,2
2025-01-01 04:10:00,NSW1,104.5,6310.74,4,1,1,2
2025-01-01 04:10:00,QLD1,105.89319,5726.18,4,1,1,2
2025-01-01 04:10:00,SA1,113.70879,1184.91,4,1,1,2
2025-01-01 04:10:00,TAS1,85.39607,977.31,4,1,1,2
2025-01-01 04:10:00,VIC1,101.30213,3763.55,4,1,1,2
2025-01-01 04:15:00,NSW1,102.92459,6302.06,4,1,1,2
2025-01-01 04:15:00,QLD1,103.71309,5754.28,4,1,1,2
2025-01-01 04:15:00,SA1,110.75385,1183.41,4,1,1,2
2025-01-01 04:15:00,TAS1,84.87833,977.62,4,1,1,2
2025-01-01 04:15:00,VIC1,99.0,3756.89,4,1,1,2
2025-01-01 04:20:00,NSW1,102.96964,6293.7,4,1,1,2
2025-01-01 04:20:00,QLD1,103.11793,5749.02,4,1,1,2
2025-01-01 04:20:00,SA1,110.72116,1174.52,4,1,1,2
2025-01-01 04:20:00,TAS1,84.85933,975.53,4,1,1,2
2025-01-01 04:20:00,VIC1,99.0,3741.92,4,1,1,2
2025-01-01 04:25:00,NSW1,102.18092,6258.69,4,1,1,2
2025-01-01 04:25:00,QLD1,102.35409,5776.89,4,1,1,2
2025-01-01 04:25:00,SA1,111.40141,1171.81,4,1,1,2
2025-01-01 04:25:00,TAS1,84.91475,978.83,4,1,1,2
2025-01-01 04:25:00,VIC1,99.0,3771.72,4,1,1,2
2025-01-01 04:30:00,NSW1,102.0201,6273.29,4,1,1,2
2025-01-01 04:30:00,QLD1,100.87179,5728.87,4,1,1,2
2025-01-01 04:30:00,SA1,111.02048,1167.81,4,1,1,2
2025-01-01 04:30:00,TAS1,84.82292,967.09,4,1,1,2
2025-01-01 04:30:00,VIC1,99.0,3765.92,4,1,1,2
2025-01-01 04:35:00,NSW1,101.46401,6239.32,4,1,1,2
2025-01-01 04:35:00,QLD1,100.96743,5764.73,4,1,1,2
2025-01-01 04:35:00,SA1,110.21957,1158.07,4,1,1,2
2025-01-01 04:35:00,TAS1,84.87833,975.54,4,1,1,2
2025-01-01 04:35:00,VIC1,99.0,3774.36,4,1,1,2
2025-01-01 04:40:00,NSW1,102.0201,6271.31,4,1,1,2
2025-01-01 04:40:00,QLD1,100.87985,5732.24,4,1,1,2
2025-01-01 04:40:00,SA1,110.68095,1176.51,4,1,1,2
2025-01-01 04:40:00,TAS1,84.8625,985.78,4,1,1,2
2025-01-01 04:40:00,VIC1,99.0,3784.91,4,1,1,2
2025-01-01 04:45:00,NSW1,101.33705,6196.45,4,1,1,2
2025-01-01 04:45:00,QLD1,100.14523,5732.13,4,1,1,2
2025-01-01 04:45:00,SA1,110.72561,1177.83,4,1,1,2
2025-01-01 04:45:00,TAS1,83.84778,967.19,4,1,1,2
2025-01-01 04:45:00,VIC1,99.0,3746.57,4,1,1,2
2025-01-01 04:50:00,NSW1,102.1309,6225.34,4,1,1,2
2025-01-01 04:50:00,QLD1,101.64996,5785.71,4,1,1,2
2025-01-01 04:50:00,SA1,111.08035,1178.11,4,1,1,2
2025-01-01 04:50:00,TAS1,84.83083,979.7,4,1,1,2
2025-01-01 04:50:00,VIC1,99.0,3765.71,4,1,1,2
2025-01-01 04:55:00,NSW1,100.53935,6152.12,4,1,1,2
2025-01-01 04:55:00,QLD1,99.95,5745.23,4,1,1,2
2025-01-01 04:55:00,SA1,109.33078,1174.6,4,1,1,2
2025-01-01 04:55:00,TAS1,83.68795,972.56,4,1,1,2
2025-01-01 04:55:00,VIC1,97.44853,3744.6,4,1,1,2
2025-01-01 05:00:00,NSW1,102.0201,6159.93,5,1,1,2
2025-01-01 05:00:00,QLD1,100.70583,5706.67,5,1,1,2
2025-01-01 05:00:00,SA1,111.39104,1181.51,5,1,1,2
2025-01-01 05:00:00,TAS1,83.85087,970.53,5,1,1,2
2025-01-01 05:00:00,VIC1,98.92124,3746.72,5,1,1,2
2025-01-01 05:05:00,NSW1,102.1821,6120.1,5,1,1,2
2025-01-01 05:05:00,QLD1,102.76489,5745.4,5,1,1,2
2025-01-01 05:05:00,SA1,111.3904,1168.73,5,1,1,2
2025-01-01 05:05:00,TAS1,84.91215,972.2,5,1,1,2
2025-01-01 05:05:00,VIC1,99.0,3746.05,5,1,1,2
2025-01-01 05:10:00,NSW1,102.93644,6155.79,5,1,1,2
2025-01-01 05:10:00,QLD1,103.57373,5750.78,5,1,1,2
2025-01-01 05:10:00,SA1,111.44708,1175.11,5,1,1,2
2025-01-01 05:10:00,TAS1,84.90106,981.66,5,1,1,2
2025-01-01 05:10:00,VIC1,99.0,3735.9,5,1,1,2
2025-01-01 05:15:00,NSW1,102.0201,6132.18,5,1,1,2
2025-01-01 05:15:00,QLD1,103.26765,5756.71,5,1,1,2
2025-01-01 05:15:00,SA1,111.32329,1183.37,5,1,1,2
2025-01-01 05:15:00,TAS1,84.73715,970.55,5,1,1,2
2025-01-01 05:15:00,VIC1,98.16807,3714.9,5,1,1,2
2025-01-01 05:20:00,NSW1,102.0201,6085.73,5,1,1,2
2025-01-01 05:20:00,QLD1,103.22975,5761.69,5,1,1,2
2025-01-01 05:20:00,SA1,109.61909,1178.82,5,1,1,2
2025-01-01 05:20:00,TAS1,83.72859,957.65,5,1,1,2
2025-01-01 05:20:00,VIC1,97.36075,3721.57,5,1,1,2
2025-01-01 05:25:00,NSW1,99.27686,6091.29,5,1,1,2
2025-01-01 05:25:00,QLD1,99.75,5711.33,5,1,1,2
2025-01-01 05:25:00,SA1,105.44,1158.3,5,1,1,2
2025-01-01 05:25:00,TAS1,83.37847,961.64,5,1,1,2
2025-01-01 05:25:00,VIC1,93.88022,3713.06,5,1,1,2
2025-01-01 05:30:00,NSW1,89.92454,6051.63,5,1,1,2
2025-01-01 05:30:00,QLD1,89.73006,5682.32,5,1,1,2
2025-01-01 05:30:00,SA1,96.68909,1151.36,5,1,1,2
2025-01-01 05:30:00,TAS1,82.76135,984.86,5,1,1,2
2025-01-01 05:30:00,VIC1,85.67722,3689.71,5,1,1,2
2025-01-01 05:35:00,NSW1,87.5,6036.71,5,1,1,2
2025-01-01 05:35:00,QLD1,87.29631,5682.22,5,1,1,2
2025-01-01 05:35:00,SA1,93.48416,1158.82,5,1,1,2
2025-01-01 05:35:00,TAS1,82.27953,977.35,5,1,1,2
2025-01-01 05:35:00,VIC1,82.76594,3664.64,5,1,1,2
2025-01-01 05:40:00,NSW1,87.5,6026.5,5,1,1,2
2025-01-01 05:40:00,QLD1,86.63,5591.67,5,1,1,2
2025-01-01 05:40:00,SA1,95.8593,1178.84,5,1,1,2
2025-01-01 05:40:00,TAS1,82.46942,979.9,5,1,1,2
2025-01-01 05:40:00,VIC1,84.18898,3654.44,5,1,1,2
2025-01-01 05:45:00,NSW1,80.23864,5964.48,5,1,1,2
2025-01-01 05:45:00,QLD1,79.86396,5570.67,5,1,1,2
2025-01-01 05:45:00,SA1,89.64858,1179.2,5,1,1,2
2025-01-01 05:45:00,TAS1,82.06,973.24,5,1,1,2
2025-01-01 05:45:00,VIC1,78.42882,3618.89,5,1,1,2
2025-01-01 05:50:00,NSW1,76.00002,5891.3,5,1,1,2
2025-01-01 05:50:00,QLD1,77.73,5573.23,5,1,1,2
2025-01-01 05:50:00,SA1,84.87529,1165.94,5,1,1,2
2025-01-01 05:50:00,TAS1,79.47056,962.31,5,1,1,2
2025-01-01 05:50:00,VIC1,74.81187,3630.04,5,1,1,2
2025-01-01 05:55:00,NSW1,54.77482,5874.2,5,1,1,2
2025-01-01 05:55:00,QLD1,55.75,5497.18,5,1,1,2
2025-01-01 05:55:00,SA1,60.04184,1153.35,5,1,1,2
2025-01-01 05:55:00,TAS1,56.79109,959.25,5,1,1,2
2025-01-01 05:55:00,VIC1,53.4619,3594.48,5,1,1,2
2025-01-01 06:00:00,NSW1,55.18537,5869.68,6,1,1,2
2025-01-01 06:00:00,QLD1,55.75,5427.17,6,1,1,2
2025-01-01 06:00:00,SA1,59.73788,1139.59,6,1,1,2
2025-01-01 06:00:00,TAS1,56.86765,961.95,6,1,1,2
2025-01-01 06:00:00,VIC1,53.40015,3592.56,6,1,1,2
2025-01-01 06:05:00,NSW1,19.99886,5761.32,6,1,1,2
2025-01-01 06:05:00,QLD1,20.5267,5339.09,6,1,1,2
2025-01-01 06:05:00,SA1,21.31423,1127.38,6,1,1,2
2025-01-01 06:05:00,TAS1,20.33392,967.52,6,1,1,2
2025-01-01 06:05:00,VIC1,19.19,3585.92,6,1,1,2
2025-01-01 06:10:00,NSW1,43.73262,5829.94,6,1,1,2
2025-01-01 06:10:00,QLD1,44.95,5405.7,6,1,1,2
2025-01-01 06:10:00,SA1,46.39801,1150.31,6,1,1,2
2025-01-01 06:10:00,TAS1,44.10807,964.69,6,1,1,2
2025-01-01 06:10:00,VIC1,41.6267,3609.37,6,1,1,2
2025-01-01 06:15:00,NSW1,12.52423,5793.9,6,1,1,2
2025-01-01 06:15:00,QLD1,13.01534,5333.0,6,1,1,2
2025-01-01 06:15:00,SA1,13.21895,1106.49,6,1,1,2
2025-01-01 06:15:00,TAS1,12.74727,962.51,6,1,1,2
2025-01-01 06:15:00,VIC1,12.0,3587.13,6,1,1,2
2025-01-01 06:20:00,NSW1,-14.99996,5708.57,6,1,1,2
2025-01-01 06:20:00,QLD1,-15.38238,5319.3,6,1,1,2
2025-01-01 06:20:00,SA1,-15.75216,1089.1,6,1,1,2
2025-01-01 06:20:00,TAS1,-15.57355,958.62,6,1,1,2
2025-01-01 06:20:00,VIC1,-14.69743,3562.96,6,1,1,2
2025-01-01 06:25:00,NSW1,-18.54777,5720.83,6,1,1,2
2025-01-01 06:25:00,QLD1,-18.89,5271.31,6,1,1,2
2025-01-01 06:25:00,SA1,-19.28771,1078.97,6,1,1,2
2025-01-01 06:25:00,TAS1,-18.70538,972.06,6,1,1,2
2025-01-01 06:25:00,VIC1,-18.30546,3528.54,6,1,1,2
2025-01-01 06:30:00,NSW1,-18.68421,5728.44,6,1,1,2
2025-01-01 06:30:00,QLD1,-18.89,5213.17,6,1,1,2
2025-01-01 06:30:00,SA1,-19.63714,1086.06,6,1,1,2
2025-01-01 06:30:00,TAS1,-19.25513,975.12,6,1,1,2
2025-01-01 06:30:00,VIC1,-18.71055,3494.5,6,1,1,2
2025-01-01 06:35:00,NSW1,-18.92335,5771.57,6,1,1,2
2025-01-01 06:35:00,QLD1,-18.89,5174.9,6,1,1,2
2025-01-01 06:35:00,SA1,-19.51611,1048.79,6,1,1,2
2025-01-01 06:35:00,TAS1,-17.86815,964.39,6,1,1,2
2025-01-01 06:35:00,VIC1,-18.78805,3435.34,6,1,1,2
2025-01-01 06:40:00,NSW1,-18.76942,5711.33,6,1,1,2
2025-01-01 06:40:00,QLD1,-18.89,5186.21,6,1,1,2
2025-01-01 06:40:00,SA1,-19.00267,1042.72,6,1,1,2
2025-01-01 06:40:00,TAS1,-17.22992,955.21,6,1,1,2
2025-01-01 06:40:00,VIC1,-18.4844,3410.02,6,1,1,2
2025-01-01 06:45:00,NSW1,20.31967,5695.08,6,1,1,2
2025-01-01 06:45:00,QLD1,20.0,5135.69,6,1,1,2
2025-01-01 06:45:00,SA1,-20.1,1015.34,6,1,1,2
2025-01-01 06:45:00,TAS1,-16.85786,967.45,6,1,1,2
2025-01-01 06:45:00,VIC1,-19.57406,3382.75,6,1,1,2
2025-01-01 06:50:00,NSW1,-24.67725,5634.61,6,1,1,2
2025-01-01 06:50:00,QLD1,-24.99997,5084.03,6,1,1,2
2025-01-01 06:50:00,SA1,-32.01,985.05,6,1,1,2
2025-01-01 06:50:00,TAS1,-30.25099,994.6,6,1,1,2
2025-01-01 06:50:00,VIC1,-30.50026,3400.19,6,1,1,2
2025-01-01 06:55:00,NSW1,-29.20737,5541.27,6,1,1,2
2025-01-01 06:55:00,QLD1,-29.41634,5134.0,6,1,1,2
2025-01-01 06:55:00,SA1,-32.25,990.08,6,1,1,2
2025-01-01 06:55:00,TAS1,-28.1444,982.36,6,1,1,2
2025-01-01 06:55:00,VIC1,-30.45071,3398.73,6,1,1,2
2025-01-01 07:00:00,NSW1,-25.01,5469.43,7,1,1,2
2025-01-01 07:00:00,QLD1,-25.75949,5021.64,7,1,1,2
2025-01-01 07:00:00,SA1,-26.66181,984.47,7,1,1,2
2025-01-01 07:00:00,TAS1,-27.1244,985.69,7,1,1,2
2025-01-01 07:00:00,VIC1,-25.87018,3384.0,7,1,1,2
2025-01-01 07:05:00,NSW1,-24.72361,5526.87,7,1,1,2
2025-01-01 07:05:00,QLD1,-25.0,5030.55,7,1,1,2
2025-01-01 07:05:00,SA1,-25.91172,964.07,7,1,1,2
2025-01-01 07:05:00,TAS1,-26.49781,953.8,7,1,1,2
2025-01-01 07:05:00,VIC1,-25.34236,3372.6,7,1,1,2
2025-01-01 07:10:00,NSW1,-21.02682,5601.46,7,1,1,2
2025-01-01 07:10:00,QLD1,-21.91488,5005.41,7,1,1,2
2025-01-01 07:10:00,SA1,-20.98473,919.5,7,1,1,2
2025-01-01 07:10:00,TAS1,-17.93906,960.41,7,1,1,2
2025-01-01 07:10:00,VIC1,-21.0,3309.18,7,1,1,2
2025-01-01 07:15:00,NSW1,-29.26654,5631.0,7,1,1,2
2025-01-01 07:15:00,QLD1,-31.0,4932.39,7,1,1,2
2025-01-01 07:15:00,SA1,-31.72919,863.34,7,1,1,2
2025-01-01 07:15:00,TAS1,-29.70896,971.27,7,1,1,2
2025-01-01 07:15:00,VIC1,-31.99993,3228.25,7,1,1,2
2025-01-01 07:20:00,NSW1,-29.46317,5573.99,7,1,1,2
2025-01-01 07:20:00,QLD1,-31.0,4921.44,7,1,1,2
2025-01-01 07:20:00,SA1,-28.42937,857.1,7,1,1,2
2025-01-01 07:20:00,TAS1,-28.39994,958.85,7,1,1,2
2025-01-01 07:20:00,VIC1,-28.89875,3265.78,7,1,1,2
2025-01-01 07:25:00,NSW1,-29.85489,5479.81,7,1,1,2
2025-01-01 07:25:00,QLD1,-31.2,4924.45,7,1,1,2
2025-01-01 07:25:00,SA1,-28.74809,866.04,7,1,1,2
2025-01-01 07:25:00,TAS1,-30.71606,955.29,7,1,1,2
2025-01-01 07:25:00,VIC1,-29.29952,3243.83,7,1,1,2
2025-01-01 07:30:00,NSW1,-30.40267,5479.65,7,1,1,2
2025-01-01 07:30:00,QLD1,-31.0,4936.34,7,1,1,2
2025-01-01 07:30:00,SA1,-29.40776,858.58,7,1,1,2
2025-01-01 07:30:00,TAS1,-29.3621,978.72,7,1,1,2
2025-01-01 07:30:00,VIC1,-29.79109,3192.93,7,1,1,2
2025-01-01 07:35:00,NSW1,-25.6206,5412.1,7,1,1,2
2025-01-01 07:35:00,QLD1,-25.92,4797.39,7,1,1,2
2025-01-01 07:35:00,SA1,-31.10538,804.29,7,1,1,2
2025-01-01 07:35:00,TAS1,-28.86951,975.36,7,1,1,2
2025-01-01 07:35:00,VIC1,-31.99993,3149.26,7,1,1,2
2025-01-01 07:40:00,NSW1,-30.57373,5325.33,7,1,1,2
2025-01-01 07:40:00,QLD1,-30.75,4828.91,7,1,1,2
2025-01-01 07:40:00,SA1,-29.76357,786.09,7,1,1,2
2025-01-01 07:40:00,TAS1,149.28,973.91,7,1,1,2
2025-01-01 07:40:00,VIC1,-30.78541,3181.4,7,1,1,2
2025-01-01 07:45:00,NSW1,-31.3392,5314.86,7,1,1,2
2025-01-01 07:45:00,QLD1,-30.723,4772.8,7,1,1,2
2025-01-01 07:45:00,SA1,-31.24168,759.62,7,1,1,2
2025-01-01 07:45:00,TAS1,149.28,976.94,7,1,1,2
2025-01-01 07:45:00,VIC1,-31.99993,3135.55,7,1,1,2
2025-01-01 07:50:00,NSW1,-31.36516,5217.91,7,1,1,2
2025-01-01 07:50:00,QLD1,-30.52555,4761.7,7,1,1,2
2025-01-01 07:50:00,SA1,-31.95,750.1,7,1,1,2
2025-01-01 07:50:00,TAS1,149.28,967.47,7,1,1,2
2025-01-01 07:50:00,VIC1,-32.99512,3164.43,7,1,1,2
2025-01-01 07:55:00,NSW1,-31.01003,5167.72,7,1,1,2
2025-01-01 07:55:00,QLD1,-30.74325,4746.11,7,1,1,2
2025-01-01 07:55:00,SA1,-30.33805,720.44,7,1,1,2
2025-01-01 07:55:00,TAS1,-29.718,942.78,7,1,1,2
2025-01-01 07:55:00,VIC1,-31.58195,3122.91,7,1,1,2
2025-01-01 08:00:00,NSW1,-30.32077,5123.15,8,1,1,2
2025-01-01 08:00:00,QLD1,-31.0,4735.37,8,1,1,2
2025-01-01 08:00:00,SA1,-28.85452,695.45,8,1,1,2
2025-01-01 08:00:00,TAS1,-20.27533,946.95,8,1,1,2
2025-01-01 08:00:00,VIC1,-30.36613,3055.05,8,1,1,2
2025-01-01 08:05:00,NSW1,-27.32207,5123.71,8,1,1,2
2025-01-01 08:05:00,QLD1,-27.73,4662.74,8,1,1,2
2025-01-01 08:05:00,SA1,-30.19044,678.5,8,1,1,2
2025-01-01 08:05:00,TAS1,149.28,947.38,8,1,1,2
2025-01-01 08:05:00,VIC1,-31.99993,3011.05,8,1,1,2
2025-01-01 08:10:00,NSW1,-30.17611,5076.5,8,1,1,2
2025-01-01 08:10:00,QLD1,-31.0,4689.19,8,1,1,2
2025-01-01 08:10:00,SA1,-30.1423,674.55,8,1,1,2
2025-01-01 08:10:00,TAS1,149.28,932.57,8,1,1,2
2025-01-01 08:10:00,VIC1,-31.99993,3020.8,8,1,1,2
2025-01-01 08:15:00,NSW1,20.27772,4968.3,8,1,1,2
2025-01-01 08:15:00,QLD1,20.99,4799.15,8,1,1,2
2025-01-01 08:15:00,SA1,-29.46244,625.0,8,1,1,2
2025-01-01 08:15:00,TAS1,-31.63087,939.61,8,1,1,2
2025-01-01 08:15:00,VIC1,-31.99993,2983.51,8,1,1,2
2025-01-01 08:20:00,NSW1,20.29424,4842.61,8,1,1,2
2025-01-01 08:20:00,QLD1,20.99,4764.75,8,1,1,2
2025-01-01 08:20:00,SA1,-32.01,595.05,8,1,1,2
2025-01-01 08:20:00,TAS1,-32.37639,920.09,8,1,1,2
2025-01-01 08:20:00,VIC1,-33.83867,2954.96,8,1,1,2
2025-01-01 08:25:00,NSW1,-26.44941,4848.25,8,1,1,2
2025-01-01 08:25:00,QLD1,-27.73,4823.34,8,1,1,2
2025-01-01 08:25:00,SA1,-31.58694,565.86,8,1,1,2
2025-01-01 08:25:00,TAS1,-34.77506,951.52,8,1,1,2
2025-01-01 08:25:00,VIC1,-34.67,2939.29,8,1,1,2
2025-01-01 08:30:00,NSW1,32.72486,4810.23,8,1,1,2
2025-01-01 08:30:00,QLD1,34.75,4875.57,8,1,1,2
2025-01-01 08:30:00,SA1,-32.01,538.64,8,1,1,2
2025-01-01 08:30:00,TAS1,-36.06246,957.73,8,1,1,2
2025-01-01 08:30:00,VIC1,-35.04996,2923.77,8,1,1,2
2025-01-01 08:35:00,NSW1,-23.42697,4756.87,8,1,1,2
2025-01-01 08:35:00,QLD1,-24.99997,4851.65,8,1,1,2
2025-01-01 08:35:00,SA1,-32.01,499.23,8,1,1,2
2025-01-01 08:35:00,TAS1,-37.56153,965.18,8,1,1,2
2025-01-01 08:35:00,VIC1,-35.40902,2973.34,8,1,1,2
2025-01-01 08:40:00,NSW1,-23.31157,4711.7,8,1,1,2
2025-01-01 08:40:00,QLD1,-24.99997,4814.45,8,1,1,2
2025-01-01 08:40:00,SA1,-32.49999,475.52,8,1,1,2
2025-01-01 08:40:00,TAS1,119.28,977.09,8,1,1,2
2025-01-01 08:40:00,VIC1,-35.3401,2936.47,8,1,1,2
2025-01-01 08:45:00,NSW1,-32.94891,4754.6,8,1,1,2
2025-01-01 08:45:00,QLD1,-34.95,4816.53,8,1,1,2
2025-01-01 08:45:00,SA1,-34.99995,445.84,8,1,1,2
2025-01-01 08:45:00,TAS1,119.28,960.71,8,1,1,2
2025-01-01 08:45:00,VIC1,-37.41493,2867.68,8,1,1,2
2025-01-01 08:50:00,NSW1,-32.01454,4717.68,8,1,1,2
2025-01-01 08:50:00,QLD1,-34.14,4806.99,8,1,1,2
2025-01-01 08:50:00,SA1,-34.99995,414.08,8,1,1,2
2025-01-01 08:50:00,TAS1,12.08,920.55,8,1,1,2
2025-01-01 08:50:00,VIC1,-37.76518,2899.16,8,1,1,2
2025-01-01 08:55:00,NSW1,-31.26387,4712.14,8,1,1,2
2025-01-01 08:55:00,QLD1,-32.95,4805.86,8,1,1,2
2025-01-01 08:55:00,SA1,-46.18882,378.34,8,1,1,2
2025-01-01 08:55:00,TAS1,-45.95004,936.21,8,1,1,2
2025-01-01 08:55:00,VIC1,-50.08,2842.41,8,1,1,2
2025-01-01 09:00:00,NSW1,-33.0,4667.63,9,1,1,2
2025-01-01 09:00:00,QLD1,-33.53672,4799.04,9,1,1,2
2025-01-01 09:00:00,SA1,-34.99995,358.07,9,1,1,2
2025-01-01 09:00:00,TAS1,11.06,963.02,9,1,1,2
2025-01-01 09:00:00,VIC1,-38.9389,2799.96,9,1,1,2
2025-01-01 09:05:00,NSW1,-33.0,4699.35,9,1,1,2
2025-01-01 09:05:00,QLD1,-33.70833,4756.64,9,1,1,2
2025-01-01 09:05:00,SA1,-60.67151,322.1,9,1,1,2
2025-01-01 09:05:00,TAS1,-53.91,945.02,9,1,1,2
2025-01-01 09:05:00,VIC1,-66.29964,2673.83,9,1,1,2
2025-01-01 09:10:00,NSW1,-33.0,4694.44,9,1,1,2
2025-01-01 09:10:00,QLD1,-32.64169,4684.96,9,1,1,2
2025-01-01 09:10:00,SA1,-42.96551,342.46,9,1,1,2
2025-01-01 09:10:00,TAS1,-41.41979,958.16,9,1,1,2
2025-01-01 09:10:00,VIC1,-46.55,2647.68,9,1,1,2
2025-01-01 09:15:00,NSW1,-35.14331,4618.51,9,1,1,2
2025-01-01 09:15:00,QLD1,-34.14,4707.87,9,1,1,2
2025-01-01 09:15:00,SA1,-60.45071,291.95,9,1,1,2
2025-01-01 09:15:00,TAS1,-53.91,959.27,9,1,1,2
2025-01-01 09:15:00,VIC1,-66.3,2538.82,9,1,1,2
2025-01-01 09:20:00,NSW1,-33.0,4640.59,9,1,1,2
2025-01-01 09:20:00,QLD1,-32.02461,4663.62,9,1,1,2
2025-01-01 09:20:00,SA1,-60.45126,307.03,9,1,1,2
2025-01-01 09:20:00,TAS1,-53.91,972.0,9,1,1,2
2025-01-01 09:20:00,VIC1,-66.3,2523.65,9,1,1,2
2025-01-01 09:25:00,NSW1,-33.0,4590.09,9,1,1,2
2025-01-01 09:25:00,QLD1,-31.99449,4638.68,9,1,1,2
2025-01-01 09:25:00,SA1,-60.93647,299.51,9,1,1,2
2025-01-01 09:25:00,TAS1,-53.91,963.29,9,1,1,2
2025-01-01 09:25:00,VIC1,-66.3,2427.33,9,1,1,2
2025-01-01 09:30:00,NSW1,-32.56075,4594.47,9,1,1,2
2025-01-01 09:30:00,QLD1,-31.0,4665.33,9,1,1,2
2025-01-01 09:30:00,SA1,-146.97963,252.19,9,1,1,2
2025-01-01 09:30:00,TAS1,13.08,1005.07,9,1,1,2
2025-01-01 09:30:00,VIC1,-162.30843,2373.53,9,1,1,2
2025-01-01 09:35:00,NSW1,-33.0,4534.57,9,1,1,2
2025-01-01 09:35:00,QLD1,-31.36193,4583.12,9,1,1,2
2025-01-01 09:35:00,SA1,-60.78445,265.57,9,1,1,2
2025-01-01 09:35:00,TAS1,13.08,1009.76,9,1,1,2
2025-01-01 09:35:00,VIC1,-66.29964,2296.58,9,1,1,2
2025-01-01 09:40:00,NSW1,-33.37203,4544.04,9,1,1,2
2025-01-01 09:40:00,QLD1,-30.75,4582.25,9,1,1,2
2025-01-01 09:40:00,SA1,-53.03891,235.06,9,1,1,2
2025-01-01 09:40:00,TAS1,-53.91,971.79,9,1,1,2
2025-01-01 09:40:00,VIC1,-56.21024,2146.89,9,1,1,2
2025-01-01 09:45:00,NSW1,-33.0,4553.23,9,1,1,2
2025-01-01 09:45:00,QLD1,-31.55773,4554.92,9,1,1,2
2025-01-01 09:45:00,SA1,-60.76621,208.96,9,1,1,2
2025-01-01 09:45:00,TAS1,-53.91,986.92,9,1,1,2
2025-01-01 09:45:00,VIC1,-66.3,2083.34,9,1,1,2
2025-01-01 09:50:00,NSW1,-31.59616,4569.9,9,1,1,2
2025-01-01 09:50:00,QLD1,-31.0,4607.62,9,1,1,2
2025-01-01 09:50:00,SA1,-145.00487,184.46,9,1,1,2
2025-01-01 09:50:00,TAS1,-53.91,968.32,9,1,1,2
2025-01-01 09:50:00,VIC1,-157.58436,1971.48,9,1,1,2
2025-01-01 09:55:00,NSW1,-32.31534,4612.16,9,1,1,2
2025-01-01 09:55:00,QLD1,-31.11,4574.28,9,1,1,2
2025-01-01 09:55:00,SA1,-147.35607,168.72,9,1,1,2
2025-01-01 09:55:00,TAS1,-53.91,981.34,9,1,1,2
2025-01-01 09:55:00,VIC1,-161.19365,2119.09,9,1,1,2
2025-01-01 10:00:00,NSW1,-33.0,4678.6,10,1,1,2
2025-01-01 10:00:00,QLD1,-31.6339,4631.13,10,1,1,2
2025-01-01 10:00:00,SA1,-100.3967,163.59,10,1,1,2
2025-01-01 10:00:00,TAS1,-53.91,978.5,10,1,1,2
2025-01-01 10:00:00,VIC1,-110.24,2111.2,10,1,1,2
2025-01-01 10:05:00,NSW1,-33.0,4712.64,10,1,1,2
2025-01-01 10:05:00,QLD1,-29.75185,4656.03,10,1,1,2
2025-01-01 10:05:00,SA1,-114.72505,141.2,10,1,1,2
2025-01-01 10:05:00,TAS1,119.28,1003.93,10,1,1,2
2025-01-01 10:05:00,VIC1,-126.97178,2071.31,10,1,1,2
2025-01-01 10:10:00,NSW1,-34.03514,4912.55,10,1,1,2
2025-01-01 10:10:00,QLD1,-30.75,4652.5,10,1,1,2
2025-01-01 10:10:00,SA1,-94.94629,153.7,10,1,1,2
2025-01-01 10:10:00,TAS1,-53.91,990.74,10,1,1,2
2025-01-01 10:10:00,VIC1,-105.01,2087.84,10,1,1,2
2025-01-01 10:15:00,NSW1,-33.0,4944.87,10,1,1,2
2025-01-01 10:15:00,QLD1,-29.42441,4630.35,10,1,1,2
2025-01-01 10:15:00,SA1,-60.82027,171.54,10,1,1,2
2025-01-01 10:15:00,TAS1,11.06,1015.7,10,1,1,2
2025-01-01 10:15:00,VIC1,-66.3,2070.33,10,1,1,2
2025-01-01 10:20:00,NSW1,-34.45775,4930.24,10,1,1,2
2025-01-01 10:20:00,QLD1,-30.75,4652.59,10,1,1,2
2025-01-01 10:20:00,SA1,-87.06,109.22,10,1,1,2
2025-01-01 10:20:00,TAS1,12.08,1025.66,10,1,1,2
2025-01-01 10:20:00,VIC1,-96.76594,2003.0,10,1,1,2
2025-01-01 10:25:00,NSW1,-34.7441,4943.22,10,1,1,2
2025-01-01 10:25:00,QLD1,-31.0,4654.18,10,1,1,2
2025-01-01 10:25:00,SA1,-98.81087,94.81,10,1,1,2
2025-01-01 10:25:00,TAS1,-53.91,1018.99,10,1,1,2
2025-01-01 10:25:00,VIC1,-110.24,1972.49,10,1,1,2
2025-01-01 10:30:00,NSW1,-36.21894,5002.06,10,1,1,2
2025-01-01 10:30:00,QLD1,-32.95,4676.97,10,1,1,2
2025-01-01 10:30:00,SA1,-94.59031,94.25,10,1,1,2
2025-01-01 10:30:00,TAS1,-53.91,1027.14,10,1,1,2
2025-01-01 10:30:00,VIC1,-105.01,1886.84,10,1,1,2
2025-01-01 10:35:00,NSW1,-35.14979,4969.88,10,1,1,2
2025-01-01 10:35:00,QLD1,-31.99994,4749.43,10,1,1,2
2025-01-01 10:35:00,SA1,-100.0,89.56,10,1,1,2
2025-01-01 10:35:00,TAS1,-53.91,1025.02,10,1,1,2
2025-01-01 10:35:00,VIC1,-109.41926,1848.92,10,1,1,2
2025-01-01 10:40:00,NSW1,-35.31958,4965.54,10,1,1,2
2025-01-01 10:40:00,QLD1,-32.95,4727.74,10,1,1,2
2025-01-01 10:40:00,SA1,-67.37295,106.82,10,1,1,2
2025-01-01 10:40:00,TAS1,15.7,1042.9,10,1,1,2
2025-01-01 10:40:00,VIC1,-74.39896,1807.57,10,1,1,2
2025-01-01 10:45:00,NSW1,-34.11371,4979.69,10,1,1,2
2025-01-01 10:45:00,QLD1,-30.11,4757.52,10,1,1,2
2025-01-01 10:45:00,SA1,-114.37074,107.29,10,1,1,2
2025-01-01 10:45:00,TAS1,15.7,1039.84,10,1,1,2
2025-01-01 10:45:00,VIC1,-126.65193,1749.92,10,1,1,2
2025-01-01 10:50:00,NSW1,-33.0,5013.91,10,1,1,2
2025-01-01 10:50:00,QLD1,-29.70036,4763.71,10,1,1,2
2025-01-01 10:50:00,SA1,-123.21519,122.73,10,1,1,2
2025-01-01 10:50:00,TAS1,122.9,1042.98,10,1,1,2
2025-01-01 10:50:00,VIC1,-136.43,1738.32,10,1,1,2
2025-01-01 10:55:00,NSW1,-32.54304,5025.44,10,1,1,2
2025-01-01 10:55:00,QLD1,-31.2,4801.85,10,1,1,2
2025-01-01 10:55:00,SA1,-127.64052,131.59,10,1,1,2
2025-01-01 10:55:00,TAS1,12.08,998.3,10,1,1,2
2025-01-01 10:55:00,VIC1,-141.43,1665.94,10,1,1,2
2025-01-01 11:00:00,NSW1,-33.0,5148.08,11,1,1,2
2025-01-01 11:00:00,QLD1,-29.92452,4793.92,11,1,1,2
2025-01-01 11:00:00,SA1,-129.03687,152.06,11,1,1,2
2025-01-01 11:00:00,TAS1,16.68,1022.44,11,1,1,2
2025-01-01 11:00:00,VIC1,-142.45,1683.66,11,1,1,2
2025-01-01 11:05:00,NSW1,-32.9998,5072.86,11,1,1,2
2025-01-01 11:05:00,QLD1,-30.2859,4791.93,11,1,1,2
2025-01-01 11:05:00,SA1,-189.99,125.8,11,1,1,2
2025-01-01 11:05:00,TAS1,123.46259,1005.53,11,1,1,2
2025-01-01 11:05:00,VIC1,-202.24957,1591.1,11,1,1,2
2025-01-01 11:10:00,NSW1,-32.15798,5146.57,11,1,1,2
2025-01-01 11:10:00,QLD1,-31.2,4768.22,11,1,1,2
2025-01-01 11:10:00,SA1,-115.88471,73.09,11,1,1,2
2025-01-01 11:10:00,TAS1,11.06,970.91,11,1,1,2
2025-01-01 11:10:00,VIC1,-125.96878,1578.0,11,1,1,2
2025-01-01 11:15:00,NSW1,-31.80213,5101.29,11,1,1,2
2025-01-01 11:15:00,QLD1,-30.5,4840.5,11,1,1,2
2025-01-01 11:15:00,SA1,-168.73566,62.65,11,1,1,2
2025-01-01 11:15:00,TAS1,12.08,996.46,11,1,1,2
2025-01-01 11:15:00,VIC1,-181.0,1598.32,11,1,1,2
2025-01-01 11:20:00,NSW1,-31.62537,5120.41,11,1,1,2
2025-01-01 11:20:00,QLD1,-30.75,4884.44,11,1,1,2
2025-01-01 11:20:00,SA1,-104.63823,56.93,11,1,1,2
2025-01-01 11:20:00,TAS1,12.08,994.2,11,1,1,2
2025-01-01 11:20:00,VIC1,-110.24,1543.86,11,1,1,2
2025-01-01 11:25:00,NSW1,-31.60338,5196.26,11,1,1,2
2025-01-01 11:25:00,QLD1,-30.75,4877.13,11,1,1,2
2025-01-01 11:25:00,SA1,-192.79,57.41,11,1,1,2
2025-01-01 11:25:00,TAS1,11.06,979.98,11,1,1,2
2025-01-01 11:25:00,VIC1,-204.48411,1525.77,11,1,1,2
2025-01-01 11:30:00,NSW1,-31.57718,5171.27,11,1,1,2
2025-01-01 11:30:00,QLD1,-30.75,4927.12,11,1,1,2
2025-01-01 11:30:00,SA1,-166.1,45.6,11,1,1,2
2025-01-01 11:30:00,TAS1,11.06,974.88,11,1,1,2
2025-01-01 11:30:00,VIC1,-177.51883,1528.35,11,1,1,2
2025-01-01 11:35:00,NSW1,-31.95618,5124.2,11,1,1,2
2025-01-01 11:35:00,QLD1,-30.75,4969.03,11,1,1,2
2025-01-01 11:35:00,SA1,-188.40628,50.96,11,1,1,2
2025-01-01 11:35:00,TAS1,11.06,970.6,11,1,1,2
2025-01-01 11:35:00,VIC1,-197.80602,1532.43,11,1,1,2
2025-01-01 11:40:00,NSW1,-31.81173,5196.09,11,1,1,2
2025-01-01 11:40:00,QLD1,-31.2,4973.13,11,1,1,2
2025-01-01 11:40:00,SA1,-118.7651,72.11,11,1,1,2
2025-01-01 11:40:00,TAS1,-53.91,959.28,11,1,1,2
2025-01-01 11:40:00,VIC1,-125.80672,1526.47,11,1,1,2
2025-01-01 11:45:00,NSW1,-31.13375,5144.94,11,1,1,2
2025-01-01 11:45:00,QLD1,-31.11,5001.58,11,1,1,2
2025-01-01 11:45:00,SA1,-117.8611,66.59,11,1,1,2
2025-01-01 11:45:00,TAS1,11.06,981.47,11,1,1,2
2025-01-01 11:45:00,VIC1,-125.77896,1529.92,11,1,1,2
2025-01-01 11:50:00,NSW1,-31.74895,5098.0,11,1,1,2
2025-01-01 11:50:00,QLD1,-30.75,4978.3,11,1,1,2
2025-01-01 11:50:00,SA1,-200.0,76.82,11,1,1,2
2025-01-01 11:50:00,TAS1,11.06,974.06,11,1,1,2
2025-01-01 11:50:00,VIC1,-208.65278,1474.06,11,1,1,2
2025-01-01 11:55:00,NSW1,-31.95356,5133.92,11,1,1,2
2025-01-01 11:55:00,QLD1,-30.75,4973.91,11,1,1,2
2025-01-01 11:55:00,SA1,-169.56101,55.33,11,1,1,2
2025-01-01 11:55:00,TAS1,11.06,981.73,11,1,1,2
2025-01-01 11:55:00,VIC1,-181.0,1503.26,11,1,1,2
2025-01-01 12:00:00,NSW1,-31.18136,5161.7,12,1,1,2
2025-01-01 12:00:00,QLD1,-30.75,4986.37,12,1,1,2
2025-01-01 12:00:00,SA1,-200.0,52.75,12,1,1,2
2025-01-01 12:00:00,TAS1,-53.91,969.24,12,1,1,2
2025-01-01 12:00:00,VIC1,-206.06169,1476.65,12,1,1,2
2025-01-01 12:05:00,NSW1,-30.32569,5069.51,12,1,1,2
2025-01-01 12:05:00,QLD1,-31.2,5002.15,12,1,1,2
2025-01-01 12:05:00,SA1,-84.24685,82.21,12,1,1,2
2025-01-01 12:05:00,TAS1,-53.91,961.0,12,1,1,2
2025-01-01 12:05:00,VIC1,-91.18,1505.06,12,1,1,2
2025-01-01 12:10:00,NSW1,-9.41998,5096.77,12,1,1,2
2025-01-01 12:10:00,QLD1,-9.46441,5008.36,12,1,1,2
2025-01-01 12:10:00,SA1,-190.0,68.37,12,1,1,2
2025-01-01 12:10:00,TAS1,-53.91,965.21,12,1,1,2
2025-01-01 12:10:00,VIC1,-203.35001,1400.13,12,1,1,2
2025-01-01 12:15:00,NSW1,-30.43356,5067.32,12,1,1,2
2025-01-01 12:15:00,QLD1,-30.75,4984.42,12,1,1,2
2025-01-01 12:15:00,SA1,-240.8468,46.19,12,1,1,2
2025-01-01 12:15:00,TAS1,-53.91,982.01,12,1,1,2
2025-01-01 12:15:00,VIC1,-253.6,1460.44,12,1,1,2
2025-01-01 12:20:00,NSW1,35.42491,5136.32,12,1,1,2
2025-01-01 12:20:00,QLD1,34.75,5037.12,12,1,1,2
2025-01-01 12:20:00,SA1,-244.14713,49.87,12,1,1,2
2025-01-01 12:20:00,TAS1,11.08,998.03,12,1,1,2
2025-01-01 12:20:00,VIC1,-253.6,1438.95,12,1,1,2
2025-01-01 12:25:00,NSW1,40.00002,5201.76,12,1,1,2
2025-01-01 12:25:00,QLD1,38.75037,4971.78,12,1,1,2
2025-01-01 12:25:00,SA1,-318.62723,24.88,12,1,1,2
2025-01-01 12:25:00,TAS1,-53.91,995.93,12,1,1,2
2025-01-01 12:25:00,VIC1,-328.80348,1427.43,12,1,1,2
2025-01-01 12:30:00,NSW1,43.51411,5214.25,12,1,1,2
2025-01-01 12:30:00,QLD1,42.45,5021.12,12,1,1,2
2025-01-01 12:30:00,SA1,-315.08994,16.24,12,1,1,2
2025-01-01 12:30:00,TAS1,-53.91,999.78,12,1,1,2
2025-01-01 12:30:00,VIC1,-325.38183,1433.27,12,1,1,2
2025-01-01 12:35:00,NSW1,19.98171,5281.39,12,1,1,2
2025-01-01 12:35:00,QLD1,20.0,5066.83,12,1,1,2
2025-01-01 12:35:00,SA1,-355.24,10.55,12,1,1,2
2025-01-01 12:35:00,TAS1,12.08,994.39,12,1,1,2
2025-01-01 12:35:00,VIC1,-368.27123,1442.3,12,1,1,2
2025-01-01 12:40:00,NSW1,-30.61969,5298.74,12,1,1,2
2025-01-01 12:40:00,QLD1,-31.0,5099.19,12,1,1,2
2025-01-01 12:40:00,SA1,-368.93414,14.96,12,1,1,2
2025-01-01 12:40:00,TAS1,11.06,994.97,12,1,1,2
2025-01-01 12:40:00,VIC1,-389.0029,1437.6,12,1,1,2
2025-01-01 12:45:00,NSW1,-30.62638,5338.87,12,1,1,2
2025-01-01 12:45:00,QLD1,-31.0,5101.03,12,1,1,2
2025-01-01 12:45:00,SA1,-355.01523,11.57,12,1,1,2
2025-01-01 12:45:00,TAS1,11.06,987.03,12,1,1,2
2025-01-01 12:45:00,VIC1,-386.60899,1461.69,12,1,1,2
2025-01-01 12:50:00,NSW1,-29.99672,5282.46,12,1,1,2
2025-01-01 12:50:00,QLD1,-30.75,5138.64,12,1,1,2
2025-01-01 12:50:00,SA1,-259.74,21.34,12,1,1,2
2025-01-01 12:50:00,TAS1,11.06,985.8,12,1,1,2
2025-01-01 12:50:00,VIC1,-286.9012,1483.39,12,1,1,2
2025-01-01 12:55:00,NSW1,1.00002,5313.48,12,1,1,2
2025-01-01 12:55:00,QLD1,0.99537,5169.81,12,1,1,2
2025-01-01 12:55:00,SA1,-190.0,76.26,12,1,1,2
2025-01-01 12:55:00,TAS1,-53.91,979.4,12,1,1,2
2025-01-01 12:55:00,VIC1,-209.32772,1474.42,12,1,1,2
2025-01-01 13:00:00,NSW1,-21.41924,5332.4,13,1,1,2
2025-01-01 13:00:00,QLD1,-21.2,5198.59,13,1,1,2
2025-01-01 13:00:00,SA1,-259.74,41.8,13,1,1,2
2025-01-01 13:00:00,TAS1,-53.91,971.74,13,1,1,2
2025-01-01 13:00:00,VIC1,-282.27996,1450.15,13,1,1,2
2025-01-01 13:05:00,NSW1,-29.9343,5357.45,13,1,1,2
2025-01-01 13:05:00,QLD1,-30.75,5197.95,13,1,1,2
2025-01-01 13:05:00,SA1,-200.0,51.16,13,1,1,2
2025-01-01 13:05:00,TAS1,11.06,977.38,13,1,1,2
2025-01-01 13:05:00,VIC1,-217.34308,1469.19,13,1,1,2
2025-01-01 13:10:00,NSW1,-30.25933,5452.06,13,1,1,2
2025-01-01 13:10:00,QLD1,-30.75,5233.58,13,1,1,2
2025-01-01 13:10:00,SA1,-189.99,61.08,13,1,1,2
2025-01-01 13:10:00,TAS1,11.06,974.92,13,1,1,2
2025-01-01 13:10:00,VIC1,-207.98814,1512.95,13,1,1,2
2025-01-01 13:15:00,NSW1,1.00002,5473.66,13,1,1,2
2025-01-01 13:15:00,QLD1,0.99277,5259.1,13,1,1,2
2025-01-01 13:15:00,SA1,-200.0,54.36,13,1,1,2
2025-01-01 13:15:00,TAS1,11.06,973.74,13,1,1,2
2025-01-01 13:15:00,VIC1,-219.81026,1505.33,13,1,1,2
2025-01-01 13:20:00,NSW1,78.49286,5484.91,13,1,1,2
2025-01-01 13:20:00,QLD1,79.99,5405.7,13,1,1,2
2025-01-01 13:20:00,SA1,-200.0,81.64,13,1,1,2
2025-01-01 13:20:00,TAS1,11.06,949.6,13,1,1,2
2025-01-01 13:20:00,VIC1,-218.07783,1515.83,13,1,1,2
2025-01-01 13:25:00,NSW1,53.02713,5563.9,13,1,1,2
2025-01-01 13:25:00,QLD1,55.75,5413.14,13,1,1,2
2025-01-01 13:25:00,SA1,-127.55312,88.13,13,1,1,2
2025-01-01 13:25:00,TAS1,11.06,961.6,13,1,1,2
2025-01-01 13:25:00,VIC1,-140.0,1503.6,13,1,1,2
2025-01-01 13:30:00,NSW1,74.70578,5620.01,13,1,1,2
2025-01-01 13:30:00,QLD1,77.95,5415.58,13,1,1,2
2025-01-01 13:30:00,SA1,-190.0,73.77,13,1,1,2
2025-01-01 13:30:00,TAS1,-53.91,952.16,13,1,1,2
2025-01-01 13:30:00,VIC1,-208.77668,1519.75,13,1,1,2
2025-01-01 13:35:00,NSW1,95.12138,5698.58,13,1,1,2
2025-01-01 13:35:00,QLD1,99.75,5396.34,13,1,1,2
2025-01-01 13:35:00,SA1,-147.65194,80.37,13,1,1,2
2025-01-01 13:35:00,TAS1,-53.91,961.75,13,1,1,2
2025-01-01 13:35:00,VIC1,-161.0,1500.98,13,1,1,2
2025-01-01 13:40:00,NSW1,107.94532,5876.09,13,1,1,2
2025-01-01 13:40:00,QLD1,112.75,5450.76,13,1,1,2
2025-01-01 13:40:00,SA1,-149.13197,87.21,13,1,1,2
2025-01-01 13:40:00,TAS1,11.06,979.75,13,1,1,2
2025-01-01 13:40:00,VIC1,-161.0,1578.33,13,1,1,2
2025-01-01 13:45:00,NSW1,4.91827,5962.78,13,1,1,2
2025-01-01 13:45:00,QLD1,5.3,5464.53,13,1,1,2
2025-01-01 13:45:00,SA1,-200.0,68.63,13,1,1,2
2025-01-01 13:45:00,TAS1,-53.91,972.39,13,1,1,2
2025-01-01 13:45:00,VIC1,-217.35541,1555.4,13,1,1,2
2025-01-01 13:50:00,NSW1,73.97465,6037.99,13,1,1,2
2025-01-01 13:50:00,QLD1,77.95,5446.0,13,1,1,2
2025-01-01 13:50:00,SA1,-144.90264,68.7,13,1,1,2
2025-01-01 13:50:00,TAS1,-53.91,986.08,13,1,1,2
2025-01-01 13:50:00,VIC1,-161.0,1609.88,13,1,1,2
2025-01-01 13:55:00,NSW1,84.29004,6109.72,13,1,1,2
2025-01-01 13:55:00,QLD1,88.95471,5494.87,13,1,1,2
2025-01-01 13:55:00,SA1,-200.0,55.19,13,1,1,2
2025-01-01 13:55:00,TAS1,-53.91,978.97,13,1,1,2
2025-01-01 13:55:00,VIC1,-220.09029,1616.32,13,1,1,2
2025-01-01 14:00:00,NSW1,84.99996,6141.36,14,1,1,2
2025-01-01 14:00:00,QLD1,89.80264,5545.82,14,1,1,2
2025-01-01 14:00:00,SA1,-136.18277,62.41,14,1,1,2
2025-01-01 14:00:00,TAS1,-53.91,985.45,14,1,1,2
2025-01-01 14:00:00,VIC1,-152.0,1629.68,14,1,1,2
2025-01-01 14:05:00,NSW1,108.50871,6204.68,14,1,1,2
2025-01-01 14:05:00,QLD1,112.75,5588.95,14,1,1,2
2025-01-01 14:05:00,SA1,-287.94311,87.48,14,1,1,2
2025-01-01 14:05:00,TAS1,12.06,980.17,14,1,1,2
2025-01-01 14:05:00,VIC1,-317.91271,1645.54,14,1,1,2
2025-01-01 14:10:00,NSW1,93.62569,6228.82,14,1,1,2
2025-01-01 14:10:00,QLD1,99.75,5618.86,14,1,1,2
2025-01-01 14:10:00,SA1,-302.30177,67.59,14,1,1,2
2025-01-01 14:10:00,TAS1,11.06,983.0,14,1,1,2
2025-01-01 14:10:00,VIC1,-326.82685,1670.78,14,1,1,2
2025-01-01 14:15:00,NSW1,57.01,6340.83,14,1,1,2
2025-01-01 14:15:00,QLD1,60.13109,5676.81,14,1,1,2
2025-01-01 14:15:00,SA1,-319.43534,74.19,14,1,1,2
2025-01-01 14:15:00,TAS1,11.06,989.55,14,1,1,2
2025-01-01 14:15:00,VIC1,-347.86721,1698.58,14,1,1,2
2025-01-01 14:20:00,NSW1,51.76601,6294.0,14,1,1,2
2025-01-01 14:20:00,QLD1,55.75,5769.89,14,1,1,2
2025-01-01 14:20:00,SA1,-320.40967,78.91,14,1,1,2
2025-01-01 14:20:00,TAS1,11.06,987.97,14,1,1,2
2025-01-01 14:20:00,VIC1,-351.53875,1732.95,14,1,1,2
2025-01-01 14:25:00,NSW1,67.69024,6288.64,14,1,1,2
2025-01-01 14:25:00,QLD1,74.6915,5807.19,14,1,1,2
2025-01-01 14:25:00,SA1,-308.31562,89.51,14,1,1,2
2025-01-01 14:25:00,TAS1,11.06,995.28,14,1,1,2
2025-01-01 14:25:00,VIC1,-340.73751,1795.53,14,1,1,2
2025-01-01 14:30:00,NSW1,50.76606,6392.9,14,1,1,2
2025-01-01 14:30:00,QLD1,55.75,5817.12,14,1,1,2
2025-01-01 14:30:00,SA1,-317.66677,87.1,14,1,1,2
2025-01-01 14:30:00,TAS1,11.06,994.88,14,1,1,2
2025-01-01 14:30:00,VIC1,-351.41205,1849.45,14,1,1,2
2025-01-01 14:35:00,NSW1,79.22772,6479.98,14,1,1,2
2025-01-01 14:35:00,QLD1,84.99,5799.93,14,1,1,2
2025-01-01 14:35:00,SA1,-309.42795,99.78,14,1,1,2
2025-01-01 14:35:00,TAS1,11.06,1008.5,14,1,1,2
2025-01-01 14:35:00,VIC1,-335.98091,1855.91,14,1,1,2
2025-01-01 14:40:00,NSW1,79.54235,6604.61,14,1,1,2
2025-01-01 14:40:00,QLD1,84.99,5881.53,14,1,1,2
2025-01-01 14:40:00,SA1,-309.79951,93.31,14,1,1,2
2025-01-01 14:40:00,TAS1,11.06,1007.97,14,1,1,2
2025-01-01 14:40:00,VIC1,-336.8162,1895.21,14,1,1,2
2025-01-01 14:45:00,NSW1,85.00007,6813.23,14,1,1,2
2025-01-01 14:45:00,QLD1,89.49127,5961.84,14,1,1,2
2025-01-01 14:45:00,SA1,-145.82955,97.36,14,1,1,2
2025-01-01 14:45:00,TAS1,-53.91,975.41,14,1,1,2
2025-01-01 14:45:00,VIC1,-161.0,1979.33,14,1,1,2
2025-01-01 14:50:00,NSW1,82.103,6872.28,14,1,1,2
2025-01-01 14:50:00,QLD1,86.63,6046.69,14,1,1,2
2025-01-01 14:50:00,SA1,-162.26842,111.09,14,1,1,2
2025-01-01 14:50:00,TAS1,-53.91,969.58,14,1,1,2
2025-01-01 14:50:00,VIC1,-181.0,2009.07,14,1,1,2
2025-01-01 14:55:00,NSW1,108.43836,7046.34,14,1,1,2
2025-01-01 14:55:00,QLD1,112.75,6193.03,14,1,1,2
2025-01-01 14:55:00,SA1,-164.22679,161.62,14,1,1,2
2025-01-01 14:55:00,TAS1,-53.91,975.33,14,1,1,2
2025-01-01 14:55:00,VIC1,-181.0,2051.15,14,1,1,2
2025-01-01 15:00:00,NSW1,108.85584,7168.53,15,1,1,2
2025-01-01 15:00:00,QLD1,112.75,6226.82,15,1,1,2
2025-01-01 15:00:00,SA1,-164.15105,153.49,15,1,1,2
2025-01-01 15:00:00,TAS1,-53.91,980.55,15,1,1,2
2025-01-01 15:00:00,VIC1,-181.0,2117.15,15,1,1,2
2025-01-01 15:05:00,NSW1,97.02009,7262.28,15,1,1,2
2025-01-01 15:05:00,QLD1,100.88043,6237.03,15,1,1,2
2025-01-01 15:05:00,SA1,-104.07,177.66,15,1,1,2
2025-01-01 15:05:00,TAS1,-53.91,982.95,15,1,1,2
2025-01-01 15:05:00,VIC1,-115.06371,2152.53,15,1,1,2
2025-01-01 15:10:00,NSW1,87.50023,7296.34,15,1,1,2
2025-01-01 15:10:00,QLD1,93.04248,6292.14,15,1,1,2
2025-01-01 15:10:00,SA1,-99.32394,197.2,15,1,1,2
2025-01-01 15:10:00,TAS1,-53.91,992.26,15,1,1,2
2025-01-01 15:10:00,VIC1,-110.24,2229.29,15,1,1,2
2025-01-01 15:15:00,NSW1,97.69265,7391.5,15,1,1,2
2025-01-01 15:15:00,QLD1,103.53006,6395.19,15,1,1,2
2025-01-01 15:15:00,SA1,-87.06,233.18,15,1,1,2
2025-01-01 15:15:00,TAS1,-53.91,986.23,15,1,1,2
2025-01-01 15:15:00,VIC1,-95.12353,2276.8,15,1,1,2
2025-01-01 15:20:00,NSW1,87.49977,7359.6,15,1,1,2
2025-01-01 15:20:00,QLD1,94.48446,6431.34,15,1,1,2
2025-01-01 15:20:00,SA1,-59.41815,256.92,15,1,1,2
2025-01-01 15:20:00,TAS1,-53.91,970.32,15,1,1,2
2025-01-01 15:20:00,VIC1,-66.3,2292.73,15,1,1,2
2025-01-01 15:25:00,NSW1,87.50023,7356.7,15,1,1,2
2025-01-01 15:25:00,QLD1,96.29165,6523.41,15,1,1,2
2025-01-01 15:25:00,SA1,-59.31212,248.66,15,1,1,2
2025-01-01 15:25:00,TAS1,-53.91,967.28,15,1,1,2
2025-01-01 15:25:00,VIC1,-66.3,2388.44,15,1,1,2
2025-01-01 15:30:00,NSW1,80.59735,7372.43,15,1,1,2
2025-01-01 15:30:00,QLD1,86.63,6519.31,15,1,1,2
2025-01-01 15:30:00,SA1,-59.26868,258.49,15,1,1,2
2025-01-01 15:30:00,TAS1,10.08,996.59,15,1,1,2
2025-01-01 15:30:00,VIC1,-66.3,2472.42,15,1,1,2
2025-01-01 15:35:00,NSW1,92.06978,7397.54,15,1,1,2
2025-01-01 15:35:00,QLD1,99.75001,6659.36,15,1,1,2
2025-01-01 15:35:00,SA1,-59.0354,283.15,15,1,1,2
2025-01-01 15:35:00,TAS1,12.01368,1010.86,15,1,1,2
2025-01-01 15:35:00,VIC1,-66.29995,2585.04,15,1,1,2
2025-01-01 15:40:00,NSW1,91.01806,7398.15,15,1,1,2
2025-01-01 15:40:00,QLD1,99.95,6745.08,15,1,1,2
2025-01-01 15:40:00,SA1,-56.77707,327.56,15,1,1,2
2025-01-01 15:40:00,TAS1,11.04,1009.66,15,1,1,2
2025-01-01 15:40:00,VIC1,-62.51,2652.11,15,1,1,2
2025-01-01 15:45:00,NSW1,76.83561,7432.32,15,1,1,2
2025-01-01 15:45:00,QLD1,86.63,6801.02,15,1,1,2
2025-01-01 15:45:00,SA1,-57.63985,310.6,15,1,1,2
2025-01-01 15:45:00,TAS1,10.08,987.11,15,1,1,2
2025-01-01 15:45:00,VIC1,-63.94,2643.88,15,1,1,2
2025-01-01 15:50:00,NSW1,87.50023,7625.17,15,1,1,2
2025-01-01 15:50:00,QLD1,100.74014,6947.38,15,1,1,2
2025-01-01 15:50:00,SA1,-51.83503,323.91,15,1,1,2
2025-01-01 15:50:00,TAS1,-52.54504,982.71,15,1,1,2
2025-01-01 15:50:00,VIC1,-57.9,2732.19,15,1,1,2
2025-01-01 15:55:00,NSW1,89.89364,7757.84,15,1,1,2
2025-01-01 15:55:00,QLD1,103.53006,6851.39,15,1,1,2
2025-01-01 15:55:00,SA1,-57.45595,347.72,15,1,1,2
2025-01-01 15:55:00,TAS1,-53.91,1009.81,15,1,1,2
2025-01-01 15:55:00,VIC1,-63.94,2785.29,15,1,1,2
2025-01-01 16:00:00,NSW1,130.01,7943.78,16,1,1,2
2025-01-01 16:00:00,QLD1,164.5,6977.36,16,1,1,2
2025-01-01 16:00:00,SA1,-51.43556,397.55,16,1,1,2
2025-01-01 16:00:00,TAS1,-53.91,992.15,16,1,1,2
2025-01-01 16:00:00,VIC1,-56.18253,2837.15,16,1,1,2
2025-01-01 16:05:00,NSW1,105.74007,7996.34,16,1,1,2
2025-01-01 16:05:00,QLD1,120.72681,6964.42,16,1,1,2
2025-01-01 16:05:00,SA1,-53.16045,393.12,16,1,1,2
2025-01-01 16:05:00,TAS1,10.08,1016.0,16,1,1,2
2025-01-01 16:05:00,VIC1,-57.9,2913.66,16,1,1,2
2025-01-01 16:10:00,NSW1,92.29079,8114.25,16,1,1,2
2025-01-01 16:10:00,QLD1,103.53,6958.2,16,1,1,2
2025-01-01 16:10:00,SA1,-52.92293,403.5,16,1,1,2
2025-01-01 16:10:00,TAS1,10.08,1007.7,16,1,1,2
2025-01-01 16:10:00,VIC1,-57.9,2998.96,16,1,1,2
2025-01-01 16:15:00,NSW1,130.01,8251.34,16,1,1,2
2025-01-01 16:15:00,QLD1,145.27307,7020.24,16,1,1,2
2025-01-01 16:15:00,SA1,-52.65895,418.74,16,1,1,2
2025-01-01 16:15:00,TAS1,10.08,1010.97,16,1,1,2
2025-01-01 16:15:00,VIC1,-57.9,3155.92,16,1,1,2
2025-01-01 16:20:00,NSW1,91.96282,8288.21,16,1,1,2
2025-01-01 16:20:00,QLD1,103.53004,7060.25,16,1,1,2
2025-01-01 16:20:00,SA1,-41.29889,460.24,16,1,1,2
2025-01-01 16:20:00,TAS1,-44.28091,1024.26,16,1,1,2
2025-01-01 16:20:00,VIC1,-45.05,3264.76,16,1,1,2
2025-01-01 16:25:00,NSW1,91.39267,8289.79,16,1,1,2
2025-01-01 16:25:00,QLD1,103.53,7078.98,16,1,1,2
2025-01-01 16:25:00,SA1,-41.15386,484.46,16,1,1,2
2025-01-01 16:25:00,TAS1,11.08,1044.62,16,1,1,2
2025-01-01 16:25:00,VIC1,-45.05,3366.16,16,1,1,2
2025-01-01 16:30:00,NSW1,100.01,8406.11,16,1,1,2
2025-01-01 16:30:00,QLD1,110.75498,7095.3,16,1,1,2
2025-01-01 16:30:00,SA1,-41.16675,502.84,16,1,1,2
2025-01-01 16:30:00,TAS1,12.08,1041.71,16,1,1,2
2025-01-01 16:30:00,VIC1,-45.05,3423.14,16,1,1,2
2025-01-01 16:35:00,NSW1,152.91942,8529.04,16,1,1,2
2025-01-01 16:35:00,QLD1,164.5,7088.86,16,1,1,2
2025-01-01 16:35:00,SA1,-59.33168,543.6,16,1,1,2
2025-01-01 16:35:00,TAS1,11.04,1059.04,16,1,1,2
2025-01-01 16:35:00,VIC1,-63.94,3491.39,16,1,1,2
2025-01-01 16:40:00,NSW1,104.5,8579.79,16,1,1,2
2025-01-01 16:40:00,QLD1,113.87249,7123.66,16,1,1,2
2025-01-01 16:40:00,SA1,-57.72578,561.39,16,1,1,2
2025-01-01 16:40:00,TAS1,10.08,1055.7,16,1,1,2
2025-01-01 16:40:00,VIC1,-62.51,3639.22,16,1,1,2
2025-01-01 16:45:00,NSW1,129.53022,8708.48,16,1,1,2
2025-01-01 16:45:00,QLD1,139.73002,7164.41,16,1,1,2
2025-01-01 16:45:00,SA1,-53.54134,599.81,16,1,1,2
2025-01-01 16:45:00,TAS1,-53.91,1027.15,16,1,1,2
2025-01-01 16:45:00,VIC1,-57.9,3700.26,16,1,1,2
2025-01-01 16:50:00,NSW1,100.01,8765.98,16,1,1,2
2025-01-01 16:50:00,QLD1,108.68545,7237.18,16,1,1,2
2025-01-01 16:50:00,SA1,-41.9981,638.4,16,1,1,2
2025-01-01 16:50:00,TAS1,-44.00495,1027.05,16,1,1,2
2025-01-01 16:50:00,VIC1,-45.05,3786.24,16,1,1,2
2025-01-01 16:55:00,NSW1,102.02026,8861.1,16,1,1,2
2025-01-01 16:55:00,QLD1,109.64002,7178.99,16,1,1,2
2025-01-01 16:55:00,SA1,-42.01667,668.64,16,1,1,2
2025-01-01 16:55:00,TAS1,11.04,1048.24,16,1,1,2
2025-01-01 16:55:00,VIC1,-45.05,3872.53,16,1,1,2
2025-01-01 17:00:00,NSW1,130.01,8979.48,17,1,1,2
2025-01-01 17:00:00,QLD1,140.05801,7338.52,17,1,1,2
2025-01-01 17:00:00,SA1,-39.2234,716.73,17,1,1,2
2025-01-01 17:00:00,TAS1,11.04,1051.43,17,1,1,2
2025-01-01 17:00:00,VIC1,-41.73,3944.15,17,1,1,2
2025-01-01 17:05:00,NSW1,102.02023,8971.66,17,1,1,2
2025-01-01 17:05:00,QLD1,111.95734,7334.34,17,1,1,2
2025-01-01 17:05:00,SA1,-45.47699,725.72,17,1,1,2
2025-01-01 17:05:00,TAS1,9.08,1037.44,17,1,1,2
2025-01-01 17:05:00,VIC1,-50.08,4014.56,17,1,1,2
2025-01-01 17:10:00,NSW1,99.59,9041.1,17,1,1,2
2025-01-01 17:10:00,QLD1,109.20651,7285.53,17,1,1,2
2025-01-01 17:10:00,SA1,-42.5,763.77,17,1,1,2
2025-01-01 17:10:00,TAS1,11.04,1045.19,17,1,1,2
2025-01-01 17:10:00,VIC1,-45.72856,4069.03,17,1,1,2
2025-01-01 17:15:00,NSW1,92.5744,9043.99,17,1,1,2
2025-01-01 17:15:00,QLD1,103.53,7349.7,17,1,1,2
2025-01-01 17:15:00,SA1,-41.43735,793.44,17,1,1,2
2025-01-01 17:15:00,TAS1,12.08,1051.4,17,1,1,2
2025-01-01 17:15:00,VIC1,-45.05,4185.38,17,1,1,2
2025-01-01 17:20:00,NSW1,100.01,9131.56,17,1,1,2
2025-01-01 17:20:00,QLD1,113.40168,7410.21,17,1,1,2
2025-01-01 17:20:00,SA1,-41.07984,835.23,17,1,1,2
2025-01-01 17:20:00,TAS1,11.04,1043.81,17,1,1,2
2025-01-01 17:20:00,VIC1,-45.05,4238.6,17,1,1,2
2025-01-01 17:25:00,NSW1,107.3203,9184.81,17,1,1,2
2025-01-01 17:25:00,QLD1,200.0,7505.07,17,1,1,2
2025-01-01 17:25:00,SA1,-37.96559,873.67,17,1,1,2
2025-01-01 17:25:00,TAS1,10.04,1043.74,17,1,1,2
2025-01-01 17:25:00,VIC1,-41.73,4296.15,17,1,1,2
2025-01-01 17:30:00,NSW1,106.42461,9231.16,17,1,1,2
2025-01-01 17:30:00,QLD1,190.3,7535.68,17,1,1,2
2025-01-01 17:30:00,SA1,-38.30242,907.08,17,1,1,2
2025-01-01 17:30:00,TAS1,9.08,1043.91,17,1,1,2
2025-01-01 17:30:00,VIC1,-41.73,4303.88,17,1,1,2
2025-01-01 17:35:00,NSW1,86.57922,9198.18,17,1,1,2
2025-01-01 17:35:00,QLD1,178.95,7582.52,17,1,1,2
2025-01-01 17:35:00,SA1,-40.5033,934.1,17,1,1,2
2025-01-01 17:35:00,TAS1,-37.43091,1051.01,17,1,1,2
2025-01-01 17:35:00,VIC1,-45.05,4374.48,17,1,1,2
2025-01-01 17:40:00,NSW1,104.45013,9321.31,17,1,1,2
2025-01-01 17:40:00,QLD1,164.5,7583.11,17,1,1,2
2025-01-01 17:40:00,SA1,-40.39207,965.26,17,1,1,2
2025-01-01 17:40:00,TAS1,-44.0802,1058.23,17,1,1,2
2025-01-01 17:40:00,VIC1,-45.05,4235.26,17,1,1,2
2025-01-01 17:45:00,NSW1,95.71487,9334.9,17,1,1,2
2025-01-01 17:45:00,QLD1,164.5,7624.73,17,1,1,2
2025-01-01 17:45:00,SA1,-33.80412,1003.72,17,1,1,2
2025-01-01 17:45:00,TAS1,-36.56763,1066.83,17,1,1,2
2025-01-01 17:45:00,VIC1,-38.31,4276.62,17,1,1,2
2025-01-01 17:50:00,NSW1,132.63669,9362.21,17,1,1,2
2025-01-01 17:50:00,QLD1,177.73,7677.04,17,1,1,2
2025-01-01 17:50:00,SA1,-33.0,1042.1,17,1,1,2
2025-01-01 17:50:00,TAS1,11.04,1079.15,17,1,1,2
2025-01-01 17:50:00,VIC1,-37.18197,4290.82,17,1,1,2
2025-01-01 17:55:00,NSW1,104.58728,9317.54,17,1,1,2
2025-01-01 17:55:00,QLD1,165.5,7651.02,17,1,1,2
2025-01-01 17:55:00,SA1,-32.25,1080.24,17,1,1,2
2025-01-01 17:55:00,TAS1,11.08,1073.21,17,1,1,2
2025-01-01 17:55:00,VIC1,-34.93,4278.22,17,1,1,2
2025-01-01 18:00:00,NSW1,121.2356,9401.56,18,1,1,2
2025-01-01 18:00:00,QLD1,200.15,7661.66,18,1,1,2
2025-01-01 18:00:00,SA1,-32.25,1134.01,18,1,1,2
2025-01-01 18:00:00,TAS1,12.08,1080.22,18,1,1,2
2025-01-01 18:00:00,VIC1,-34.67,4305.47,18,1,1,2
2025-01-01 18:05:00,NSW1,82.57258,9357.98,18,1,1,2
2025-01-01 18:05:00,QLD1,214.48,7719.28,18,1,1,2
2025-01-01 18:05:00,SA1,-33.0,1169.61,18,1,1,2
2025-01-01 18:05:00,TAS1,11.04,1085.98,18,1,1,2
2025-01-01 18:05:00,VIC1,-21.0,4307.53,18,1,1,2
2025-01-01 18:10:00,NSW1,130.9107,9407.76,18,1,1,2
2025-01-01 18:10:00,QLD1,177.73,7626.14,18,1,1,2
2025-01-01 18:10:00,SA1,-32.49997,1210.95,18,1,1,2
2025-01-01 18:10:00,TAS1,11.04,1089.06,18,1,1,2
2025-01-01 18:10:00,VIC1,-19.99,4276.31,18,1,1,2
2025-01-01 18:15:00,NSW1,111.9474,9348.12,18,1,1,2
2025-01-01 18:15:00,QLD1,178.95,7672.45,18,1,1,2
2025-01-01 18:15:00,SA1,-32.01,1225.05,18,1,1,2
2025-01-01 18:15:00,TAS1,13.89412,1083.75,18,1,1,2
2025-01-01 18:15:00,VIC1,8.95,4302.3,18,1,1,2
2025-01-01 18:20:00,NSW1,128.73918,9403.28,18,1,1,2
2025-01-01 18:20:00,QLD1,248.71,7718.84,18,1,1,2
2025-01-01 18:20:00,SA1,-31.95,1243.7,18,1,1,2
2025-01-01 18:20:00,TAS1,12.40097,1086.35,18,1,1,2
2025-01-01 18:20:00,VIC1,7.92017,4267.5,18,1,1,2
2025-01-01 18:25:00,NSW1,135.98393,9404.54,18,1,1,2
2025-01-01 18:25:00,QLD1,214.48,7675.06,18,1,1,2
2025-01-01 18:25:00,SA1,-29.99,1300.42,18,1,1,2
2025-01-01 18:25:00,TAS1,13.30412,1100.09,18,1,1,2
2025-01-01 18:25:00,VIC1,8.95,4256.09,18,1,1,2
2025-01-01 18:30:00,NSW1,163.16798,9434.59,18,1,1,2
2025-01-01 18:30:00,QLD1,214.48,7709.75,18,1,1,2
2025-01-01 18:30:00,SA1,-22.47565,1339.94,18,1,1,2
2025-01-01 18:30:00,TAS1,12.09,1092.81,18,1,1,2
2025-01-01 18:30:00,VIC1,8.59017,4247.29,18,1,1,2
2025-01-01 18:35:00,NSW1,123.44146,9395.06,18,1,1,2
2025-01-01 18:35:00,QLD1,214.48,7686.43,18,1,1,2
2025-01-01 18:35:00,SA1,-33.0,1335.85,18,1,1,2
2025-01-01 18:35:00,TAS1,11.04968,1104.02,18,1,1,2
2025-01-01 18:35:00,VIC1,-19.99,4204.03,18,1,1,2
2025-01-01 18:40:00,NSW1,192.26955,9394.81,18,1,1,2
2025-01-01 18:40:00,QLD1,214.48,7710.93,18,1,1,2
2025-01-01 18:40:00,SA1,-33.0,1350.1,18,1,1,2
2025-01-01 18:40:00,TAS1,10.64021,1083.85,18,1,1,2
2025-01-01 18:40:00,VIC1,0.00019,4211.12,18,1,1,2
2025-01-01 18:45:00,NSW1,211.36302,9371.77,18,1,1,2
2025-01-01 18:45:00,QLD1,349.75,7749.89,18,1,1,2
2025-01-01 18:45:00,SA1,-33.0,1388.52,18,1,1,2
2025-01-01 18:45:00,TAS1,10.08,1073.33,18,1,1,2
2025-01-01 18:45:00,VIC1,-19.99,4262.22,18,1,1,2
2025-01-01 18:50:00,NSW1,144.95183,9323.06,18,1,1,2
2025-01-01 18:50:00,QLD1,290.31,7701.33,18,1,1,2
2025-01-01 18:50:00,SA1,-20.1,1413.92,18,1,1,2
2025-01-01 18:50:00,TAS1,11.04999,1068.22,18,1,1,2
2025-01-01 18:50:00,VIC1,8.95,4273.67,18,1,1,2
2025-01-01 18:55:00,NSW1,192.25675,9285.02,18,1,1,2
2025-01-01 18:55:00,QLD1,210.23707,7645.4,18,1,1,2
2025-01-01 18:55:00,SA1,-19.97,1421.86,18,1,1,2
2025-01-01 18:55:00,TAS1,40.26,1078.29,18,1,1,2
2025-01-01 18:55:00,VIC1,8.95,4309.22,18,1,1,2
2025-01-01 19:00:00,NSW1,160.1578,9243.13,19,1,1,2
2025-01-01 19:00:00,QLD1,178.95,7724.39,19,1,1,2
2025-01-01 19:00:00,SA1,8.08756,1433.97,19,1,1,2
2025-01-01 19:00:00,TAS1,40.26,1086.17,19,1,1,2
2025-01-01 19:00:00,VIC1,9.0,4333.89,19,1,1,2
2025-01-01 19:05:00,NSW1,163.15973,9194.47,19,1,1,2
2025-01-01 19:05:00,QLD1,215.86,7808.79,19,1,1,2
2025-01-01 19:05:00,SA1,-0.79276,1448.12,19,1,1,2
2025-01-01 19:05:00,TAS1,82.28,1083.45,19,1,1,2
2025-01-01 19:05:00,VIC1,8.95,4364.25,19,1,1,2
2025-01-01 19:10:00,NSW1,141.84109,9150.63,19,1,1,2
2025-01-01 19:10:00,QLD1,221.1,7774.75,19,1,1,2
2025-01-01 19:10:00,SA1,8.23332,1482.56,19,1,1,2
2025-01-01 19:10:00,TAS1,82.28,1104.47,19,1,1,2
2025-01-01 19:10:00,VIC1,8.95026,4336.12,19,1,1,2
2025-01-01 19:15:00,NSW1,134.83903,9142.28,19,1,1,2
2025-01-01 19:15:00,QLD1,200.84,7783.38,19,1,1,2
2025-01-01 19:15:00,SA1,8.46511,1485.23,19,1,1,2
2025-01-01 19:15:00,TAS1,81.28,1095.51,19,1,1,2
2025-01-01 19:15:00,VIC1,8.95026,4349.05,19,1,1,2
2025-01-01 19:20:00,NSW1,89.71986,8980.71,19,1,1,2
2025-01-01 19:20:00,QLD1,177.73,7739.56,19,1,1,2
2025-01-01 19:20:00,SA1,17.37579,1491.81,19,1,1,2
2025-01-01 19:20:00,TAS1,79.28,1091.56,19,1,1,2
2025-01-01 19:20:00,VIC1,17.99,4376.79,19,1,1,2
2025-01-01 19:25:00,NSW1,97.74426,9042.66,19,1,1,2
2025-01-01 19:25:00,QLD1,164.5,7632.65,19,1,1,2
2025-01-01 19:25:00,SA1,17.9242,1499.84,19,1,1,2
2025-01-01 19:25:00,TAS1,81.28,1098.59,19,1,1,2
2025-01-01 19:25:00,VIC1,17.99,4435.36,19,1,1,2
2025-01-01 19:30:00,NSW1,83.05909,9026.93,19,1,1,2
2025-01-01 19:30:00,QLD1,152.97181,7630.74,19,1,1,2
2025-01-01 19:30:00,SA1,18.0558,1509.14,19,1,1,2
2025-01-01 19:30:00,TAS1,81.28,1082.63,19,1,1,2
2025-01-01 19:30:00,VIC1,17.99,4447.42,19,1,1,2
2025-01-01 19:35:00,NSW1,81.39856,8968.32,19,1,1,2
2025-01-01 19:35:00,QLD1,178.95,7680.59,19,1,1,2
2025-01-01 19:35:00,SA1,-20.1,1518.36,19,1,1,2
2025-01-01 19:35:00,TAS1,82.28,1084.78,19,1,1,2
2025-01-01 19:35:00,VIC1,45.8,4463.43,19,1,1,2
2025-01-01 19:40:00,NSW1,90.02697,8997.13,19,1,1,2
2025-01-01 19:40:00,QLD1,177.73,7611.48,19,1,1,2
2025-01-01 19:40:00,SA1,-20.1,1498.36,19,1,1,2
2025-01-01 19:40:00,TAS1,82.28,1084.11,19,1,1,2
2025-01-01 19:40:00,VIC1,45.8,4468.88,19,1,1,2
2025-01-01 19:45:00,NSW1,81.71173,8984.56,19,1,1,2
2025-01-01 19:45:00,QLD1,177.95335,7611.14,19,1,1,2
2025-01-01 19:45:00,SA1,17.90569,1484.66,19,1,1,2
2025-01-01 19:45:00,TAS1,82.28,1089.58,19,1,1,2
2025-01-01 19:45:00,VIC1,17.99,4474.19,19,1,1,2
2025-01-01 19:50:00,NSW1,110.9662,8977.24,19,1,1,2
2025-01-01 19:50:00,QLD1,134.94,7540.88,19,1,1,2
2025-01-01 19:50:00,SA1,45.80324,1504.5,19,1,1,2
2025-01-01 19:50:00,TAS1,82.28995,1080.31,19,1,1,2
2025-01-01 19:50:00,VIC1,45.8,4444.46,19,1,1,2
2025-01-01 19:55:00,NSW1,90.42215,8962.45,19,1,1,2
2025-01-01 19:55:00,QLD1,164.5,7488.16,19,1,1,2
2025-01-01 19:55:00,SA1,34.22949,1512.56,19,1,1,2
2025-01-01 19:55:00,TAS1,82.28,1073.41,19,1,1,2
2025-01-01 19:55:00,VIC1,45.8,4436.75,19,1,1,2
2025-01-01 20:00:00,NSW1,75.10408,8907.48,20,1,1,2
2025-01-01 20:00:00,QLD1,164.5,7521.36,20,1,1,2
2025-01-01 20:00:00,SA1,0.0,1494.77,20,1,1,2
2025-01-01 20:00:00,TAS1,84.8877,1087.76,20,1,1,2
2025-01-01 20:00:00,VIC1,41.91677,4447.18,20,1,1,2
2025-01-01 20:05:00,NSW1,107.69596,8873.12,20,1,1,2
2025-01-01 20:05:00,QLD1,139.73002,7478.04,20,1,1,2
2025-01-01 20:05:00,SA1,44.67105,1487.32,20,1,1,2
2025-01-01 20:05:00,TAS1,84.8877,1069.74,20,1,1,2
2025-01-01 20:05:00,VIC1,21.98199,4488.6,20,1,1,2
2025-01-01 20:10:00,NSW1,95.84057,8825.4,20,1,1,2
2025-01-01 20:10:00,QLD1,139.73002,7435.26,20,1,1,2
2025-01-01 20:10:00,SA1,34.56899,1485.54,20,1,1,2
2025-01-01 20:10:00,TAS1,84.8877,1075.86,20,1,1,2
2025-01-01 20:10:00,VIC1,12.0,4457.92,20,1,1,2
2025-01-01 20:15:00,NSW1,81.27266,8772.73,20,1,1,2
2025-01-01 20:15:00,QLD1,134.94,7403.03,20,1,1,2
2025-01-01 20:15:00,SA1,29.81514,1473.18,20,1,1,2
2025-01-01 20:15:00,TAS1,84.8977,1074.45,20,1,1,2
2025-01-01 20:15:00,VIC1,12.0,4445.12,20,1,1,2
2025-01-01 20:20:00,NSW1,77.87093,8730.7,20,1,1,2
2025-01-01 20:20:00,QLD1,134.94,7354.75,20,1,1,2
2025-01-01 20:20:00,SA1,45.34618,1460.33,20,1,1,2
2025-01-01 20:20:00,TAS1,84.8977,1072.09,20,1,1,2
2025-01-01 20:20:00,VIC1,38.78851,4449.76,20,1,1,2
2025-01-01 20:25:00,NSW1,83.02774,8720.87,20,1,1,2
2025-01-01 20:25:00,QLD1,134.94,7334.79,20,1,1,2
2025-01-01 20:25:00,SA1,61.62453,1472.4,20,1,1,2
2025-01-01 20:25:00,TAS1,90.08,1077.62,20,1,1,2
2025-01-01 20:25:00,VIC1,61.92042,4445.92,20,1,1,2
2025-01-01 20:30:00,NSW1,77.90986,8671.27,20,1,1,2
2025-01-01 20:30:00,QLD1,134.94,7376.96,20,1,1,2
2025-01-01 20:30:00,SA1,45.36128,1457.77,20,1,1,2
2025-01-01 20:30:00,TAS1,90.26,1073.93,20,1,1,2
2025-01-01 20:30:00,VIC1,38.50662,4424.3,20,1,1,2
2025-01-01 20:35:00,NSW1,71.38949,8636.44,20,1,1,2
2025-01-01 20:35:00,QLD1,139.73002,7258.37,20,1,1,2
2025-01-01 20:35:00,SA1,46.91152,1444.39,20,1,1,2
2025-01-01 20:35:00,TAS1,90.08,1070.58,20,1,1,2
2025-01-01 20:35:00,VIC1,47.19,4431.45,20,1,1,2
2025-01-01 20:40:00,NSW1,75.13346,8604.23,20,1,1,2
2025-01-01 20:40:00,QLD1,164.5,7258.5,20,1,1,2
2025-01-01 20:40:00,SA1,46.42945,1476.0,20,1,1,2
2025-01-01 20:40:00,TAS1,84.8877,1048.75,20,1,1,2
2025-01-01 20:40:00,VIC1,43.25921,4398.26,20,1,1,2
2025-01-01 20:45:00,NSW1,78.8211,8562.86,20,1,1,2
2025-01-01 20:45:00,QLD1,139.73002,7253.77,20,1,1,2
2025-01-01 20:45:00,SA1,46.57919,1457.77,20,1,1,2
2025-01-01 20:45:00,TAS1,90.08,1070.98,20,1,1,2
2025-01-01 20:45:00,VIC1,40.0023,4398.99,20,1,1,2
2025-01-01 20:50:00,NSW1,66.99516,8473.51,20,1,1,2
2025-01-01 20:50:00,QLD1,139.73002,7246.74,20,1,1,2
2025-01-01 20:50:00,SA1,46.95919,1461.12,20,1,1,2
2025-01-01 20:50:00,TAS1,90.08,1063.94,20,1,1,2
2025-01-01 20:50:00,VIC1,46.51,4391.72,20,1,1,2
2025-01-01 20:55:00,NSW1,68.45819,8394.08,20,1,1,2
2025-01-01 20:55:00,QLD1,103.53,7184.91,20,1,1,2
2025-01-01 20:55:00,SA1,45.22,1457.93,20,1,1,2
2025-01-01 20:55:00,TAS1,84.8877,1063.71,20,1,1,2
2025-01-01 20:55:00,VIC1,40.30164,4366.84,20,1,1,2
2025-01-01 21:00:00,NSW1,68.69746,8426.94,21,1,1,2
2025-01-01 21:00:00,QLD1,104.8702,7172.86,21,1,1,2
2025-01-01 21:00:00,SA1,45.22,1455.36,21,1,1,2
2025-01-01 21:00:00,TAS1,84.8877,1062.35,21,1,1,2
2025-01-01 21:00:00,VIC1,40.18878,4351.22,21,1,1,2
2025-01-01 21:05:00,NSW1,99.65506,8290.2,21,1,1,2
2025-01-01 21:05:00,QLD1,109.73002,7099.43,21,1,1,2
2025-01-01 21:05:00,SA1,47.66534,1453.38,21,1,1,2
2025-01-01 21:05:00,TAS1,84.8877,1057.45,21,1,1,2
2025-01-01 21:05:00,VIC1,26.18372,4307.08,21,1,1,2
2025-01-01 21:10:00,NSW1,102.3238,8379.19,21,1,1,2
2025-01-01 21:10:00,QLD1,112.75,7137.68,21,1,1,2
2025-01-01 21:10:00,SA1,81.22579,1458.11,21,1,1,2
2025-01-01 21:10:00,TAS1,90.08,1060.97,21,1,1,2
2025-01-01 21:10:00,VIC1,78.13211,4308.47,21,1,1,2
2025-01-01 21:15:00,NSW1,100.98437,8367.08,21,1,1,2
2025-01-01 21:15:00,QLD1,112.75,7173.14,21,1,1,2
2025-01-01 21:15:00,SA1,46.14751,1421.19,21,1,1,2
2025-01-01 21:15:00,TAS1,84.8877,1052.62,21,1,1,2
2025-01-01 21:15:00,VIC1,23.72811,4294.1,21,1,1,2
2025-01-01 21:20:00,NSW1,87.67519,8320.93,21,1,1,2
2025-01-01 21:20:00,QLD1,112.75,7159.94,21,1,1,2
2025-01-01 21:20:00,SA1,46.78813,1419.39,21,1,1,2
2025-01-01 21:20:00,TAS1,84.8877,1062.24,21,1,1,2
2025-01-01 21:20:00,VIC1,32.34565,4305.73,21,1,1,2
2025-01-01 21:25:00,NSW1,84.81133,8227.82,21,1,1,2
2025-01-01 21:25:00,QLD1,103.53,7119.18,21,1,1,2
2025-01-01 21:25:00,SA1,47.09735,1426.16,21,1,1,2
2025-01-01 21:25:00,TAS1,84.8877,1066.83,21,1,1,2
2025-01-01 21:25:00,VIC1,33.00376,4245.43,21,1,1,2
2025-01-01 21:30:00,NSW1,69.09511,8214.96,21,1,1,2
2025-01-01 21:30:00,QLD1,99.95,7060.37,21,1,1,2
2025-01-01 21:30:00,SA1,52.7529,1412.74,21,1,1,2
2025-01-01 21:30:00,TAS1,84.8877,1058.24,21,1,1,2
2025-01-01 21:30:00,VIC1,51.57605,4248.03,21,1,1,2
2025-01-01 21:35:00,NSW1,85.18656,8220.4,21,1,1,2
2025-01-01 21:35:00,QLD1,103.53,6990.63,21,1,1,2
2025-01-01 21:35:00,SA1,68.39548,1399.06,21,1,1,2
2025-01-01 21:35:00,TAS1,84.8877,1053.63,21,1,1,2
2025-01-01 21:35:00,VIC1,68.03511,4236.97,21,1,1,2
2025-01-01 21:40:00,NSW1,100.74309,8186.85,21,1,1,2
2025-01-01 21:40:00,QLD1,112.75,7045.12,21,1,1,2
2025-01-01 21:40:00,SA1,83.75689,1424.97,21,1,1,2
2025-01-01 21:40:00,TAS1,89.42104,1040.55,21,1,1,2
2025-01-01 21:40:00,VIC1,82.73748,4236.25,21,1,1,2
2025-01-01 21:45:00,NSW1,83.94269,8201.73,21,1,1,2
2025-01-01 21:45:00,QLD1,99.95,6954.16,21,1,1,2
2025-01-01 21:45:00,SA1,66.78685,1376.04,21,1,1,2
2025-01-01 21:45:00,TAS1,84.8877,1040.29,21,1,1,2
2025-01-01 21:45:00,VIC1,67.16958,4189.13,21,1,1,2
2025-01-01 21:50:00,NSW1,81.69646,8212.35,21,1,1,2
2025-01-01 21:50:00,QLD1,99.75,6921.68,21,1,1,2
2025-01-01 21:50:00,SA1,65.24487,1376.46,21,1,1,2
2025-01-01 21:50:00,TAS1,84.8877,1040.27,21,1,1,2
2025-01-01 21:50:00,VIC1,65.15331,4164.76,21,1,1,2
2025-01-01 21:55:00,NSW1,67.06133,8142.63,21,1,1,2
2025-01-01 21:55:00,QLD1,112.75,6988.13,21,1,1,2
2025-01-01 21:55:00,SA1,51.1548,1389.11,21,1,1,2
2025-01-01 21:55:00,TAS1,84.8877,1031.44,21,1,1,2
2025-01-01 21:55:00,VIC1,50.85297,4138.55,21,1,1,2
2025-01-01 22:00:00,NSW1,67.45649,8041.51,22,1,1,2
2025-01-01 22:00:00,QLD1,103.53,6976.62,22,1,1,2
2025-01-01 22:00:00,SA1,52.18207,1385.38,22,1,1,2
2025-01-01 22:00:00,TAS1,84.8877,1034.51,22,1,1,2
2025-01-01 22:00:00,VIC1,52.04794,4116.21,22,1,1,2
2025-01-01 22:05:00,NSW1,64.9083,7947.35,22,1,1,2
2025-01-01 22:05:00,QLD1,133.5,6846.73,22,1,1,2
2025-01-01 22:05:00,SA1,45.22,1397.94,22,1,1,2
2025-01-01 22:05:00,TAS1,82.28,1007.4,22,1,1,2
2025-01-01 22:05:00,VIC1,42.67696,4050.02,22,1,1,2
2025-01-01 22:10:00,NSW1,1509.99663,7935.24,22,1,1,2
2025-01-01 22:10:00,QLD1,16220.18,6778.59,22,1,1,2
2025-01-01 22:10:00,SA1,9e-05,1409.17,22,1,1,2
2025-01-01 22:10:00,TAS1,82.28,1024.26,22,1,1,2
2025-01-01 22:10:00,VIC1,9e-05,4063.42,22,1,1,2
2025-01-01 22:15:00,NSW1,78.71932,7937.22,22,1,1,2
2025-01-01 22:15:00,QLD1,300.0,6638.74,22,1,1,2
2025-01-01 22:15:00,SA1,45.22,1375.27,22,1,1,2
2025-01-01 22:15:00,TAS1,82.28,1020.71,22,1,1,2
2025-01-01 22:15:00,VIC1,44.90148,4025.06,22,1,1,2
2025-01-01 22:20:00,NSW1,120.11619,7878.35,22,1,1,2
2025-01-01 22:20:00,QLD1,300.0,6596.94,22,1,1,2
2025-01-01 22:20:00,SA1,82.29133,1363.03,22,1,1,2
2025-01-01 22:20:00,TAS1,88.14779,1012.83,22,1,1,2
2025-01-01 22:20:00,VIC1,82.09958,4091.87,22,1,1,2
2025-01-01 22:25:00,NSW1,115.9662,7811.76,22,1,1,2
2025-01-01 22:25:00,QLD1,349.75,6618.53,22,1,1,2
2025-01-01 22:25:00,SA1,75.12695,1344.78,22,1,1,2
2025-01-01 22:25:00,TAS1,82.28,1017.56,22,1,1,2
2025-01-01 22:25:00,VIC1,74.73253,4026.01,22,1,1,2
2025-01-01 22:30:00,NSW1,113.32197,7790.44,22,1,1,2
2025-01-01 22:30:00,QLD1,349.75,6558.96,22,1,1,2
2025-01-01 22:30:00,SA1,73.01488,1348.68,22,1,1,2
2025-01-01 22:30:00,TAS1,82.28,1004.54,22,1,1,2
2025-01-01 22:30:00,VIC1,72.34903,4020.3,22,1,1,2
2025-01-01 22:35:00,NSW1,93.13915,7744.65,22,1,1,2
2025-01-01 22:35:00,QLD1,151.20183,6469.65,22,1,1,2
2025-01-01 22:35:00,SA1,72.96827,1355.43,22,1,1,2
2025-01-01 22:35:00,TAS1,82.28,1007.56,22,1,1,2
2025-01-01 22:35:00,VIC1,72.5278,4029.01,22,1,1,2
2025-01-01 22:40:00,NSW1,106.35705,7770.52,22,1,1,2
2025-01-01 22:40:00,QLD1,259.53308,6530.32,22,1,1,2
2025-01-01 22:40:00,SA1,74.0685,1337.93,22,1,1,2
2025-01-01 22:40:00,TAS1,82.28,998.22,22,1,1,2
2025-01-01 22:40:00,VIC1,73.94421,4016.46,22,1,1,2
2025-01-01 22:45:00,NSW1,79.10594,7728.9,22,1,1,2
2025-01-01 22:45:00,QLD1,133.5,6398.09,22,1,1,2
2025-01-01 22:45:00,SA1,61.32889,1330.12,22,1,1,2
2025-01-01 22:45:00,TAS1,90.28,997.98,22,1,1,2
2025-01-01 22:45:00,VIC1,61.0425,3981.35,22,1,1,2
2025-01-01 22:50:00,NSW1,90.99044,7725.4,22,1,1,2
2025-01-01 22:50:00,QLD1,156.81574,6369.14,22,1,1,2
2025-01-01 22:50:00,SA1,70.91782,1334.91,22,1,1,2
2025-01-01 22:50:00,TAS1,90.28,1000.08,22,1,1,2
2025-01-01 22:50:00,VIC1,70.55607,4007.93,22,1,1,2
2025-01-01 22:55:00,NSW1,86.41003,7679.16,22,1,1,2
2025-01-01 22:55:00,QLD1,178.95,6418.9,22,1,1,2
2025-01-01 22:55:00,SA1,65.5495,1334.34,22,1,1,2
2025-01-01 22:55:00,TAS1,90.28,995.64,22,1,1,2
2025-01-01 22:55:00,VIC1,65.23237,4013.91,22,1,1,2
2025-01-01 23:00:00,NSW1,71.47822,7608.61,23,1,1,2
2025-01-01 23:00:00,QLD1,164.5,6405.76,23,1,1,2
2025-01-01 23:00:00,SA1,53.78866,1320.42,23,1,1,2
2025-01-01 23:00:00,TAS1,90.28,977.44,23,1,1,2
2025-01-01 23:00:00,VIC1,53.55746,3982.63,23,1,1,2
2025-01-01 23:05:00,NSW1,93.54852,7542.97,23,1,1,2
2025-01-01 23:05:00,QLD1,133.5,6341.6,23,1,1,2
2025-01-01 23:05:00,SA1,75.34764,1335.19,23,1,1,2
2025-01-01 23:05:00,TAS1,90.28,972.15,23,1,1,2
2025-01-01 23:05:00,VIC1,75.0,4019.06,23,1,1,2
2025-01-01 23:10:00,NSW1,143.93017,7554.38,23,1,1,2
2025-01-01 23:10:00,QLD1,349.75,6465.88,23,1,1,2
2025-01-01 23:10:00,SA1,99.23282,1349.89,23,1,1,2
2025-01-01 23:10:00,TAS1,106.76273,993.97,23,1,1,2
2025-01-01 23:10:00,VIC1,99.0,4104.54,23,1,1,2
2025-01-01 23:15:00,NSW1,99.67988,7468.52,23,1,1,2
2025-01-01 23:15:00,QLD1,133.5,6306.38,23,1,1,2
2025-01-01 23:15:00,SA1,80.14907,1296.18,23,1,1,2
2025-01-01 23:15:00,TAS1,90.28,976.95,23,1,1,2
2025-01-01 23:15:00,VIC1,80.42527,4130.38,23,1,1,2
2025-01-01 23:20:00,NSW1,98.23474,7454.41,23,1,1,2
2025-01-01 23:20:00,QLD1,164.5,6355.97,23,1,1,2
2025-01-01 23:20:00,SA1,77.38722,1298.25,23,1,1,2
2025-01-01 23:20:00,TAS1,90.28,977.8,23,1,1,2
2025-01-01 23:20:00,VIC1,77.08729,4123.04,23,1,1,2
2025-01-01 23:25:00,NSW1,102.70612,7420.66,23,1,1,2
2025-01-01 23:25:00,QLD1,200.0,6397.98,23,1,1,2
2025-01-01 23:25:00,SA1,81.224,1307.24,23,1,1,2
2025-01-01 23:25:00,TAS1,90.28,964.03,23,1,1,2
2025-01-01 23:25:00,VIC1,80.61333,4143.24,23,1,1,2
2025-01-01 23:30:00,NSW1,93.92473,7374.77,23,1,1,2
2025-01-01 23:30:00,QLD1,178.95,6363.52,23,1,1,2
2025-01-01 23:30:00,SA1,77.06539,1319.1,23,1,1,2
2025-01-01 23:30:00,TAS1,90.28,981.87,23,1,1,2
2025-01-01 23:30:00,VIC1,76.42828,4146.15,23,1,1,2
2025-01-01 23:35:00,NSW1,86.04344,7289.06,23,1,1,2
2025-01-01 23:35:00,QLD1,349.75,6244.89,23,1,1,2
2025-01-01 23:35:00,SA1,75.59627,1363.09,23,1,1,2
2025-01-01 23:35:00,TAS1,90.28,963.19,23,1,1,2
2025-01-01 23:35:00,VIC1,74.23653,4139.88,23,1,1,2
2025-01-01 23:40:00,NSW1,93.92461,7367.1,23,1,1,2
2025-01-01 23:40:00,QLD1,300.0,6244.8,23,1,1,2
2025-01-01 23:40:00,SA1,79.01345,1387.82,23,1,1,2
2025-01-01 23:40:00,TAS1,90.28,979.6,23,1,1,2
2025-01-01 23:40:00,VIC1,77.44848,4121.0,23,1,1,2
2025-01-01 23:45:00,NSW1,83.39631,7316.42,23,1,1,2
2025-01-01 23:45:00,QLD1,365.95004,6370.3,23,1,1,2
2025-01-01 23:45:00,SA1,70.73233,1372.71,23,1,1,2
2025-01-01 23:45:00,TAS1,90.28,968.14,23,1,1,2
2025-01-01 23:45:00,VIC1,69.35655,4071.11,23,1,1,2
2025-01-01 23:50:00,NSW1,93.80523,7276.17,23,1,1,2
2025-01-01 23:50:00,QLD1,349.75,6243.23,23,1,1,2
2025-01-01 23:50:00,SA1,78.21833,1374.74,23,1,1,2
2025-01-01 23:50:00,TAS1,90.28,974.31,23,1,1,2
2025-01-01 23:50:00,VIC1,76.67199,4061.42,23,1,1,2
2025-01-01 23:55:00,NSW1,93.13915,7293.77,23,1,1,2
2025-01-01 23:55:00,QLD1,178.95,6178.79,23,1,1,2
2025-01-01 23:55:00,SA1,76.44836,1372.6,23,1,1,2
2025-01-01 23:55:00,TAS1,90.28,972.19,23,1,1,2
2025-01-01 23:55:00,VIC1,75.16986,4037.91,23,1,1,2
2025-01-02 00:00:00,NSW1,88.79356,7280.1,0,2,1,3
2025-01-02 00:00:00,QLD1,122.95,6174.99,0,2,1,3
2025-01-02 00:00:00,SA1,74.75133,1365.05,0,2,1,3
2025-01-02 00:00:00,TAS1,90.28,975.54,0,2,1,3
2025-01-02 00:00:00,VIC1,73.50866,4019.93,0,2,1,3
2025-01-02 00:05:00,NSW1,90.34176,7191.92,0,2,1,3
2025-01-02 00:05:00,QLD1,349.75,6279.4,0,2,1,3
2025-01-02 00:05:00,SA1,76.32779,1375.44,0,2,1,3
2025-01-02 00:05:00,TAS1,90.28,975.17,0,2,1,3
2025-01-02 00:05:00,VIC1,75.0,4018.97,0,2,1,3
2025-01-02 00:10:00,NSW1,93.13915,7260.01,0,2,1,3
2025-01-02 00:10:00,QLD1,151.5687,6195.48,0,2,1,3
2025-01-02 00:10:00,SA1,76.08292,1369.62,0,2,1,3
2025-01-02 00:10:00,TAS1,90.28,964.4,0,2,1,3
2025-01-02 00:10:00,VIC1,75.0,3992.49,0,2,1,3
2025-01-02 00:15:00,NSW1,82.99002,7138.31,0,2,1,3
2025-01-02 00:15:00,QLD1,139.73002,6138.3,0,2,1,3
2025-01-02 00:15:00,SA1,71.74172,1373.07,0,2,1,3
2025-01-02 00:15:00,TAS1,90.28,963.55,0,2,1,3
2025-01-02 00:15:00,VIC1,70.43998,3954.18,0,2,1,3
2025-01-02 00:20:00,NSW1,83.92009,7101.49,0,2,1,3
2025-01-02 00:20:00,QLD1,112.75,6144.12,0,2,1,3
2025-01-02 00:20:00,SA1,70.58946,1376.08,0,2,1,3
2025-01-02 00:20:00,TAS1,90.28,984.17,0,2,1,3
2025-01-02 00:20:00,VIC1,69.46232,3917.8,0,2,1,3
2025-01-02 00:25:00,NSW1,85.89008,7052.08,0,2,1,3
2025-01-02 00:25:00,QLD1,103.53,6071.73,0,2,1,3
2025-01-02 00:25:00,SA1,73.81719,1388.43,0,2,1,3
2025-01-02 00:25:00,TAS1,90.28,976.12,0,2,1,3
2025-01-02 00:25:00,VIC1,72.57254,3911.13,0,2,1,3
2025-01-02 00:30:00,NSW1,76.00048,7051.85,0,2,1,3
2025-01-02 00:30:00,QLD1,103.53,6118.49,0,2,1,3
2025-01-02 00:30:00,SA1,64.57887,1370.69,0,2,1,3
2025-01-02 00:30:00,TAS1,90.28,978.01,0,2,1,3
2025-01-02 00:30:00,VIC1,63.98943,3897.31,0,2,1,3
2025-01-02 00:35:00,NSW1,76.00054,6913.44,0,2,1,3
2025-01-02 00:35:00,QLD1,99.75,6050.41,0,2,1,3
2025-01-02 00:35:00,SA1,64.68161,1377.18,0,2,1,3
2025-01-02 00:35:00,TAS1,90.28,966.55,0,2,1,3
2025-01-02 00:35:00,VIC1,64.03294,3837.75,0,2,1,3
2025-01-02 00:40:00,NSW1,82.98951,6956.15,0,2,1,3
2025-01-02 00:40:00,QLD1,99.95,6074.06,0,2,1,3
2025-01-02 00:40:00,SA1,71.60451,1391.3,0,2,1,3
2025-01-02 00:40:00,TAS1,90.28,971.27,0,2,1,3
2025-01-02 00:40:00,VIC1,70.56118,3840.42,0,2,1,3
2025-01-02 00:45:00,NSW1,75.99976,6854.92,0,2,1,3
2025-01-02 00:45:00,QLD1,103.52996,6054.79,0,2,1,3
2025-01-02 00:45:00,SA1,65.60336,1390.71,0,2,1,3
2025-01-02 00:45:00,TAS1,90.28,966.03,0,2,1,3
2025-01-02 00:45:00,VIC1,64.62505,3813.63,0,2,1,3
2025-01-02 00:50:00,NSW1,76.00054,6833.35,0,2,1,3
2025-01-02 00:50:00,QLD1,99.75,6058.62,0,2,1,3
2025-01-02 00:50:00,SA1,65.76681,1386.48,0,2,1,3
2025-01-02 00:50:00,TAS1,90.28,973.36,0,2,1,3
2025-01-02 00:50:00,VIC1,64.59467,3814.46,0,2,1,3
2025-01-02 00:55:00,NSW1,76.00002,6807.43,0,2,1,3
2025-01-02 00:55:00,QLD1,99.75,6036.35,0,2,1,3
2025-01-02 00:55:00,SA1,65.24271,1399.62,0,2,1,3
2025-01-02 00:55:00,TAS1,89.28,976.88,0,2,1,3
2025-01-02 00:55:00,VIC1,64.07543,3815.42,0,2,1,3
2025-01-02 01:00:00,NSW1,75.99976,6729.52,1,2,1,3
2025-01-02 01:00:00,QLD1,85.99962,5998.63,1,2,1,3
2025-01-02 01:00:00,SA1,65.74228,1394.97,1,2,1,3
2025-01-02 01:00:00,TAS1,89.28,976.42,1,2,1,3
2025-01-02 01:00:00,VIC1,64.58512,3796.56,1,2,1,3
2025-01-02 01:05:00,NSW1,77.70574,6725.66,1,2,1,3
2025-01-02 01:05:00,QLD1,86.83023,5982.56,1,2,1,3
2025-01-02 01:05:00,SA1,68.27851,1419.61,1,2,1,3
2025-01-02 01:05:00,TAS1,88.28,973.57,1,2,1,3
2025-01-02 01:05:00,VIC1,66.66497,3794.79,1,2,1,3
2025-01-02 01:10:00,NSW1,77.22509,6703.76,1,2,1,3
2025-01-02 01:10:00,QLD1,86.83023,5998.39,1,2,1,3
2025-01-02 01:10:00,SA1,66.8364,1394.6,1,2,1,3
2025-01-02 01:10:00,TAS1,90.28,985.83,1,2,1,3
2025-01-02 01:10:00,VIC1,65.6296,3791.56,1,2,1,3
2025-01-02 01:15:00,NSW1,85.0,6666.41,1,2,1,3
2025-01-02 01:15:00,QLD1,95.53601,5997.76,1,2,1,3
2025-01-02 01:15:00,SA1,73.24798,1383.66,1,2,1,3
2025-01-02 01:15:00,TAS1,90.28,972.15,1,2,1,3
2025-01-02 01:15:00,VIC1,72.19528,3774.92,1,2,1,3
2025-01-02 01:20:00,NSW1,85.0,6706.49,1,2,1,3
2025-01-02 01:20:00,QLD1,95.6208,6013.6,1,2,1,3
2025-01-02 01:20:00,SA1,73.17837,1373.12,1,2,1,3
2025-01-02 01:20:00,TAS1,90.28,976.45,1,2,1,3
2025-01-02 01:20:00,VIC1,72.1535,3765.88,1,2,1,3
2025-01-02 01:25:00,NSW1,76.72,6664.12,1,2,1,3
2025-01-02 01:25:00,QLD1,86.21186,5969.69,1,2,1,3
2025-01-02 01:25:00,SA1,65.35397,1369.66,1,2,1,3
2025-01-02 01:25:00,TAS1,90.28,977.66,1,2,1,3
2025-01-02 01:25:00,VIC1,64.61429,3699.56,1,2,1,3
2025-01-02 01:30:00,NSW1,76.72,6607.36,1,2,1,3
2025-01-02 01:30:00,QLD1,86.83008,5985.49,1,2,1,3
2025-01-02 01:30:00,SA1,64.88302,1365.18,1,2,1,3
2025-01-02 01:30:00,TAS1,90.28,982.72,1,2,1,3
2025-01-02 01:30:00,VIC1,64.61071,3746.44,1,2,1,3
2025-01-02 01:35:00,NSW1,79.09999,6573.78,1,2,1,3
2025-01-02 01:35:00,QLD1,99.75,6027.06,1,2,1,3
2025-01-02 01:35:00,SA1,66.84493,1357.43,1,2,1,3
2025-01-02 01:35:00,TAS1,90.28,973.95,1,2,1,3
2025-01-02 01:35:00,VIC1,66.59254,3744.89,1,2,1,3
2025-01-02 01:40:00,NSW1,76.72,6566.05,1,2,1,3
2025-01-02 01:40:00,QLD1,86.83008,5964.79,1,2,1,3
2025-01-02 01:40:00,SA1,64.17578,1347.01,1,2,1,3
2025-01-02 01:40:00,TAS1,90.28,976.65,1,2,1,3
2025-01-02 01:40:00,VIC1,64.02625,3694.65,1,2,1,3
2025-01-02 01:45:00,NSW1,76.72,6575.85,1,2,1,3
2025-01-02 01:45:00,QLD1,86.83008,5998.3,1,2,1,3
2025-01-02 01:45:00,SA1,64.63894,1335.23,1,2,1,3
2025-01-02 01:45:00,TAS1,90.28,969.51,1,2,1,3
2025-01-02 01:45:00,VIC1,64.48832,3696.68,1,2,1,3
2025-01-02 01:50:00,NSW1,76.72,6550.26,1,2,1,3
2025-01-02 01:50:00,QLD1,86.83008,5978.03,1,2,1,3
2025-01-02 01:50:00,SA1,64.94199,1342.46,1,2,1,3
2025-01-02 01:50:00,TAS1,90.28,978.56,1,2,1,3
2025-01-02 01:50:00,VIC1,64.51139,3686.62,1,2,1,3
2025-01-02 01:55:00,NSW1,75.9,6494.11,1,2,1,3
2025-01-02 01:55:00,QLD1,86.83008,5939.96,1,2,1,3
2025-01-02 01:55:00,SA1,63.72723,1342.34,1,2,1,3
2025-01-02 01:55:00,TAS1,90.28,984.26,1,2,1,3
2025-01-02 01:55:00,VIC1,63.29057,3648.69,1,2,1,3
2025-01-02 02:00:00,NSW1,75.9,6443.47,2,2,1,3
2025-01-02 02:00:00,QLD1,86.83038,5953.07,2,2,1,3
2025-01-02 02:00:00,SA1,63.64906,1330.43,2,2,1,3
2025-01-02 02:00:00,TAS1,90.28,979.94,2,2,1,3
2025-01-02 02:00:00,VIC1,63.25276,3646.74,2,2,1,3
2025-01-02 02:05:00,NSW1,75.9,6410.16,2,2,1,3
2025-01-02 02:05:00,QLD1,89.73006,5969.2,2,2,1,3
2025-01-02 02:05:00,SA1,63.83845,1333.74,2,2,1,3
2025-01-02 02:05:00,TAS1,90.28,987.64,2,2,1,3
2025-01-02 02:05:00,VIC1,63.23509,3638.33,2,2,1,3
2025-01-02 02:10:00,NSW1,75.9999,6409.49,2,2,1,3
2025-01-02 02:10:00,QLD1,85.58206,5888.98,2,2,1,3
2025-01-02 02:10:00,SA1,64.13263,1328.39,2,2,1,3
2025-01-02 02:10:00,TAS1,90.28,984.07,2,2,1,3
2025-01-02 02:10:00,VIC1,63.30492,3623.07,2,2,1,3
2025-01-02 02:15:00,NSW1,76.00002,6392.48,2,2,1,3
2025-01-02 02:15:00,QLD1,86.83008,5886.35,2,2,1,3
2025-01-02 02:15:00,SA1,63.83664,1321.64,2,2,1,3
2025-01-02 02:15:00,TAS1,90.28,986.18,2,2,1,3
2025-01-02 02:15:00,VIC1,63.26885,3635.81,2,2,1,3
2025-01-02 02:20:00,NSW1,76.00002,6366.1,2,2,1,3
2025-01-02 02:20:00,QLD1,86.83008,5876.3,2,2,1,3
2025-01-02 02:20:00,SA1,63.66244,1320.3,2,2,1,3
2025-01-02 02:20:00,TAS1,90.28,983.19,2,2,1,3
2025-01-02 02:20:00,VIC1,63.28714,3620.48,2,2,1,3
2025-01-02 02:25:00,NSW1,76.00002,6326.55,2,2,1,3
2025-01-02 02:25:00,QLD1,86.83008,5793.31,2,2,1,3
2025-01-02 02:25:00,SA1,63.13214,1310.68,2,2,1,3
2025-01-02 02:25:00,TAS1,90.28,980.9,2,2,1,3
2025-01-02 02:25:00,VIC1,62.75294,3587.95,2,2,1,3
2025-01-02 02:30:00,NSW1,76.00002,6331.02,2,2,1,3
2025-01-02 02:30:00,QLD1,99.75,5851.01,2,2,1,3
2025-01-02 02:30:00,SA1,52.00941,1300.86,2,2,1,3
2025-01-02 02:30:00,TAS1,90.28,983.14,2,2,1,3
2025-01-02 02:30:00,VIC1,45.13775,3586.15,2,2,1,3
2025-01-02 02:35:00,NSW1,76.00002,6346.85,2,2,1,3
2025-01-02 02:35:00,QLD1,86.83008,5825.7,2,2,1,3
2025-01-02 02:35:00,SA1,42.60425,1298.69,2,2,1,3
2025-01-02 02:35:00,TAS1,90.28,991.1,2,2,1,3
2025-01-02 02:35:00,VIC1,29.42358,3554.11,2,2,1,3
2025-01-02 02:40:00,NSW1,76.00002,6323.57,2,2,1,3
2025-01-02 02:40:00,QLD1,86.83038,5850.45,2,2,1,3
2025-01-02 02:40:00,SA1,44.03891,1291.07,2,2,1,3
2025-01-02 02:40:00,TAS1,90.28,987.32,2,2,1,3
2025-01-02 02:40:00,VIC1,31.88951,3552.62,2,2,1,3
2025-01-02 02:45:00,NSW1,76.00002,6306.0,2,2,1,3
2025-01-02 02:45:00,QLD1,86.83038,5859.7,2,2,1,3
2025-01-02 02:45:00,SA1,39.22538,1291.08,2,2,1,3
2025-01-02 02:45:00,TAS1,90.28,985.89,2,2,1,3
2025-01-02 02:45:00,VIC1,23.88334,3544.01,2,2,1,3
2025-01-02 02:50:00,NSW1,76.00002,6294.88,2,2,1,3
2025-01-02 02:50:00,QLD1,86.83008,5848.22,2,2,1,3
2025-01-02 02:50:00,SA1,36.12289,1289.51,2,2,1,3
2025-01-02 02:50:00,TAS1,90.28,985.31,2,2,1,3
2025-01-02 02:50:00,VIC1,19.19,3551.49,2,2,1,3
2025-01-02 02:55:00,NSW1,76.00002,6262.26,2,2,1,3
2025-01-02 02:55:00,QLD1,86.83008,5834.1,2,2,1,3
2025-01-02 02:55:00,SA1,36.1756,1298.56,2,2,1,3
2025-01-02 02:55:00,TAS1,90.28,1001.71,2,2,1,3
2025-01-02 02:55:00,VIC1,19.19,3510.86,2,2,1,3
2025-01-02 03:00:00,NSW1,76.00002,6270.93,3,2,1,3
2025-01-02 03:00:00,QLD1,86.83008,5764.07,3,2,1,3
2025-01-02 03:00:00,SA1,36.05944,1286.89,3,2,1,3
2025-01-02 03:00:00,TAS1,90.28,998.42,3,2,1,3
2025-01-02 03:00:00,VIC1,19.19,3520.29,3,2,1,3
2025-01-02 03:05:00,NSW1,76.00002,6295.13,3,2,1,3
2025-01-02 03:05:00,QLD1,99.75,5798.03,3,2,1,3
2025-01-02 03:05:00,SA1,36.14859,1305.11,3,2,1,3
2025-01-02 03:05:00,TAS1,90.28,996.12,3,2,1,3
2025-01-02 03:05:00,VIC1,19.19,3519.34,3,2,1,3
2025-01-02 03:10:00,NSW1,76.00002,6286.61,3,2,1,3
2025-01-02 03:10:00,QLD1,99.95,5818.29,3,2,1,3
2025-01-02 03:10:00,SA1,35.95456,1278.03,3,2,1,3
2025-01-02 03:10:00,TAS1,90.28,1003.21,3,2,1,3
2025-01-02 03:10:00,VIC1,19.19,3522.88,3,2,1,3
2025-01-02 03:15:00,NSW1,76.00002,6304.68,3,2,1,3
2025-01-02 03:15:00,QLD1,103.53,5781.75,3,2,1,3
2025-01-02 03:15:00,SA1,35.91177,1272.14,3,2,1,3
2025-01-02 03:15:00,TAS1,90.28,1001.1,3,2,1,3
2025-01-02 03:15:00,VIC1,19.19,3552.69,3,2,1,3
2025-01-02 03:20:00,NSW1,76.00002,6289.73,3,2,1,3
2025-01-02 03:20:00,QLD1,109.73002,5804.72,3,2,1,3
2025-01-02 03:20:00,SA1,35.89494,1264.64,3,2,1,3
2025-01-02 03:20:00,TAS1,90.28,987.94,3,2,1,3
2025-01-02 03:20:00,VIC1,19.19,3563.24,3,2,1,3
2025-01-02 03:25:00,NSW1,76.00002,6227.68,3,2,1,3
2025-01-02 03:25:00,QLD1,103.53,5776.06,3,2,1,3
2025-01-02 03:25:00,SA1,35.88453,1262.34,3,2,1,3
2025-01-02 03:25:00,TAS1,90.28,994.28,3,2,1,3
2025-01-02 03:25:00,VIC1,19.19,3570.04,3,2,1,3
2025-01-02 03:30:00,NSW1,76.00002,6219.28,3,2,1,3
2025-01-02 03:30:00,QLD1,112.75,5810.97,3,2,1,3
2025-01-02 03:30:00,SA1,35.8883,1263.73,3,2,1,3
2025-01-02 03:30:00,TAS1,90.28,972.73,3,2,1,3
2025-01-02 03:30:00,VIC1,19.19,3554.45,3,2,1,3
2025-01-02 03:35:00,NSW1,76.00002,6222.64,3,2,1,3
2025-01-02 03:35:00,QLD1,109.73002,5786.95,3,2,1,3
2025-01-02 03:35:00,SA1,35.89616,1261.96,3,2,1,3
2025-01-02 03:35:00,TAS1,90.28,995.39,3,2,1,3
2025-01-02 03:35:00,VIC1,19.19,3549.49,3,2,1,3
2025-01-02 03:40:00,NSW1,76.00002,6249.84,3,2,1,3
2025-01-02 03:40:00,QLD1,99.95,5747.45,3,2,1,3
2025-01-02 03:40:00,SA1,39.07065,1261.17,3,2,1,3
2025-01-02 03:40:00,TAS1,90.28,995.42,3,2,1,3
2025-01-02 03:40:00,VIC1,24.3348,3576.81,3,2,1,3
2025-01-02 03:45:00,NSW1,76.00017,6264.42,3,2,1,3
2025-01-02 03:45:00,QLD1,109.60002,5799.94,3,2,1,3
2025-01-02 03:45:00,SA1,61.94609,1258.89,3,2,1,3
2025-01-02 03:45:00,TAS1,90.28,997.29,3,2,1,3
2025-01-02 03:45:00,VIC1,62.01023,3587.52,3,2,1,3
2025-01-02 03:50:00,NSW1,76.00002,6274.77,3,2,1,3
2025-01-02 03:50:00,QLD1,99.75,5772.56,3,2,1,3
2025-01-02 03:50:00,SA1,61.87188,1252.37,3,2,1,3
2025-01-02 03:50:00,TAS1,90.28,995.23,3,2,1,3
2025-01-02 03:50:00,VIC1,61.96327,3585.92,3,2,1,3
2025-01-02 03:55:00,NSW1,76.00002,6260.69,3,2,1,3
2025-01-02 03:55:00,QLD1,99.75,5776.23,3,2,1,3
2025-01-02 03:55:00,SA1,61.54243,1240.67,3,2,1,3
2025-01-02 03:55:00,TAS1,90.28,1007.72,3,2,1,3
2025-01-02 03:55:00,VIC1,61.90675,3592.04,3,2,1,3
2025-01-02 04:00:00,NSW1,76.00002,6232.95,4,2,1,3
2025-01-02 04:00:00,QLD1,99.75,5778.08,4,2,1,3
2025-01-02 04:00:00,SA1,61.8595,1245.87,4,2,1,3
2025-01-02 04:00:00,TAS1,90.28,1016.08,4,2,1,3
2025-01-02 04:00:00,VIC1,62.44507,3627.96,4,2,1,3
2025-01-02 04:05:00,NSW1,76.00001,6256.97,4,2,1,3
2025-01-02 04:05:00,QLD1,103.53,5789.86,4,2,1,3
2025-01-02 04:05:00,SA1,61.66552,1244.75,4,2,1,3
2025-01-02 04:05:00,TAS1,120.26,1011.87,4,2,1,3
2025-01-02 04:05:00,VIC1,62.45645,3631.13,4,2,1,3
2025-01-02 04:10:00,NSW1,76.00015,6336.36,4,2,1,3
2025-01-02 04:10:00,QLD1,99.75,5771.76,4,2,1,3
2025-01-02 04:10:00,SA1,61.74769,1239.35,4,2,1,3
2025-01-02 04:10:00,TAS1,120.26,1018.29,4,2,1,3
2025-01-02 04:10:00,VIC1,62.95965,3649.02,4,2,1,3
2025-01-02 04:15:00,NSW1,75.9,6381.83,4,2,1,3
2025-01-02 04:15:00,QLD1,139.73002,5863.33,4,2,1,3
2025-01-02 04:15:00,SA1,62.07294,1228.47,4,2,1,3
2025-01-02 04:15:00,TAS1,120.26,1016.93,4,2,1,3
2025-01-02 04:15:00,VIC1,63.35878,3659.73,4,2,1,3
2025-01-02 04:20:00,NSW1,76.00001,6401.7,4,2,1,3
2025-01-02 04:20:00,QLD1,103.53,5817.0,4,2,1,3
2025-01-02 04:20:00,SA1,62.15088,1229.8,4,2,1,3
2025-01-02 04:20:00,TAS1,120.26,1016.44,4,2,1,3
2025-01-02 04:20:00,VIC1,63.45304,3696.12,4,2,1,3
2025-01-02 04:25:00,NSW1,75.9,6390.97,4,2,1,3
2025-01-02 04:25:00,QLD1,122.95,5847.83,4,2,1,3
2025-01-02 04:25:00,SA1,61.83455,1234.49,4,2,1,3
2025-01-02 04:25:00,TAS1,120.26,1009.29,4,2,1,3
2025-01-02 04:25:00,VIC1,63.36692,3703.7,4,2,1,3
2025-01-02 04:30:00,NSW1,75.9,6416.56,4,2,1,3
2025-01-02 04:30:00,QLD1,122.95,5852.56,4,2,1,3
2025-01-02 04:30:00,SA1,61.71173,1248.57,4,2,1,3
2025-01-02 04:30:00,TAS1,120.26,1014.77,4,2,1,3
2025-01-02 04:30:00,VIC1,62.91994,3658.93,4,2,1,3
2025-01-02 04:35:00,NSW1,75.9,6405.51,4,2,1,3
2025-01-02 04:35:00,QLD1,139.73002,5866.29,4,2,1,3
2025-01-02 04:35:00,SA1,61.86257,1236.52,4,2,1,3
2025-01-02 04:35:00,TAS1,120.26,1023.04,4,2,1,3
2025-01-02 04:35:00,VIC1,63.38544,3705.91,4,2,1,3
2025-01-02 04:40:00,NSW1,76.00001,6442.23,4,2,1,3
2025-01-02 04:40:00,QLD1,225.75,5919.22,4,2,1,3
2025-01-02 04:40:00,SA1,62.30936,1254.61,4,2,1,3
2025-01-02 04:40:00,TAS1,120.26,1031.94,4,2,1,3
2025-01-02 04:40:00,VIC1,63.54784,3705.86,4,2,1,3
2025-01-02 04:45:00,NSW1,68.95643,6444.6,4,2,1,3
2025-01-02 04:45:00,QLD1,139.73002,5871.48,4,2,1,3
2025-01-02 04:45:00,SA1,54.30036,1244.08,4,2,1,3
2025-01-02 04:45:00,TAS1,120.26,1033.14,4,2,1,3
2025-01-02 04:45:00,VIC1,55.61045,3706.38,4,2,1,3
2025-01-02 04:50:00,NSW1,69.61674,6401.33,4,2,1,3
2025-01-02 04:50:00,QLD1,139.73002,5844.73,4,2,1,3
2025-01-02 04:50:00,SA1,55.48515,1255.51,4,2,1,3
2025-01-02 04:50:00,TAS1,120.26,1038.67,4,2,1,3
2025-01-02 04:50:00,VIC1,56.57418,3721.85,4,2,1,3
2025-01-02 04:55:00,NSW1,76.00016,6432.97,4,2,1,3
2025-01-02 04:55:00,QLD1,299.73001,5891.91,4,2,1,3
2025-01-02 04:55:00,SA1,64.39306,1266.24,4,2,1,3
2025-01-02 04:55:00,TAS1,120.26,1037.83,4,2,1,3
2025-01-02 04:55:00,VIC1,65.07421,3744.75,4,2,1,3
2025-01-02 05:00:00,NSW1,75.99972,6454.94,5,2,1,3
2025-01-02 05:00:00,QLD1,225.75,5852.97,5,2,1,3
2025-01-02 05:00:00,SA1,62.75853,1245.78,5,2,1,3
2025-01-02 05:00:00,TAS1,120.26,1045.42,5,2,1,3
2025-01-02 05:00:00,VIC1,63.99033,3740.67,5,2,1,3
2025-01-02 05:05:00,NSW1,68.95647,6450.03,5,2,1,3
2025-01-02 05:05:00,QLD1,164.5,5885.57,5,2,1,3
2025-01-02 05:05:00,SA1,55.12115,1255.11,5,2,1,3
2025-01-02 05:05:00,TAS1,120.26,1045.29,5,2,1,3
2025-01-02 05:05:00,VIC1,56.08848,3752.52,5,2,1,3
2025-01-02 05:10:00,NSW1,76.00022,6484.12,5,2,1,3
2025-01-02 05:10:00,QLD1,164.5,5917.92,5,2,1,3
2025-01-02 05:10:00,SA1,63.9666,1279.74,5,2,1,3
2025-01-02 05:10:00,TAS1,120.26,1037.19,5,2,1,3
2025-01-02 05:10:00,VIC1,65.11926,3819.5,5,2,1,3
2025-01-02 05:15:00,NSW1,76.00022,6524.36,5,2,1,3
2025-01-02 05:15:00,QLD1,263.49,5918.09,5,2,1,3
2025-01-02 05:15:00,SA1,63.75265,1261.87,5,2,1,3
2025-01-02 05:15:00,TAS1,120.26,1063.59,5,2,1,3
2025-01-02 05:15:00,VIC1,65.12498,3828.95,5,2,1,3
2025-01-02 05:20:00,NSW1,76.72,6575.12,5,2,1,3
2025-01-02 05:20:00,QLD1,349.75006,5963.55,5,2,1,3
2025-01-02 05:20:00,SA1,65.39756,1266.68,5,2,1,3
2025-01-02 05:20:00,TAS1,120.26,1055.93,5,2,1,3
2025-01-02 05:20:00,VIC1,66.30524,3822.84,5,2,1,3
2025-01-02 05:25:00,NSW1,76.72,6611.45,5,2,1,3
2025-01-02 05:25:00,QLD1,122.95,5824.48,5,2,1,3
2025-01-02 05:25:00,SA1,66.19208,1273.07,5,2,1,3
2025-01-02 05:25:00,TAS1,120.26,1061.44,5,2,1,3
2025-01-02 05:25:00,VIC1,66.34696,3789.2,5,2,1,3
2025-01-02 05:30:00,NSW1,75.9,6600.87,5,2,1,3
2025-01-02 05:30:00,QLD1,299.63008,5924.65,5,2,1,3
2025-01-02 05:30:00,SA1,64.06075,1251.08,5,2,1,3
2025-01-02 05:30:00,TAS1,120.26,1044.01,5,2,1,3
2025-01-02 05:30:00,VIC1,65.00685,3830.24,5,2,1,3
2025-01-02 05:35:00,NSW1,75.9,6564.45,5,2,1,3
2025-01-02 05:35:00,QLD1,122.95,5868.25,5,2,1,3
2025-01-02 05:35:00,SA1,63.02643,1249.11,5,2,1,3
2025-01-02 05:35:00,TAS1,120.26,1048.24,5,2,1,3
2025-01-02 05:35:00,VIC1,63.95289,3819.76,5,2,1,3
2025-01-02 05:40:00,NSW1,75.9,6557.51,5,2,1,3
2025-01-02 05:40:00,QLD1,199.41,5838.15,5,2,1,3
2025-01-02 05:40:00,SA1,63.19119,1272.72,5,2,1,3
2025-01-02 05:40:00,TAS1,120.26,1052.03,5,2,1,3
2025-01-02 05:40:00,VIC1,64.05221,3846.61,5,2,1,3
2025-01-02 05:45:00,NSW1,56.98,6546.79,5,2,1,3
2025-01-02 05:45:00,QLD1,109.73002,5876.52,5,2,1,3
2025-01-02 05:45:00,SA1,47.22231,1273.92,5,2,1,3
2025-01-02 05:45:00,TAS1,120.26,1058.01,5,2,1,3
2025-01-02 05:45:00,VIC1,47.69704,3839.02,5,2,1,3
2025-01-02 05:50:00,NSW1,56.52032,6583.86,5,2,1,3
2025-01-02 05:50:00,QLD1,178.95,5914.53,5,2,1,3
2025-01-02 05:50:00,SA1,47.05961,1284.57,5,2,1,3
2025-01-02 05:50:00,TAS1,120.26,1058.72,5,2,1,3
2025-01-02 05:50:00,VIC1,47.34249,3842.13,5,2,1,3
2025-01-02 05:55:00,NSW1,10.68052,6525.16,5,2,1,3
2025-01-02 05:55:00,QLD1,199.41,5891.59,5,2,1,3
2025-01-02 05:55:00,SA1,8.8131,1299.47,5,2,1,3
2025-01-02 05:55:00,TAS1,120.26,1065.38,5,2,1,3
2025-01-02 05:55:00,VIC1,8.95,3798.69,5,2,1,3
2025-01-02 06:00:00,NSW1,0.52834,6520.85,6,2,1,3
2025-01-02 06:00:00,QLD1,122.95,5931.67,6,2,1,3
2025-01-02 06:00:00,SA1,0.44149,1309.68,6,2,1,3
2025-01-02 06:00:00,TAS1,120.26,1082.22,6,2,1,3
2025-01-02 06:00:00,VIC1,0.44992,3786.04,6,2,1,3
2025-01-02 06:05:00,NSW1,10.64889,6593.2,6,2,1,3
2025-01-02 06:05:00,QLD1,122.95,5927.2,6,2,1,3
2025-01-02 06:05:00,SA1,8.81003,1317.53,6,2,1,3
2025-01-02 06:05:00,TAS1,120.26,1078.57,6,2,1,3
2025-01-02 06:05:00,VIC1,9.0,3758.16,6,2,1,3
2025-01-02 06:10:00,NSW1,10.65305,6678.1,6,2,1,3
2025-01-02 06:10:00,QLD1,178.95,5965.1,6,2,1,3
2025-01-02 06:10:00,SA1,8.83155,1315.13,6,2,1,3
2025-01-02 06:10:00,TAS1,120.26,1083.62,6,2,1,3
2025-01-02 06:10:00,VIC1,9.0,3812.96,6,2,1,3
2025-01-02 06:15:00,NSW1,-15.0,6673.98,6,2,1,3
2025-01-02 06:15:00,QLD1,214.48,5974.05,6,2,1,3
2025-01-02 06:15:00,SA1,-12.70796,1276.88,6,2,1,3
2025-01-02 06:15:00,TAS1,120.26,1088.97,6,2,1,3
2025-01-02 06:15:00,VIC1,-13.28661,3818.62,6,2,1,3
2025-01-02 06:20:00,NSW1,-4.59419,6748.33,6,2,1,3
2025-01-02 06:20:00,QLD1,214.48,6028.82,6,2,1,3
2025-01-02 06:20:00,SA1,-3.77081,1277.78,6,2,1,3
2025-01-02 06:20:00,TAS1,120.26,1088.55,6,2,1,3
2025-01-02 06:20:00,VIC1,-4.0,3776.68,6,2,1,3
2025-01-02 06:25:00,NSW1,-20.55196,6758.0,6,2,1,3
2025-01-02 06:25:00,QLD1,225.75,6017.79,6,2,1,3
2025-01-02 06:25:00,SA1,-16.85066,1281.06,6,2,1,3
2025-01-02 06:25:00,TAS1,120.26,1091.62,6,2,1,3
2025-01-02 06:25:00,VIC1,-18.05138,3751.55,6,2,1,3
2025-01-02 06:30:00,NSW1,0.99983,6737.21,6,2,1,3
2025-01-02 06:30:00,QLD1,214.48,6001.58,6,2,1,3
2025-01-02 06:30:00,SA1,-18.14524,1253.69,6,2,1,3
2025-01-02 06:30:00,TAS1,120.26,1090.25,6,2,1,3
2025-01-02 06:30:00,VIC1,-19.64294,3740.61,6,2,1,3
2025-01-02 06:35:00,NSW1,56.98003,6789.63,6,2,1,3
2025-01-02 06:35:00,QLD1,93.83011,5934.15,6,2,1,3
2025-01-02 06:35:00,SA1,-33.0,1239.68,6,2,1,3
2025-01-02 06:35:00,TAS1,149.28,1096.22,6,2,1,3
2025-01-02 06:35:00,VIC1,-33.7804,3672.26,6,2,1,3
2025-01-02 06:40:00,NSW1,75.9,6879.44,6,2,1,3
2025-01-02 06:40:00,QLD1,103.52996,6058.28,6,2,1,3
2025-01-02 06:40:00,SA1,-35.99,1259.46,6,2,1,3
2025-01-02 06:40:00,TAS1,120.26,1083.55,6,2,1,3
2025-01-02 06:40:00,VIC1,-36.0857,3692.32,6,2,1,3
2025-01-02 06:45:00,NSW1,84.6101,6892.09,6,2,1,3
2025-01-02 06:45:00,QLD1,95.3507,6060.92,6,2,1,3
2025-01-02 06:45:00,SA1,-64.78609,1271.67,6,2,1,3
2025-01-02 06:45:00,TAS1,120.26,1087.74,6,2,1,3
2025-01-02 06:45:00,VIC1,-63.99,3668.38,6,2,1,3
2025-01-02 06:50:00,NSW1,75.9,6889.05,6,2,1,3
2025-01-02 06:50:00,QLD1,93.82978,6000.64,6,2,1,3
2025-01-02 06:50:00,SA1,-39.02263,1225.28,6,2,1,3
2025-01-02 06:50:00,TAS1,149.28,1100.97,6,2,1,3
2025-01-02 06:50:00,VIC1,-39.0,3645.09,6,2,1,3
2025-01-02 06:55:00,NSW1,-31.00999,6853.77,6,2,1,3
2025-01-02 06:55:00,QLD1,93.83011,5961.98,6,2,1,3
2025-01-02 06:55:00,SA1,-36.0,1221.8,6,2,1,3
2025-01-02 06:55:00,TAS1,149.28,1100.57,6,2,1,3
2025-01-02 06:55:00,VIC1,-35.84587,3601.91,6,2,1,3
2025-01-02 07:00:00,NSW1,56.98,6864.44,7,2,1,3
2025-01-02 07:00:00,QLD1,77.95,6039.76,7,2,1,3
2025-01-02 07:00:00,SA1,-39.23934,1206.37,7,2,1,3
2025-01-02 07:00:00,TAS1,149.28,1101.11,7,2,1,3
2025-01-02 07:00:00,VIC1,-39.0,3615.92,7,2,1,3
2025-01-02 07:05:00,NSW1,83.2834,6883.62,7,2,1,3
2025-01-02 07:05:00,QLD1,93.83011,6053.02,7,2,1,3
2025-01-02 07:05:00,SA1,-45.84902,1209.98,7,2,1,3
2025-01-02 07:05:00,TAS1,149.28,1098.16,7,2,1,3
2025-01-02 07:05:00,VIC1,-44.93537,3590.45,7,2,1,3
2025-01-02 07:10:00,NSW1,105.74003,6906.88,7,2,1,3
2025-01-02 07:10:00,QLD1,122.95,6149.47,7,2,1,3
2025-01-02 07:10:00,SA1,-65.45344,1170.72,7,2,1,3
2025-01-02 07:10:00,TAS1,149.28,1100.29,7,2,1,3
2025-01-02 07:10:00,VIC1,-66.29964,3562.67,7,2,1,3
2025-01-02 07:15:00,NSW1,84.10354,6930.23,7,2,1,3
2025-01-02 07:15:00,QLD1,93.82978,6152.91,7,2,1,3
2025-01-02 07:15:00,SA1,-43.26432,1142.44,7,2,1,3
2025-01-02 07:15:00,TAS1,149.28,1098.0,7,2,1,3
2025-01-02 07:15:00,VIC1,-44.28951,3492.24,7,2,1,3
2025-01-02 07:20:00,NSW1,75.9001,6878.18,7,2,1,3
2025-01-02 07:20:00,QLD1,84.19131,6164.19,7,2,1,3
2025-01-02 07:20:00,SA1,-50.50212,1118.52,7,2,1,3
2025-01-02 07:20:00,TAS1,148.28,1090.96,7,2,1,3
2025-01-02 07:20:00,VIC1,-51.54254,3436.68,7,2,1,3
2025-01-02 07:25:00,NSW1,75.89988,6863.3,7,2,1,3
2025-01-02 07:25:00,QLD1,84.74933,6192.04,7,2,1,3
2025-01-02 07:25:00,SA1,-42.5,1109.99,7,2,1,3
2025-01-02 07:25:00,TAS1,120.26,1082.72,7,2,1,3
2025-01-02 07:25:00,VIC1,-42.76538,3385.1,7,2,1,3
2025-01-02 07:30:00,NSW1,82.52078,6945.67,7,2,1,3
2025-01-02 07:30:00,QLD1,93.83,6206.02,7,2,1,3
2025-01-02 07:30:00,SA1,-64.03994,1070.05,7,2,1,3
2025-01-02 07:30:00,TAS1,120.26,1076.63,7,2,1,3
2025-01-02 07:30:00,VIC1,-65.00015,3357.14,7,2,1,3
2025-01-02 07:35:00,NSW1,88.79988,6957.29,7,2,1,3
2025-01-02 07:35:00,QLD1,99.75,6194.2,7,2,1,3
2025-01-02 07:35:00,SA1,-64.64328,1058.49,7,2,1,3
2025-01-02 07:35:00,TAS1,120.26,1082.75,7,2,1,3
2025-01-02 07:35:00,VIC1,-66.3,3294.88,7,2,1,3
2025-01-02 07:40:00,NSW1,83.49352,6965.8,7,2,1,3
2025-01-02 07:40:00,QLD1,93.82989,6209.08,7,2,1,3
2025-01-02 07:40:00,SA1,-56.5648,1036.73,7,2,1,3
2025-01-02 07:40:00,TAS1,120.26,1067.32,7,2,1,3
2025-01-02 07:40:00,VIC1,-57.9,3300.37,7,2,1,3
2025-01-02 07:45:00,NSW1,76.72,6920.12,7,2,1,3
2025-01-02 07:45:00,QLD1,93.83,6170.77,7,2,1,3
2025-01-02 07:45:00,SA1,-58.33108,1006.5,7,2,1,3
2025-01-02 07:45:00,TAS1,120.26,1069.06,7,2,1,3
2025-01-02 07:45:00,VIC1,-57.9,3211.52,7,2,1,3
2025-01-02 07:50:00,NSW1,76.72,6945.24,7,2,1,3
2025-01-02 07:50:00,QLD1,93.82989,6078.9,7,2,1,3
2025-01-02 07:50:00,SA1,-64.82875,985.42,7,2,1,3
2025-01-02 07:50:00,TAS1,120.26,1056.23,7,2,1,3
2025-01-02 07:50:00,VIC1,-63.94,3164.11,7,2,1,3
2025-01-02 07:55:00,NSW1,-31.00999,6836.93,7,2,1,3
2025-01-02 07:55:00,QLD1,93.83,6114.59,7,2,1,3
2025-01-02 07:55:00,SA1,-39.04922,951.05,7,2,1,3
2025-01-02 07:55:00,TAS1,120.26,1058.53,7,2,1,3
2025-01-02 07:55:00,VIC1,-38.31,3130.67,7,2,1,3
2025-01-02 08:00:00,NSW1,57.01015,6871.39,8,2,1,3
2025-01-02 08:00:00,QLD1,99.75,6188.89,8,2,1,3
2025-01-02 08:00:00,SA1,-66.35291,917.41,8,2,1,3
2025-01-02 08:00:00,TAS1,120.26,1057.02,8,2,1,3
2025-01-02 08:00:00,VIC1,-65.0001,3136.25,8,2,1,3
2025-01-02 08:05:00,NSW1,57.01006,6835.08,8,2,1,3
2025-01-02 08:05:00,QLD1,112.75,6241.03,8,2,1,3
2025-01-02 08:05:00,SA1,-38.23666,901.31,8,2,1,3
2025-01-02 08:05:00,TAS1,120.26,1070.52,8,2,1,3
2025-01-02 08:05:00,VIC1,-38.31,3128.13,8,2,1,3
2025-01-02 08:10:00,NSW1,76.72003,6967.41,8,2,1,3
2025-01-02 08:10:00,QLD1,122.95,6224.56,8,2,1,3
2025-01-02 08:10:00,SA1,-35.0,888.39,8,2,1,3
2025-01-02 08:10:00,TAS1,120.26,1064.35,8,2,1,3
2025-01-02 08:10:00,VIC1,-34.85194,3130.46,8,2,1,3
2025-01-02 08:15:00,NSW1,76.72,6974.92,8,2,1,3
2025-01-02 08:15:00,QLD1,85.7998,6254.28,8,2,1,3
2025-01-02 08:15:00,SA1,-42.5,837.07,8,2,1,3
2025-01-02 08:15:00,TAS1,120.26,1060.9,8,2,1,3
2025-01-02 08:15:00,VIC1,-42.27514,3081.24,8,2,1,3
2025-01-02 08:20:00,NSW1,69.29464,6934.68,8,2,1,3
2025-01-02 08:20:00,QLD1,77.95,6238.79,8,2,1,3
2025-01-02 08:20:00,SA1,-50.19151,823.03,8,2,1,3
2025-01-02 08:20:00,TAS1,120.26,1056.8,8,2,1,3
2025-01-02 08:20:00,VIC1,-50.08,2990.77,8,2,1,3
2025-01-02 08:25:00,NSW1,74.69826,6955.2,8,2,1,3
2025-01-02 08:25:00,QLD1,84.99,6234.29,8,2,1,3
2025-01-02 08:25:00,SA1,-32.25,786.0,8,2,1,3
2025-01-02 08:25:00,TAS1,120.26,1040.57,8,2,1,3
2025-01-02 08:25:00,VIC1,-34.69955,2989.19,8,2,1,3
2025-01-02 08:30:00,NSW1,74.73648,6912.05,8,2,1,3
2025-01-02 08:30:00,QLD1,84.99,6226.1,8,2,1,3
2025-01-02 08:30:00,SA1,-38.68974,754.75,8,2,1,3
2025-01-02 08:30:00,TAS1,120.26,1049.18,8,2,1,3
2025-01-02 08:30:00,VIC1,-38.31,2906.66,8,2,1,3
2025-01-02 08:35:00,NSW1,56.98,6861.86,8,2,1,3
2025-01-02 08:35:00,QLD1,62.81246,6169.15,8,2,1,3
2025-01-02 08:35:00,SA1,-49.46294,729.49,8,2,1,3
2025-01-02 08:35:00,TAS1,120.26,1046.89,8,2,1,3
2025-01-02 08:35:00,VIC1,-50.08,2883.07,8,2,1,3
2025-01-02 08:40:00,NSW1,52.98017,6854.17,8,2,1,3
2025-01-02 08:40:00,QLD1,57.73,6190.93,8,2,1,3
2025-01-02 08:40:00,SA1,-45.43895,712.11,8,2,1,3
2025-01-02 08:40:00,TAS1,120.26,1046.09,8,2,1,3
2025-01-02 08:40:00,VIC1,-45.05,2823.49,8,2,1,3
2025-01-02 08:45:00,NSW1,49.71282,6824.96,8,2,1,3
2025-01-02 08:45:00,QLD1,55.75,6145.1,8,2,1,3
2025-01-02 08:45:00,SA1,-41.57146,679.93,8,2,1,3
2025-01-02 08:45:00,TAS1,120.26,1042.61,8,2,1,3
2025-01-02 08:45:00,VIC1,-41.73,2825.18,8,2,1,3
2025-01-02 08:50:00,NSW1,38.15454,6819.51,8,2,1,3
2025-01-02 08:50:00,QLD1,42.22,6055.41,8,2,1,3
2025-01-02 08:50:00,SA1,-49.36678,654.51,8,2,1,3
2025-01-02 08:50:00,TAS1,120.26,1037.31,8,2,1,3
2025-01-02 08:50:00,VIC1,-50.08,2737.38,8,2,1,3
2025-01-02 08:55:00,NSW1,57.01006,6789.27,8,2,1,3
2025-01-02 08:55:00,QLD1,63.15104,5978.55,8,2,1,3
2025-01-02 08:55:00,SA1,-66.24311,626.57,8,2,1,3
2025-01-02 08:55:00,TAS1,120.26,1044.5,8,2,1,3
2025-01-02 08:55:00,VIC1,-66.3,2649.1,8,2,1,3
2025-01-02 09:00:00,NSW1,50.3146,6754.58,9,2,1,3
2025-01-02 09:00:00,QLD1,55.75,5926.24,9,2,1,3
2025-01-02 09:00:00,SA1,-35.0,599.58,9,2,1,3
2025-01-02 09:00:00,TAS1,120.26,1041.09,9,2,1,3
2025-01-02 09:00:00,VIC1,-36.47603,2689.15,9,2,1,3
2025-01-02 09:05:00,NSW1,52.39928,6761.59,9,2,1,3
2025-01-02 09:05:00,QLD1,57.73,5923.86,9,2,1,3
2025-01-02 09:05:00,SA1,-66.33256,563.21,9,2,1,3
2025-01-02 09:05:00,TAS1,120.26,1039.5,9,2,1,3
2025-01-02 09:05:00,VIC1,-66.3,2540.05,9,2,1,3
2025-01-02 09:10:00,NSW1,61.01006,6772.91,9,2,1,3
2025-01-02 09:10:00,QLD1,66.90943,6016.69,9,2,1,3
2025-01-02 09:10:00,SA1,-62.51881,536.68,9,2,1,3
2025-01-02 09:10:00,TAS1,120.26,1031.76,9,2,1,3
2025-01-02 09:10:00,VIC1,-63.94,2549.26,9,2,1,3
2025-01-02 09:15:00,NSW1,40.97943,6803.81,9,2,1,3
2025-01-02 09:15:00,QLD1,44.95,5987.9,9,2,1,3
2025-01-02 09:15:00,SA1,-39.99,510.0,9,2,1,3
2025-01-02 09:15:00,TAS1,120.26,1024.83,9,2,1,3
2025-01-02 09:15:00,VIC1,-40.3171,2419.82,9,2,1,3
2025-01-02 09:20:00,NSW1,35.88,6776.8,9,2,1,3
2025-01-02 09:20:00,QLD1,39.30807,5945.96,9,2,1,3
2025-01-02 09:20:00,SA1,-65.27649,488.14,9,2,1,3
2025-01-02 09:20:00,TAS1,120.26,1017.29,9,2,1,3
2025-01-02 09:20:00,VIC1,-66.3,2352.87,9,2,1,3
2025-01-02 09:25:00,NSW1,41.30976,6829.41,9,2,1,3
2025-01-02 09:25:00,QLD1,44.95,5906.39,9,2,1,3
2025-01-02 09:25:00,SA1,-61.86173,445.47,9,2,1,3
2025-01-02 09:25:00,TAS1,120.26,1010.52,9,2,1,3
2025-01-02 09:25:00,VIC1,-63.94,2413.14,9,2,1,3
2025-01-02 09:30:00,NSW1,19.0558,6714.47,9,2,1,3
2025-01-02 09:30:00,QLD1,20.99,5931.4,9,2,1,3
2025-01-02 09:30:00,SA1,-57.10595,435.4,9,2,1,3
2025-01-02 09:30:00,TAS1,120.26,1005.11,9,2,1,3
2025-01-02 09:30:00,VIC1,-57.9,2264.37,9,2,1,3
2025-01-02 09:35:00,NSW1,25.01637,6725.54,9,2,1,3
2025-01-02 09:35:00,QLD1,27.73,5950.57,9,2,1,3
2025-01-02 09:35:00,SA1,-61.40325,415.46,9,2,1,3
2025-01-02 09:35:00,TAS1,120.26,996.46,9,2,1,3
2025-01-02 09:35:00,VIC1,-62.51,2196.25,9,2,1,3
2025-01-02 09:40:00,NSW1,33.73102,6782.6,9,2,1,3
2025-01-02 09:40:00,QLD1,36.36991,6058.04,9,2,1,3
2025-01-02 09:40:00,SA1,-56.93306,416.63,9,2,1,3
2025-01-02 09:40:00,TAS1,120.26,1001.56,9,2,1,3
2025-01-02 09:40:00,VIC1,-57.9,2182.03,9,2,1,3
2025-01-02 09:45:00,NSW1,41.43136,6810.84,9,2,1,3
2025-01-02 09:45:00,QLD1,44.95001,6024.91,9,2,1,3
2025-01-02 09:45:00,SA1,-65.65484,400.33,9,2,1,3
2025-01-02 09:45:00,TAS1,120.26,997.44,9,2,1,3
2025-01-02 09:45:00,VIC1,-66.29995,2098.54,9,2,1,3
2025-01-02 09:50:00,NSW1,36.00004,6748.73,9,2,1,3
2025-01-02 09:50:00,QLD1,39.2898,6091.21,9,2,1,3
2025-01-02 09:50:00,SA1,-57.63613,382.15,9,2,1,3
2025-01-02 09:50:00,TAS1,120.26,986.79,9,2,1,3
2025-01-02 09:50:00,VIC1,-57.9,2145.73,9,2,1,3
2025-01-02 09:55:00,NSW1,18.36014,6697.74,9,2,1,3
2025-01-02 09:55:00,QLD1,20.0,5978.05,9,2,1,3
2025-01-02 09:55:00,SA1,-64.63752,359.38,9,2,1,3
2025-01-02 09:55:00,TAS1,120.26,977.85,9,2,1,3
2025-01-02 09:55:00,VIC1,-66.3,2050.22,9,2,1,3
2025-01-02 10:00:00,NSW1,1.00002,6804.7,10,2,1,3
2025-01-02 10:00:00,QLD1,1.07575,5945.86,10,2,1,3
2025-01-02 10:00:00,SA1,-64.7982,342.86,10,2,1,3
2025-01-02 10:00:00,TAS1,120.26,974.93,10,2,1,3
2025-01-02 10:00:00,VIC1,-66.3,2071.75,10,2,1,3
2025-01-02 10:05:00,NSW1,77.9889,6774.03,10,2,1,3
2025-01-02 10:05:00,QLD1,77.95003,5885.76,10,2,1,3
2025-01-02 10:05:00,SA1,-190.0,319.04,10,2,1,3
2025-01-02 10:05:00,TAS1,120.26,971.24,10,2,1,3
2025-01-02 10:05:00,VIC1,-388.14022,2035.92,10,2,1,3
2025-01-02 10:10:00,NSW1,76.59209,6877.07,10,2,1,3
2025-01-02 10:10:00,QLD1,75.25,5923.42,10,2,1,3
2025-01-02 10:10:00,SA1,-99.21,351.53,10,2,1,3
2025-01-02 10:10:00,TAS1,120.26,977.12,10,2,1,3
2025-01-02 10:10:00,VIC1,-140.0,2171.18,10,2,1,3
2025-01-02 10:15:00,NSW1,57.10697,6824.03,10,2,1,3
2025-01-02 10:15:00,QLD1,55.75,5919.17,10,2,1,3
2025-01-02 10:15:00,SA1,-71.24364,366.73,10,2,1,3
2025-01-02 10:15:00,TAS1,120.26,974.07,10,2,1,3
2025-01-02 10:15:00,VIC1,-69.63,2126.16,10,2,1,3
2025-01-02 10:20:00,NSW1,70.79067,6865.16,10,2,1,3
2025-01-02 10:20:00,QLD1,68.22,5856.5,10,2,1,3
2025-01-02 10:20:00,SA1,-107.71175,342.43,10,2,1,3
2025-01-02 10:20:00,TAS1,120.26,952.83,10,2,1,3
2025-01-02 10:20:00,VIC1,-105.01,2085.8,10,2,1,3
2025-01-02 10:25:00,NSW1,56.98,6879.85,10,2,1,3
2025-01-02 10:25:00,QLD1,54.55269,5858.0,10,2,1,3
2025-01-02 10:25:00,SA1,-106.5,347.71,10,2,1,3
2025-01-02 10:25:00,TAS1,120.26,947.34,10,2,1,3
2025-01-02 10:25:00,VIC1,-246.46438,2098.36,10,2,1,3
2025-01-02 10:30:00,NSW1,58.16316,6861.92,10,2,1,3
2025-01-02 10:30:00,QLD1,55.75,5909.26,10,2,1,3
2025-01-02 10:30:00,SA1,-99.21,343.53,10,2,1,3
2025-01-02 10:30:00,TAS1,120.26,945.67,10,2,1,3
2025-01-02 10:30:00,VIC1,-253.6,2034.43,10,2,1,3
2025-01-02 10:35:00,NSW1,70.7382,6919.59,10,2,1,3
2025-01-02 10:35:00,QLD1,68.22,5873.68,10,2,1,3
2025-01-02 10:35:00,SA1,-99.21,315.81,10,2,1,3
2025-01-02 10:35:00,TAS1,120.26,945.58,10,2,1,3
2025-01-02 10:35:00,VIC1,-253.6,1992.52,10,2,1,3
2025-01-02 10:40:00,NSW1,62.81344,6913.05,10,2,1,3
2025-01-02 10:40:00,QLD1,60.5,5836.29,10,2,1,3
2025-01-02 10:40:00,SA1,-139.95475,294.24,10,2,1,3
2025-01-02 10:40:00,TAS1,120.26,946.44,10,2,1,3
2025-01-02 10:40:00,VIC1,-140.0,1990.53,10,2,1,3
2025-01-02 10:45:00,NSW1,47.55783,6962.76,10,2,1,3
2025-01-02 10:45:00,QLD1,44.95,5783.18,10,2,1,3
2025-01-02 10:45:00,SA1,-123.47052,292.7,10,2,1,3
2025-01-02 10:45:00,TAS1,120.26,938.82,10,2,1,3
2025-01-02 10:45:00,VIC1,-122.60049,1987.36,10,2,1,3
2025-01-02 10:50:00,NSW1,57.0101,6995.89,10,2,1,3
2025-01-02 10:50:00,QLD1,53.87907,5762.15,10,2,1,3
2025-01-02 10:50:00,SA1,-99.21,263.11,10,2,1,3
2025-01-02 10:50:00,TAS1,120.26,933.98,10,2,1,3
2025-01-02 10:50:00,VIC1,-100.35986,1959.79,10,2,1,3
2025-01-02 10:55:00,NSW1,37.75345,7015.51,10,2,1,3
2025-01-02 10:55:00,QLD1,34.75,5658.66,10,2,1,3
2025-01-02 10:55:00,SA1,-67.91719,253.55,10,2,1,3
2025-01-02 10:55:00,TAS1,120.26,927.59,10,2,1,3
2025-01-02 10:55:00,VIC1,-69.63,1900.01,10,2,1,3
2025-01-02 11:00:00,NSW1,57.01016,7037.14,11,2,1,3
2025-01-02 11:00:00,QLD1,53.14753,5681.5,11,2,1,3
2025-01-02 11:00:00,SA1,-64.29705,218.99,11,2,1,3
2025-01-02 11:00:00,TAS1,120.26,931.04,11,2,1,3
2025-01-02 11:00:00,VIC1,-66.3,1915.58,11,2,1,3
2025-01-02 11:05:00,NSW1,-22.42934,7003.18,11,2,1,3
2025-01-02 11:05:00,QLD1,-20.49,5569.84,11,2,1,3
2025-01-02 11:05:00,SA1,-64.72686,210.79,11,2,1,3
2025-01-02 11:05:00,TAS1,120.26,941.79,11,2,1,3
2025-01-02 11:05:00,VIC1,-66.3,1891.88,11,2,1,3
2025-01-02 11:10:00,NSW1,38.02185,7039.53,11,2,1,3
2025-01-02 11:10:00,QLD1,34.75,5612.76,11,2,1,3
2025-01-02 11:10:00,SA1,-63.97625,185.28,11,2,1,3
2025-01-02 11:10:00,TAS1,120.26,937.97,11,2,1,3
2025-01-02 11:10:00,VIC1,-66.3,1883.16,11,2,1,3
2025-01-02 11:15:00,NSW1,66.01015,6997.17,11,2,1,3
2025-01-02 11:15:00,QLD1,62.19763,5576.4,11,2,1,3
2025-01-02 11:15:00,SA1,-63.76067,178.51,11,2,1,3
2025-01-02 11:15:00,TAS1,120.26,944.44,11,2,1,3
2025-01-02 11:15:00,VIC1,-66.3,1865.65,11,2,1,3
2025-01-02 11:20:00,NSW1,45.05364,6956.54,11,2,1,3
2025-01-02 11:20:00,QLD1,42.13002,5610.13,11,2,1,3
2025-01-02 11:20:00,SA1,-66.72196,163.11,11,2,1,3
2025-01-02 11:20:00,TAS1,120.26,943.52,11,2,1,3
2025-01-02 11:20:00,VIC1,-69.63,1803.57,11,2,1,3
2025-01-02 11:25:00,NSW1,-22.06262,6952.85,11,2,1,3
2025-01-02 11:25:00,QLD1,-20.49,5569.1,11,2,1,3
2025-01-02 11:25:00,SA1,-66.12329,132.77,11,2,1,3
2025-01-02 11:25:00,TAS1,120.26,936.79,11,2,1,3
2025-01-02 11:25:00,VIC1,-69.63,1821.38,11,2,1,3
2025-01-02 11:30:00,NSW1,-22.31254,6946.36,11,2,1,3
2025-01-02 11:30:00,QLD1,-20.49,5550.99,11,2,1,3
2025-01-02 11:30:00,SA1,-66.12779,131.46,11,2,1,3
2025-01-02 11:30:00,TAS1,120.26,935.48,11,2,1,3
2025-01-02 11:30:00,VIC1,-69.63,1807.96,11,2,1,3
2025-01-02 11:35:00,NSW1,-22.29508,6915.65,11,2,1,3
2025-01-02 11:35:00,QLD1,-20.49,5609.32,11,2,1,3
2025-01-02 11:35:00,SA1,-65.9163,128.81,11,2,1,3
2025-01-02 11:35:00,TAS1,120.26,928.82,11,2,1,3
2025-01-02 11:35:00,VIC1,-69.63,1778.74,11,2,1,3
2025-01-02 11:40:00,NSW1,-22.59513,6913.49,11,2,1,3
2025-01-02 11:40:00,QLD1,-20.49,5558.75,11,2,1,3
2025-01-02 11:40:00,SA1,-66.45065,141.0,11,2,1,3
2025-01-02 11:40:00,TAS1,120.26,921.47,11,2,1,3
2025-01-02 11:40:00,VIC1,-69.63,1755.72,11,2,1,3
2025-01-02 11:45:00,NSW1,-27.27028,6889.88,11,2,1,3
2025-01-02 11:45:00,QLD1,-25.0,5479.91,11,2,1,3
2025-01-02 11:45:00,SA1,-66.19619,135.88,11,2,1,3
2025-01-02 11:45:00,TAS1,120.26,925.87,11,2,1,3
2025-01-02 11:45:00,VIC1,-69.63,1749.26,11,2,1,3
2025-01-02 11:50:00,NSW1,-31.01,6855.13,11,2,1,3
2025-01-02 11:50:00,QLD1,-27.50032,5424.82,11,2,1,3
2025-01-02 11:50:00,SA1,-66.50059,161.78,11,2,1,3
2025-01-02 11:50:00,TAS1,120.26,920.38,11,2,1,3
2025-01-02 11:50:00,VIC1,-69.63,1719.9,11,2,1,3
2025-01-02 11:55:00,NSW1,-34.76483,6803.3,11,2,1,3
2025-01-02 11:55:00,QLD1,-31.0,5364.99,11,2,1,3
2025-01-02 11:55:00,SA1,-76.53,141.84,11,2,1,3
2025-01-02 11:55:00,TAS1,120.26,923.92,11,2,1,3
2025-01-02 11:55:00,VIC1,-79.88064,1717.75,11,2,1,3
2025-01-02 12:00:00,NSW1,-34.79179,6825.08,12,2,1,3
2025-01-02 12:00:00,QLD1,-31.0,5334.37,12,2,1,3
2025-01-02 12:00:00,SA1,-99.21,142.42,12,2,1,3
2025-01-02 12:00:00,TAS1,120.26,906.89,12,2,1,3
2025-01-02 12:00:00,VIC1,-102.44313,1706.57,12,2,1,3
2025-01-02 12:05:00,NSW1,-36.78622,6839.53,12,2,1,3
2025-01-02 12:05:00,QLD1,-32.95,5272.72,12,2,1,3
2025-01-02 12:05:00,SA1,-66.2564,139.86,12,2,1,3
2025-01-02 12:05:00,TAS1,120.26,901.3,12,2,1,3
2025-01-02 12:05:00,VIC1,-69.63,1709.78,12,2,1,3
2025-01-02 12:10:00,NSW1,-36.98815,6831.46,12,2,1,3
2025-01-02 12:10:00,QLD1,-32.95,5314.65,12,2,1,3
2025-01-02 12:10:00,SA1,-66.45147,130.88,12,2,1,3
2025-01-02 12:10:00,TAS1,120.26,910.0,12,2,1,3
2025-01-02 12:10:00,VIC1,-69.63,1706.49,12,2,1,3
2025-01-02 12:15:00,NSW1,-34.07165,6718.89,12,2,1,3
2025-01-02 12:15:00,QLD1,-30.75,5381.86,12,2,1,3
2025-01-02 12:15:00,SA1,-80.44553,127.03,12,2,1,3
2025-01-02 12:15:00,TAS1,120.26,901.94,12,2,1,3
2025-01-02 12:15:00,VIC1,-84.86,1675.62,12,2,1,3
2025-01-02 12:20:00,NSW1,-33.6591,6688.92,12,2,1,3
2025-01-02 12:20:00,QLD1,-30.75,5410.77,12,2,1,3
2025-01-02 12:20:00,SA1,-66.28486,155.7,12,2,1,3
2025-01-02 12:20:00,TAS1,120.26,893.13,12,2,1,3
2025-01-02 12:20:00,VIC1,-69.63,1682.19,12,2,1,3
2025-01-02 12:25:00,NSW1,-33.0,6709.33,12,2,1,3
2025-01-02 12:25:00,QLD1,-29.0561,5391.76,12,2,1,3
2025-01-02 12:25:00,SA1,-80.059,105.08,12,2,1,3
2025-01-02 12:25:00,TAS1,120.26,889.93,12,2,1,3
2025-01-02 12:25:00,VIC1,-84.86,1669.6,12,2,1,3
2025-01-02 12:30:00,NSW1,-33.0,6638.8,12,2,1,3
2025-01-02 12:30:00,QLD1,-29.26051,5457.71,12,2,1,3
2025-01-02 12:30:00,SA1,-99.21,113.39,12,2,1,3
2025-01-02 12:30:00,TAS1,118.26,877.64,12,2,1,3
2025-01-02 12:30:00,VIC1,-103.98603,1671.33,12,2,1,3
2025-01-02 12:35:00,NSW1,-33.78555,6603.35,12,2,1,3
2025-01-02 12:35:00,QLD1,-30.11,5406.87,12,2,1,3
2025-01-02 12:35:00,SA1,-80.42791,119.64,12,2,1,3
2025-01-02 12:35:00,TAS1,120.26,875.12,12,2,1,3
2025-01-02 12:35:00,VIC1,-84.86,1652.84,12,2,1,3
2025-01-02 12:40:00,NSW1,-32.99999,6596.99,12,2,1,3
2025-01-02 12:40:00,QLD1,-30.36818,5495.74,12,2,1,3
2025-01-02 12:40:00,SA1,-76.53,157.92,12,2,1,3
2025-01-02 12:40:00,TAS1,120.26,876.33,12,2,1,3
2025-01-02 12:40:00,VIC1,-80.06222,1646.4,12,2,1,3
2025-01-02 12:45:00,NSW1,-32.99999,6511.87,12,2,1,3
2025-01-02 12:45:00,QLD1,-30.3699,5496.03,12,2,1,3
2025-01-02 12:45:00,SA1,-99.21,116.9,12,2,1,3
2025-01-02 12:45:00,TAS1,118.26,843.71,12,2,1,3
2025-01-02 12:45:00,VIC1,-104.00146,1679.86,12,2,1,3
2025-01-02 12:50:00,NSW1,-33.0,6544.51,12,2,1,3
2025-01-02 12:50:00,QLD1,-30.35432,5465.33,12,2,1,3
2025-01-02 12:50:00,SA1,-99.21,126.44,12,2,1,3
2025-01-02 12:50:00,TAS1,120.26,862.44,12,2,1,3
2025-01-02 12:50:00,VIC1,-102.83026,1658.86,12,2,1,3
2025-01-02 12:55:00,NSW1,-33.86397,6552.63,12,2,1,3
2025-01-02 12:55:00,QLD1,-30.75,5449.1,12,2,1,3
2025-01-02 12:55:00,SA1,-101.54194,114.56,12,2,1,3
2025-01-02 12:55:00,TAS1,119.26,861.59,12,2,1,3
2025-01-02 12:55:00,VIC1,-105.01,1684.44,12,2,1,3
2025-01-02 13:00:00,NSW1,-32.45323,6554.4,13,2,1,3
2025-01-02 13:00:00,QLD1,-29.5,5532.04,13,2,1,3
2025-01-02 13:00:00,SA1,-66.07206,161.72,13,2,1,3
2025-01-02 13:00:00,TAS1,119.26,863.64,13,2,1,3
2025-01-02 13:00:00,VIC1,-69.63,1680.91,13,2,1,3
2025-01-02 13:05:00,NSW1,-23.46115,6500.85,13,2,1,3
2025-01-02 13:05:00,QLD1,-21.2,5517.43,13,2,1,3
2025-01-02 13:05:00,SA1,-99.21,127.54,13,2,1,3
2025-01-02 13:05:00,TAS1,119.26,862.41,13,2,1,3
2025-01-02 13:05:00,VIC1,-442.83089,1668.97,13,2,1,3
2025-01-02 13:10:00,NSW1,37.86752,6577.27,13,2,1,3
2025-01-02 13:10:00,QLD1,34.75003,5655.77,13,2,1,3
2025-01-02 13:10:00,SA1,-99.21,170.61,13,2,1,3
2025-01-02 13:10:00,TAS1,118.26,861.69,13,2,1,3
2025-01-02 13:10:00,VIC1,-410.04701,1701.25,13,2,1,3
2025-01-02 13:15:00,NSW1,36.94036,6584.11,13,2,1,3
2025-01-02 13:15:00,QLD1,34.75,5773.85,13,2,1,3
2025-01-02 13:15:00,SA1,-99.21,171.5,13,2,1,3
2025-01-02 13:15:00,TAS1,119.26,864.87,13,2,1,3
2025-01-02 13:15:00,VIC1,-406.76785,1708.37,13,2,1,3
2025-01-02 13:20:00,NSW1,36.00002,6579.19,13,2,1,3
2025-01-02 13:20:00,QLD1,34.56415,5849.95,13,2,1,3
2025-01-02 13:20:00,SA1,-147.8481,143.4,13,2,1,3
2025-01-02 13:20:00,TAS1,118.26,867.68,13,2,1,3
2025-01-02 13:20:00,VIC1,-150.0,1692.69,13,2,1,3
2025-01-02 13:25:00,NSW1,5.48275,6613.85,13,2,1,3
2025-01-02 13:25:00,QLD1,5.3,5873.72,13,2,1,3
2025-01-02 13:25:00,SA1,-100.0,144.92,13,2,1,3
2025-01-02 13:25:00,TAS1,118.26,864.68,13,2,1,3
2025-01-02 13:25:00,VIC1,-152.0,1700.45,13,2,1,3
2025-01-02 13:30:00,NSW1,35.28465,6620.77,13,2,1,3
2025-01-02 13:30:00,QLD1,34.75,5901.34,13,2,1,3
2025-01-02 13:30:00,SA1,-146.20686,143.75,13,2,1,3
2025-01-02 13:30:00,TAS1,118.26,866.01,13,2,1,3
2025-01-02 13:30:00,VIC1,-150.0,1745.91,13,2,1,3
2025-01-02 13:35:00,NSW1,36.00002,6626.49,13,2,1,3
2025-01-02 13:35:00,QLD1,35.66962,5909.6,13,2,1,3
2025-01-02 13:35:00,SA1,-141.82216,155.35,13,2,1,3
2025-01-02 13:35:00,TAS1,119.26,866.13,13,2,1,3
2025-01-02 13:35:00,VIC1,-150.0,1727.38,13,2,1,3
2025-01-02 13:40:00,NSW1,35.2729,6656.4,13,2,1,3
2025-01-02 13:40:00,QLD1,34.75,5920.49,13,2,1,3
2025-01-02 13:40:00,SA1,-101.18705,187.23,13,2,1,3
2025-01-02 13:40:00,TAS1,118.26,869.91,13,2,1,3
2025-01-02 13:40:00,VIC1,-105.01,1753.88,13,2,1,3
2025-01-02 13:45:00,NSW1,36.00002,6656.48,13,2,1,3
2025-01-02 13:45:00,QLD1,36.16073,5973.68,13,2,1,3
2025-01-02 13:45:00,SA1,-80.62901,188.74,13,2,1,3
2025-01-02 13:45:00,TAS1,118.26,863.67,13,2,1,3
2025-01-02 13:45:00,VIC1,-84.86,1762.86,13,2,1,3
2025-01-02 13:50:00,NSW1,36.00002,6610.76,13,2,1,3
2025-01-02 13:50:00,QLD1,36.4423,6073.79,13,2,1,3
2025-01-02 13:50:00,SA1,-63.24502,202.09,13,2,1,3
2025-01-02 13:50:00,TAS1,119.26,867.93,13,2,1,3
2025-01-02 13:50:00,VIC1,-66.3,1780.33,13,2,1,3
2025-01-02 13:55:00,NSW1,56.35,6696.64,13,2,1,3
2025-01-02 13:55:00,QLD1,55.75,6101.78,13,2,1,3
2025-01-02 13:55:00,SA1,-96.78755,183.03,13,2,1,3
2025-01-02 13:55:00,TAS1,119.26,867.53,13,2,1,3
2025-01-02 13:55:00,VIC1,-102.34,1780.45,13,2,1,3
2025-01-02 14:00:00,NSW1,56.97978,6762.1,14,2,1,3
2025-01-02 14:00:00,QLD1,55.75,6137.3,14,2,1,3
2025-01-02 14:00:00,SA1,-96.85329,189.28,14,2,1,3
2025-01-02 14:00:00,TAS1,119.26,870.2,14,2,1,3
2025-01-02 14:00:00,VIC1,-102.34,1781.81,14,2,1,3
2025-01-02 14:05:00,NSW1,56.95563,6820.81,14,2,1,3
2025-01-02 14:05:00,QLD1,55.75,6140.27,14,2,1,3
2025-01-02 14:05:00,SA1,-79.85267,173.87,14,2,1,3
2025-01-02 14:05:00,TAS1,118.26,861.53,14,2,1,3
2025-01-02 14:05:00,VIC1,-84.86,1854.4,14,2,1,3
2025-01-02 14:10:00,NSW1,40.6436,6771.29,14,2,1,3
2025-01-02 14:10:00,QLD1,41.35998,6288.53,14,2,1,3
2025-01-02 14:10:00,SA1,-80.2295,186.59,14,2,1,3
2025-01-02 14:10:00,TAS1,120.26,895.92,14,2,1,3
2025-01-02 14:10:00,VIC1,-84.86,1834.52,14,2,1,3
2025-01-02 14:15:00,NSW1,36.00002,6746.83,14,2,1,3
2025-01-02 14:15:00,QLD1,36.8771,6321.27,14,2,1,3
2025-01-02 14:15:00,SA1,-80.16494,179.43,14,2,1,3
2025-01-02 14:15:00,TAS1,82.08,887.38,14,2,1,3
2025-01-02 14:15:00,VIC1,-84.86,1870.41,14,2,1,3
2025-01-02 14:20:00,NSW1,33.6819,6758.21,14,2,1,3
2025-01-02 14:20:00,QLD1,34.75,6381.07,14,2,1,3
2025-01-02 14:20:00,SA1,-79.96871,194.34,14,2,1,3
2025-01-02 14:20:00,TAS1,118.26,878.67,14,2,1,3
2025-01-02 14:20:00,VIC1,-84.86,1860.63,14,2,1,3
2025-01-02 14:25:00,NSW1,33.41978,6797.03,14,2,1,3
2025-01-02 14:25:00,QLD1,34.75,6447.34,14,2,1,3
2025-01-02 14:25:00,SA1,-79.6782,200.28,14,2,1,3
2025-01-02 14:25:00,TAS1,118.26,880.23,14,2,1,3
2025-01-02 14:25:00,VIC1,-84.86,1905.17,14,2,1,3
2025-01-02 14:30:00,NSW1,36.00002,6847.91,14,2,1,3
2025-01-02 14:30:00,QLD1,37.23796,6484.99,14,2,1,3
2025-01-02 14:30:00,SA1,-62.70383,230.62,14,2,1,3
2025-01-02 14:30:00,TAS1,119.26,874.68,14,2,1,3
2025-01-02 14:30:00,VIC1,-66.3,1933.47,14,2,1,3
2025-01-02 14:35:00,NSW1,33.33186,6843.69,14,2,1,3
2025-01-02 14:35:00,QLD1,34.75,6542.1,14,2,1,3
2025-01-02 14:35:00,SA1,-63.39128,221.79,14,2,1,3
2025-01-02 14:35:00,TAS1,118.26,878.25,14,2,1,3
2025-01-02 14:35:00,VIC1,-66.3,1937.76,14,2,1,3
2025-01-02 14:40:00,NSW1,33.53142,6858.59,14,2,1,3
2025-01-02 14:40:00,QLD1,34.75,6547.36,14,2,1,3
2025-01-02 14:40:00,SA1,-62.73911,233.22,14,2,1,3
2025-01-02 14:40:00,TAS1,120.26,882.35,14,2,1,3
2025-01-02 14:40:00,VIC1,-66.3,1976.6,14,2,1,3
2025-01-02 14:45:00,NSW1,33.28834,6846.91,14,2,1,3
2025-01-02 14:45:00,QLD1,34.75,6613.42,14,2,1,3
2025-01-02 14:45:00,SA1,-62.55644,253.97,14,2,1,3
2025-01-02 14:45:00,TAS1,120.26,897.26,14,2,1,3
2025-01-02 14:45:00,VIC1,-66.3,2040.36,14,2,1,3
2025-01-02 14:50:00,NSW1,1.00002,6880.57,14,2,1,3
2025-01-02 14:50:00,QLD1,1.02528,6602.73,14,2,1,3
2025-01-02 14:50:00,SA1,-62.77076,265.2,14,2,1,3
2025-01-02 14:50:00,TAS1,120.26,893.73,14,2,1,3
2025-01-02 14:50:00,VIC1,-66.3,2094.07,14,2,1,3
2025-01-02 14:55:00,NSW1,33.75954,6919.58,14,2,1,3
2025-01-02 14:55:00,QLD1,34.75006,6521.57,14,2,1,3
2025-01-02 14:55:00,SA1,-62.7043,280.83,14,2,1,3
2025-01-02 14:55:00,TAS1,120.26,897.09,14,2,1,3
2025-01-02 14:55:00,VIC1,-66.3,2135.22,14,2,1,3
2025-01-02 15:00:00,NSW1,33.36057,6867.33,15,2,1,3
2025-01-02 15:00:00,QLD1,34.75,6521.91,15,2,1,3
2025-01-02 15:00:00,SA1,-62.7643,277.63,15,2,1,3
2025-01-02 15:00:00,TAS1,120.26,897.7,15,2,1,3
2025-01-02 15:00:00,VIC1,-66.3,2135.17,15,2,1,3
2025-01-02 15:05:00,NSW1,35.88002,6841.7,15,2,1,3
2025-01-02 15:05:00,QLD1,38.26008,6505.79,15,2,1,3
2025-01-02 15:05:00,SA1,-61.2219,319.75,15,2,1,3
2025-01-02 15:05:00,TAS1,120.26,898.47,15,2,1,3
2025-01-02 15:05:00,VIC1,-63.94,2177.91,15,2,1,3
2025-01-02 15:10:00,NSW1,32.78002,6928.33,15,2,1,3
2025-01-02 15:10:00,QLD1,34.77171,6523.74,15,2,1,3
2025-01-02 15:10:00,SA1,-61.22726,309.64,15,2,1,3
2025-01-02 15:10:00,TAS1,120.26,899.27,15,2,1,3
2025-01-02 15:10:00,VIC1,-63.94,2199.65,15,2,1,3
2025-01-02 15:15:00,NSW1,44.38775,6937.29,15,2,1,3
2025-01-02 15:15:00,QLD1,47.99,6567.89,15,2,1,3
2025-01-02 15:15:00,SA1,-63.27718,318.11,15,2,1,3
2025-01-02 15:15:00,TAS1,120.26,903.39,15,2,1,3
2025-01-02 15:15:00,VIC1,-66.3,2215.16,15,2,1,3
2025-01-02 15:20:00,NSW1,32.33659,6974.96,15,2,1,3
2025-01-02 15:20:00,QLD1,34.75,6543.4,15,2,1,3
2025-01-02 15:20:00,SA1,-55.61873,339.6,15,2,1,3
2025-01-02 15:20:00,TAS1,120.26,911.67,15,2,1,3
2025-01-02 15:20:00,VIC1,-57.9,2325.15,15,2,1,3
2025-01-02 15:25:00,NSW1,20.0,7001.98,15,2,1,3
2025-01-02 15:25:00,QLD1,21.37512,6550.91,15,2,1,3
2025-01-02 15:25:00,SA1,-59.18745,345.57,15,2,1,3
2025-01-02 15:25:00,TAS1,120.26,906.75,15,2,1,3
2025-01-02 15:25:00,VIC1,-61.37,2326.25,15,2,1,3
2025-01-02 15:30:00,NSW1,35.88,7097.06,15,2,1,3
2025-01-02 15:30:00,QLD1,37.67379,6523.72,15,2,1,3
2025-01-02 15:30:00,SA1,-48.54067,379.95,15,2,1,3
2025-01-02 15:30:00,TAS1,120.26,919.01,15,2,1,3
2025-01-02 15:30:00,VIC1,-50.08,2375.39,15,2,1,3
2025-01-02 15:35:00,NSW1,54.49292,7087.5,15,2,1,3
2025-01-02 15:35:00,QLD1,54.18998,6523.07,15,2,1,3
2025-01-02 15:35:00,SA1,-200.0,389.02,15,2,1,3
2025-01-02 15:35:00,TAS1,120.26,913.57,15,2,1,3
2025-01-02 15:35:00,VIC1,-205.6307,2411.95,15,2,1,3
2025-01-02 15:40:00,NSW1,54.74906,7147.99,15,2,1,3
2025-01-02 15:40:00,QLD1,55.53,6629.93,15,2,1,3
2025-01-02 15:40:00,SA1,-108.84691,464.85,15,2,1,3
2025-01-02 15:40:00,TAS1,120.26,920.48,15,2,1,3
2025-01-02 15:40:00,VIC1,-110.24,2549.39,15,2,1,3
2025-01-02 15:45:00,NSW1,55.95597,7234.23,15,2,1,3
2025-01-02 15:45:00,QLD1,55.75003,6563.33,15,2,1,3
2025-01-02 15:45:00,SA1,-65.57408,476.16,15,2,1,3
2025-01-02 15:45:00,TAS1,120.26,932.44,15,2,1,3
2025-01-02 15:45:00,VIC1,-66.3,2576.52,15,2,1,3
2025-01-02 15:50:00,NSW1,55.40569,7276.97,15,2,1,3
2025-01-02 15:50:00,QLD1,55.53,6541.17,15,2,1,3
2025-01-02 15:50:00,SA1,-65.23697,493.06,15,2,1,3
2025-01-02 15:50:00,TAS1,120.26,940.01,15,2,1,3
2025-01-02 15:50:00,VIC1,-66.3,2673.53,15,2,1,3
2025-01-02 15:55:00,NSW1,76.29856,7312.42,15,2,1,3
2025-01-02 15:55:00,QLD1,77.95002,6627.62,15,2,1,3
2025-01-02 15:55:00,SA1,-65.52227,517.41,15,2,1,3
2025-01-02 15:55:00,TAS1,120.26,957.78,15,2,1,3
2025-01-02 15:55:00,VIC1,-66.3,2723.48,15,2,1,3
2025-01-02 16:00:00,NSW1,76.00002,7366.76,16,2,1,3
2025-01-02 16:00:00,QLD1,77.95,6682.85,16,2,1,3
2025-01-02 16:00:00,SA1,-66.26529,528.16,16,2,1,3
2025-01-02 16:00:00,TAS1,120.26,958.01,16,2,1,3
2025-01-02 16:00:00,VIC1,-66.29995,2790.08,16,2,1,3
2025-01-02 16:05:00,NSW1,57.01003,7405.61,16,2,1,3
2025-01-02 16:05:00,QLD1,56.97815,6715.63,16,2,1,3
2025-01-02 16:05:00,SA1,-65.58157,545.63,16,2,1,3
2025-01-02 16:05:00,TAS1,120.26,957.61,16,2,1,3
2025-01-02 16:05:00,VIC1,-66.3,2847.04,16,2,1,3
2025-01-02 16:10:00,NSW1,75.9,7468.86,16,2,1,3
2025-01-02 16:10:00,QLD1,76.07111,6729.09,16,2,1,3
2025-01-02 16:10:00,SA1,-65.83143,558.46,16,2,1,3
2025-01-02 16:10:00,TAS1,120.26,973.59,16,2,1,3
2025-01-02 16:10:00,VIC1,-66.3,2855.62,16,2,1,3
2025-01-02 16:15:00,NSW1,76.0001,7475.88,16,2,1,3
2025-01-02 16:15:00,QLD1,76.19741,6743.19,16,2,1,3
2025-01-02 16:15:00,SA1,-65.91131,594.49,16,2,1,3
2025-01-02 16:15:00,TAS1,120.26,975.43,16,2,1,3
2025-01-02 16:15:00,VIC1,-66.3,2916.86,16,2,1,3
2025-01-02 16:20:00,NSW1,59.01995,7511.38,16,2,1,3
2025-01-02 16:20:00,QLD1,57.57987,6898.46,16,2,1,3
2025-01-02 16:20:00,SA1,-65.9378,618.89,16,2,1,3
2025-01-02 16:20:00,TAS1,120.26,963.93,16,2,1,3
2025-01-02 16:20:00,VIC1,-66.3,2988.03,16,2,1,3
2025-01-02 16:25:00,NSW1,57.41115,7565.49,16,2,1,3
2025-01-02 16:25:00,QLD1,55.75,6864.11,16,2,1,3
2025-01-02 16:25:00,SA1,-58.2438,665.77,16,2,1,3
2025-01-02 16:25:00,TAS1,120.26,979.57,16,2,1,3
2025-01-02 16:25:00,VIC1,-57.9,3088.39,16,2,1,3
2025-01-02 16:30:00,NSW1,76.00005,7650.89,16,2,1,3
2025-01-02 16:30:00,QLD1,74.80936,6922.88,16,2,1,3
2025-01-02 16:30:00,SA1,-47.34861,681.07,16,2,1,3
2025-01-02 16:30:00,TAS1,120.26,991.36,16,2,1,3
2025-01-02 16:30:00,VIC1,-46.55,3115.8,16,2,1,3
2025-01-02 16:35:00,NSW1,75.9,7629.58,16,2,1,3
2025-01-02 16:35:00,QLD1,76.07292,6913.62,16,2,1,3
2025-01-02 16:35:00,SA1,-59.50315,709.97,16,2,1,3
2025-01-02 16:35:00,TAS1,120.26,989.31,16,2,1,3
2025-01-02 16:35:00,VIC1,-57.9,3222.38,16,2,1,3
2025-01-02 16:40:00,NSW1,75.9,7696.6,16,2,1,3
2025-01-02 16:40:00,QLD1,75.73925,6971.31,16,2,1,3
2025-01-02 16:40:00,SA1,-59.77211,744.5,16,2,1,3
2025-01-02 16:40:00,TAS1,120.26,998.72,16,2,1,3
2025-01-02 16:40:00,VIC1,-57.9,3258.88,16,2,1,3
2025-01-02 16:45:00,NSW1,57.01003,7707.74,16,2,1,3
2025-01-02 16:45:00,QLD1,56.2373,6991.85,16,2,1,3
2025-01-02 16:45:00,SA1,-51.89536,768.91,16,2,1,3
2025-01-02 16:45:00,TAS1,120.26,1006.77,16,2,1,3
2025-01-02 16:45:00,VIC1,-50.08,3319.85,16,2,1,3
2025-01-02 16:50:00,NSW1,45.56128,7730.17,16,2,1,3
2025-01-02 16:50:00,QLD1,44.95,6981.68,16,2,1,3
2025-01-02 16:50:00,SA1,-51.54184,796.34,16,2,1,3
2025-01-02 16:50:00,TAS1,120.26,1003.13,16,2,1,3
2025-01-02 16:50:00,VIC1,-50.08,3429.45,16,2,1,3
2025-01-02 16:55:00,NSW1,56.98007,7773.0,16,2,1,3
2025-01-02 16:55:00,QLD1,56.9995,7081.67,16,2,1,3
2025-01-02 16:55:00,SA1,-46.21385,834.46,16,2,1,3
2025-01-02 16:55:00,TAS1,120.26,1013.97,16,2,1,3
2025-01-02 16:55:00,VIC1,-45.05,3543.0,16,2,1,3
2025-01-02 17:00:00,NSW1,56.98004,7740.84,17,2,1,3
2025-01-02 17:00:00,QLD1,57.02721,7094.14,17,2,1,3
2025-01-02 17:00:00,SA1,-39.70685,863.04,17,2,1,3
2025-01-02 17:00:00,TAS1,120.26,1016.97,17,2,1,3
2025-01-02 17:00:00,VIC1,-38.31,3482.21,17,2,1,3
2025-01-02 17:05:00,NSW1,75.45353,7746.88,17,2,1,3
2025-01-02 17:05:00,QLD1,77.95,7197.55,17,2,1,3
2025-01-02 17:05:00,SA1,-51.04288,903.77,17,2,1,3
2025-01-02 17:05:00,TAS1,120.26,1026.6,17,2,1,3
2025-01-02 17:05:00,VIC1,-50.08,3565.26,17,2,1,3
2025-01-02 17:10:00,NSW1,36.00007,7721.8,17,2,1,3
2025-01-02 17:10:00,QLD1,36.85321,7011.96,17,2,1,3
2025-01-02 17:10:00,SA1,-64.11441,927.47,17,2,1,3
2025-01-02 17:10:00,TAS1,120.26,1028.49,17,2,1,3
2025-01-02 17:10:00,VIC1,-62.51,3531.13,17,2,1,3
2025-01-02 17:15:00,NSW1,57.01003,7744.01,17,2,1,3
2025-01-02 17:15:00,QLD1,59.47648,7080.8,17,2,1,3
2025-01-02 17:15:00,SA1,-39.39891,970.54,17,2,1,3
2025-01-02 17:15:00,TAS1,120.26,1037.84,17,2,1,3
2025-01-02 17:15:00,VIC1,-38.31,3683.97,17,2,1,3
2025-01-02 17:20:00,NSW1,72.84576,7802.91,17,2,1,3
2025-01-02 17:20:00,QLD1,77.95,7078.78,17,2,1,3
2025-01-02 17:20:00,SA1,-51.649,1001.85,17,2,1,3
2025-01-02 17:20:00,TAS1,120.26,1040.51,17,2,1,3
2025-01-02 17:20:00,VIC1,-50.08,3699.6,17,2,1,3
2025-01-02 17:25:00,NSW1,70.75831,7835.56,17,2,1,3
2025-01-02 17:25:00,QLD1,77.65,7141.08,17,2,1,3
2025-01-02 17:25:00,SA1,-39.99,1030.95,17,2,1,3
2025-01-02 17:25:00,TAS1,120.26,1046.84,17,2,1,3
2025-01-02 17:25:00,VIC1,-38.75712,3798.71,17,2,1,3
2025-01-02 17:30:00,NSW1,70.76653,7880.68,17,2,1,3
2025-01-02 17:30:00,QLD1,77.65,7115.13,17,2,1,3
2025-01-02 17:30:00,SA1,-39.98813,1072.05,17,2,1,3
2025-01-02 17:30:00,TAS1,120.26,1049.31,17,2,1,3
2025-01-02 17:30:00,VIC1,-38.31,3878.82,17,2,1,3
2025-01-02 17:35:00,NSW1,69.41081,7871.46,17,2,1,3
2025-01-02 17:35:00,QLD1,77.65,7194.9,17,2,1,3
2025-01-02 17:35:00,SA1,-37.33333,1098.94,17,2,1,3
2025-01-02 17:35:00,TAS1,120.26,1060.15,17,2,1,3
2025-01-02 17:35:00,VIC1,-35.5,3939.42,17,2,1,3
2025-01-02 17:40:00,NSW1,69.77818,7935.89,17,2,1,3
2025-01-02 17:40:00,QLD1,77.65,7200.43,17,2,1,3
2025-01-02 17:40:00,SA1,-36.36788,1125.14,17,2,1,3
2025-01-02 17:40:00,TAS1,120.26,1057.42,17,2,1,3
2025-01-02 17:40:00,VIC1,-34.46,4031.83,17,2,1,3
2025-01-02 17:45:00,NSW1,76.45548,7908.79,17,2,1,3
2025-01-02 17:45:00,QLD1,86.83008,7369.07,17,2,1,3
2025-01-02 17:45:00,SA1,-35.0,1148.74,17,2,1,3
2025-01-02 17:45:00,TAS1,120.26,1065.31,17,2,1,3
2025-01-02 17:45:00,VIC1,-33.7675,4102.57,17,2,1,3
2025-01-02 17:50:00,NSW1,72.91891,8012.66,17,2,1,3
2025-01-02 17:50:00,QLD1,93.83034,7323.91,17,2,1,3
2025-01-02 17:50:00,SA1,-32.57965,1174.28,17,2,1,3
2025-01-02 17:50:00,TAS1,120.26,1066.66,17,2,1,3
2025-01-02 17:50:00,VIC1,-31.99993,4109.63,17,2,1,3
2025-01-02 17:55:00,NSW1,40.08746,7989.47,17,2,1,3
2025-01-02 17:55:00,QLD1,100.88043,7434.82,17,2,1,3
2025-01-02 17:55:00,SA1,-20.87133,1193.83,17,2,1,3
2025-01-02 17:55:00,TAS1,120.26,1066.85,17,2,1,3
2025-01-02 17:55:00,VIC1,-21.0,4180.51,17,2,1,3
2025-01-02 18:00:00,NSW1,56.33084,8008.26,18,2,1,3
2025-01-02 18:00:00,QLD1,112.75,7473.62,18,2,1,3
2025-01-02 18:00:00,SA1,-20.1,1228.23,18,2,1,3
2025-01-02 18:00:00,TAS1,120.26,1074.64,18,2,1,3
2025-01-02 18:00:00,VIC1,-20.36247,4202.7,18,2,1,3
2025-01-02 18:05:00,NSW1,57.90894,7998.75,18,2,1,3
2025-01-02 18:05:00,QLD1,125.0554,7494.28,18,2,1,3
2025-01-02 18:05:00,SA1,-19.38079,1246.32,18,2,1,3
2025-01-02 18:05:00,TAS1,120.26,1072.72,18,2,1,3
2025-01-02 18:05:00,VIC1,-20.19,4273.68,18,2,1,3
2025-01-02 18:10:00,NSW1,70.16397,7907.25,18,2,1,3
2025-01-02 18:10:00,QLD1,111.86181,7566.27,18,2,1,3
2025-01-02 18:10:00,SA1,-9.84961,1249.67,18,2,1,3
2025-01-02 18:10:00,TAS1,120.26,1072.7,18,2,1,3
2025-01-02 18:10:00,VIC1,-10.2494,4300.83,18,2,1,3
2025-01-02 18:15:00,NSW1,88.33805,7917.24,18,2,1,3
2025-01-02 18:15:00,QLD1,110.72,7531.88,18,2,1,3
2025-01-02 18:15:00,SA1,8.55067,1275.17,18,2,1,3
2025-01-02 18:15:00,TAS1,120.26,1076.75,18,2,1,3
2025-01-02 18:15:00,VIC1,8.95,4319.03,18,2,1,3
2025-01-02 18:20:00,NSW1,67.68603,7886.4,18,2,1,3
2025-01-02 18:20:00,QLD1,122.75,7594.92,18,2,1,3
2025-01-02 18:20:00,SA1,8.68191,1318.85,18,2,1,3
2025-01-02 18:20:00,TAS1,120.26,1077.82,18,2,1,3
2025-01-02 18:20:00,VIC1,9.0,4335.04,18,2,1,3
2025-01-02 18:25:00,NSW1,67.82233,7851.61,18,2,1,3
2025-01-02 18:25:00,QLD1,122.95,7621.88,18,2,1,3
2025-01-02 18:25:00,SA1,8.75437,1348.83,18,2,1,3
2025-01-02 18:25:00,TAS1,120.26,1084.98,18,2,1,3
2025-01-02 18:25:00,VIC1,9.0,4374.58,18,2,1,3
2025-01-02 18:30:00,NSW1,75.11545,7911.11,18,2,1,3
2025-01-02 18:30:00,QLD1,122.95,7633.76,18,2,1,3
2025-01-02 18:30:00,SA1,8.71287,1366.44,18,2,1,3
2025-01-02 18:30:00,TAS1,120.26,1083.25,18,2,1,3
2025-01-02 18:30:00,VIC1,8.95026,4400.77,18,2,1,3
2025-01-02 18:35:00,NSW1,65.42186,7886.82,18,2,1,3
2025-01-02 18:35:00,QLD1,134.48556,7705.53,18,2,1,3
2025-01-02 18:35:00,SA1,47.70282,1397.45,18,2,1,3
2025-01-02 18:35:00,TAS1,120.26,1083.25,18,2,1,3
2025-01-02 18:35:00,VIC1,48.22304,4400.95,18,2,1,3
2025-01-02 18:40:00,NSW1,79.39097,7862.92,18,2,1,3
2025-01-02 18:40:00,QLD1,112.75,7745.9,18,2,1,3
2025-01-02 18:40:00,SA1,66.72188,1426.82,18,2,1,3
2025-01-02 18:40:00,TAS1,120.26,1088.6,18,2,1,3
2025-01-02 18:40:00,VIC1,65.8,4465.39,18,2,1,3
2025-01-02 18:45:00,NSW1,72.64332,7870.48,18,2,1,3
2025-01-02 18:45:00,QLD1,122.75,7792.13,18,2,1,3
2025-01-02 18:45:00,SA1,59.88077,1428.65,18,2,1,3
2025-01-02 18:45:00,TAS1,120.26,1091.42,18,2,1,3
2025-01-02 18:45:00,VIC1,58.4965,4503.18,18,2,1,3
2025-01-02 18:50:00,NSW1,79.87449,7901.57,18,2,1,3
2025-01-02 18:50:00,QLD1,112.75,7737.84,18,2,1,3
2025-01-02 18:50:00,SA1,68.13464,1453.64,18,2,1,3
2025-01-02 18:50:00,TAS1,120.26,1097.64,18,2,1,3
2025-01-02 18:50:00,VIC1,65.8,4516.13,18,2,1,3
2025-01-02 18:55:00,NSW1,88.41711,7907.88,18,2,1,3
2025-01-02 18:55:00,QLD1,103.53,7739.87,18,2,1,3
2025-01-02 18:55:00,SA1,78.38399,1499.73,18,2,1,3
2025-01-02 18:55:00,TAS1,120.26,1101.85,18,2,1,3
2025-01-02 18:55:00,VIC1,74.91106,4528.28,18,2,1,3
2025-01-02 19:00:00,NSW1,100.01,7948.07,19,2,1,3
2025-01-02 19:00:00,QLD1,116.55059,7764.71,19,2,1,3
2025-01-02 19:00:00,SA1,87.39263,1490.42,19,2,1,3
2025-01-02 19:00:00,TAS1,120.26,1101.9,19,2,1,3
2025-01-02 19:00:00,VIC1,83.98003,4543.59,19,2,1,3
2025-01-02 19:05:00,NSW1,80.18992,7822.36,19,2,1,3
2025-01-02 19:05:00,QLD1,112.75,7802.14,19,2,1,3
2025-01-02 19:05:00,SA1,68.76576,1507.54,19,2,1,3
2025-01-02 19:05:00,TAS1,120.26,1102.81,19,2,1,3
2025-01-02 19:05:00,VIC1,65.8,4554.67,19,2,1,3
2025-01-02 19:10:00,NSW1,88.06268,7936.11,19,2,1,3
2025-01-02 19:10:00,QLD1,109.73002,7750.7,19,2,1,3
2025-01-02 19:10:00,SA1,76.13977,1538.72,19,2,1,3
2025-01-02 19:10:00,TAS1,120.26,1099.89,19,2,1,3
2025-01-02 19:10:00,VIC1,72.47317,4555.15,19,2,1,3
2025-01-02 19:15:00,NSW1,74.95779,7891.22,19,2,1,3
2025-01-02 19:15:00,QLD1,122.75,7743.94,19,2,1,3
2025-01-02 19:15:00,SA1,62.74637,1561.4,19,2,1,3
2025-01-02 19:15:00,TAS1,120.26,1105.2,19,2,1,3
2025-01-02 19:15:00,VIC1,59.70525,4618.82,19,2,1,3
2025-01-02 19:20:00,NSW1,84.68913,7902.49,19,2,1,3
2025-01-02 19:20:00,QLD1,110.72,7710.37,19,2,1,3
2025-01-02 19:20:00,SA1,72.86865,1563.17,19,2,1,3
2025-01-02 19:20:00,TAS1,120.26,1114.1,19,2,1,3
2025-01-02 19:20:00,VIC1,69.34871,4636.09,19,2,1,3
2025-01-02 19:25:00,NSW1,79.62476,7881.71,19,2,1,3
2025-01-02 19:25:00,QLD1,103.53,7642.31,19,2,1,3
2025-01-02 19:25:00,SA1,69.20746,1577.69,19,2,1,3
2025-01-02 19:25:00,TAS1,120.26,1113.92,19,2,1,3
2025-01-02 19:25:00,VIC1,65.8,4631.76,19,2,1,3
2025-01-02 19:30:00,NSW1,87.56541,7928.87,19,2,1,3
2025-01-02 19:30:00,QLD1,103.53,7670.2,19,2,1,3
2025-01-02 19:30:00,SA1,77.19811,1587.66,19,2,1,3
2025-01-02 19:30:00,TAS1,120.26,1113.48,19,2,1,3
2025-01-02 19:30:00,VIC1,73.36017,4645.3,19,2,1,3
2025-01-02 19:35:00,NSW1,79.81393,7869.42,19,2,1,3
2025-01-02 19:35:00,QLD1,112.75,7676.08,19,2,1,3
2025-01-02 19:35:00,SA1,68.54052,1593.87,19,2,1,3
2025-01-02 19:35:00,TAS1,149.28,1120.96,19,2,1,3
2025-01-02 19:35:00,VIC1,65.8,4675.88,19,2,1,3
2025-01-02 19:40:00,NSW1,78.58337,7888.71,19,2,1,3
2025-01-02 19:40:00,QLD1,99.95,7637.46,19,2,1,3
2025-01-02 19:40:00,SA1,67.87121,1597.3,19,2,1,3
2025-01-02 19:40:00,TAS1,149.28,1118.16,19,2,1,3
2025-01-02 19:40:00,VIC1,65.8,4671.09,19,2,1,3
2025-01-02 19:45:00,NSW1,79.02671,7895.41,19,2,1,3
2025-01-02 19:45:00,QLD1,103.53,7640.16,19,2,1,3
2025-01-02 19:45:00,SA1,67.56951,1585.12,19,2,1,3
2025-01-02 19:45:00,TAS1,149.28,1121.81,19,2,1,3
2025-01-02 19:45:00,VIC1,65.8,4694.17,19,2,1,3
2025-01-02 19:50:00,NSW1,77.83412,7874.54,19,2,1,3
2025-01-02 19:50:00,QLD1,103.53,7590.54,19,2,1,3
2025-01-02 19:50:00,SA1,67.39261,1598.49,19,2,1,3
2025-01-02 19:50:00,TAS1,149.28,1122.95,19,2,1,3
2025-01-02 19:50:00,VIC1,65.8,4678.34,19,2,1,3
2025-01-02 19:55:00,NSW1,85.58139,7861.99,19,2,1,3
2025-01-02 19:55:00,QLD1,99.75,7537.12,19,2,1,3
2025-01-02 19:55:00,SA1,74.73293,1590.3,19,2,1,3
2025-01-02 19:55:00,TAS1,149.28,1122.94,19,2,1,3
2025-01-02 19:55:00,VIC1,73.52381,4721.65,19,2,1,3
2025-01-02 20:00:00,NSW1,76.92463,7794.24,20,2,1,3
2025-01-02 20:00:00,QLD1,93.83018,7499.55,20,2,1,3
2025-01-02 20:00:00,SA1,66.94603,1596.49,20,2,1,3
2025-01-02 20:00:00,TAS1,149.28,1116.81,20,2,1,3
2025-01-02 20:00:00,VIC1,65.8,4662.56,20,2,1,3
2025-01-02 20:05:00,NSW1,71.73408,7831.37,20,2,1,3
2025-01-02 20:05:00,QLD1,99.75,7477.49,20,2,1,3
2025-01-02 20:05:00,SA1,60.27156,1593.91,20,2,1,3
2025-01-02 20:05:00,TAS1,149.28,1116.66,20,2,1,3
2025-01-02 20:05:00,VIC1,59.24267,4665.5,20,2,1,3
2025-01-02 20:10:00,NSW1,71.94743,7792.54,20,2,1,3
2025-01-02 20:10:00,QLD1,99.75,7509.49,20,2,1,3
2025-01-02 20:10:00,SA1,61.02824,1597.34,20,2,1,3
2025-01-02 20:10:00,TAS1,150.06,1125.52,20,2,1,3
2025-01-02 20:10:00,VIC1,60.00198,4677.57,20,2,1,3
2025-01-02 20:15:00,NSW1,76.0001,7755.55,20,2,1,3
2025-01-02 20:15:00,QLD1,99.75,7527.65,20,2,1,3
2025-01-02 20:15:00,SA1,66.41035,1593.26,20,2,1,3
2025-01-02 20:15:00,TAS1,150.08,1131.23,20,2,1,3
2025-01-02 20:15:00,VIC1,65.31353,4682.73,20,2,1,3
2025-01-02 20:20:00,NSW1,70.50343,7683.19,20,2,1,3
2025-01-02 20:20:00,QLD1,103.53,7427.47,20,2,1,3
2025-01-02 20:20:00,SA1,59.27972,1590.72,20,2,1,3
2025-01-02 20:20:00,TAS1,150.08,1128.12,20,2,1,3
2025-01-02 20:20:00,VIC1,58.26571,4644.39,20,2,1,3
2025-01-02 20:25:00,NSW1,76.0001,7663.89,20,2,1,3
2025-01-02 20:25:00,QLD1,93.83018,7367.74,20,2,1,3
2025-01-02 20:25:00,SA1,65.86825,1581.07,20,2,1,3
2025-01-02 20:25:00,TAS1,150.08,1129.39,20,2,1,3
2025-01-02 20:25:00,VIC1,65.26876,4683.1,20,2,1,3
2025-01-02 20:30:00,NSW1,71.84965,7647.74,20,2,1,3
2025-01-02 20:30:00,QLD1,99.75,7389.56,20,2,1,3
2025-01-02 20:30:00,SA1,60.9201,1579.58,20,2,1,3
2025-01-02 20:30:00,TAS1,150.08,1129.11,20,2,1,3
2025-01-02 20:30:00,VIC1,60.32506,4636.18,20,2,1,3
2025-01-02 20:35:00,NSW1,77.96202,7609.2,20,2,1,3
2025-01-02 20:35:00,QLD1,93.83018,7316.56,20,2,1,3
2025-01-02 20:35:00,SA1,66.82679,1583.9,20,2,1,3
2025-01-02 20:35:00,TAS1,150.26,1125.1,20,2,1,3
2025-01-02 20:35:00,VIC1,66.18,4656.73,20,2,1,3
2025-01-02 20:40:00,NSW1,77.83183,7569.91,20,2,1,3
2025-01-02 20:40:00,QLD1,93.8299,7238.48,20,2,1,3
2025-01-02 20:40:00,SA1,66.32941,1581.46,20,2,1,3
2025-01-02 20:40:00,TAS1,149.28,1102.6,20,2,1,3
2025-01-02 20:40:00,VIC1,66.08911,4585.74,20,2,1,3
2025-01-02 20:45:00,NSW1,77.82259,7543.23,20,2,1,3
2025-01-02 20:45:00,QLD1,93.83012,7278.62,20,2,1,3
2025-01-02 20:45:00,SA1,66.07482,1586.19,20,2,1,3
2025-01-02 20:45:00,TAS1,150.06,1105.25,20,2,1,3
2025-01-02 20:45:00,VIC1,65.8,4572.39,20,2,1,3
2025-01-02 20:50:00,NSW1,76.0,7464.95,20,2,1,3
2025-01-02 20:50:00,QLD1,93.83012,7309.11,20,2,1,3
2025-01-02 20:50:00,SA1,63.79612,1578.05,20,2,1,3
2025-01-02 20:50:00,TAS1,149.28,1100.95,20,2,1,3
2025-01-02 20:50:00,VIC1,63.71537,4503.18,20,2,1,3
2025-01-02 20:55:00,NSW1,76.00005,7450.52,20,2,1,3
2025-01-02 20:55:00,QLD1,87.37759,7234.19,20,2,1,3
2025-01-02 20:55:00,SA1,64.34449,1568.11,20,2,1,3
2025-01-02 20:55:00,TAS1,149.28,1095.51,20,2,1,3
2025-01-02 20:55:00,VIC1,64.19456,4528.06,20,2,1,3
2025-01-02 21:00:00,NSW1,76.72007,7418.47,21,2,1,3
2025-01-02 21:00:00,QLD1,99.95,7239.95,21,2,1,3
2025-01-02 21:00:00,SA1,64.76658,1557.58,21,2,1,3
2025-01-02 21:00:00,TAS1,150.06,1102.34,21,2,1,3
2025-01-02 21:00:00,VIC1,64.76175,4509.86,21,2,1,3
2025-01-02 21:05:00,NSW1,76.72,7383.65,21,2,1,3
2025-01-02 21:05:00,QLD1,93.83012,7136.54,21,2,1,3
2025-01-02 21:05:00,SA1,64.09223,1560.31,21,2,1,3
2025-01-02 21:05:00,TAS1,149.28,1087.88,21,2,1,3
2025-01-02 21:05:00,VIC1,64.25561,4471.85,21,2,1,3
2025-01-02 21:10:00,NSW1,76.72,7396.49,21,2,1,3
2025-01-02 21:10:00,QLD1,99.75,7226.47,21,2,1,3
2025-01-02 21:10:00,SA1,64.1874,1572.74,21,2,1,3
2025-01-02 21:10:00,TAS1,149.28,1095.57,21,2,1,3
2025-01-02 21:10:00,VIC1,64.19543,4495.78,21,2,1,3
2025-01-02 21:15:00,NSW1,76.72,7403.79,21,2,1,3
2025-01-02 21:15:00,QLD1,93.83012,7187.21,21,2,1,3
2025-01-02 21:15:00,SA1,63.63626,1530.28,21,2,1,3
2025-01-02 21:15:00,TAS1,148.28,1054.37,21,2,1,3
2025-01-02 21:15:00,VIC1,64.12226,4468.97,21,2,1,3
2025-01-02 21:20:00,NSW1,76.72,7392.06,21,2,1,3
2025-01-02 21:20:00,QLD1,93.83012,7155.6,21,2,1,3
2025-01-02 21:20:00,SA1,62.79949,1514.63,21,2,1,3
2025-01-02 21:20:00,TAS1,120.26,1049.0,21,2,1,3
2025-01-02 21:20:00,VIC1,63.53524,4448.76,21,2,1,3
2025-01-02 21:25:00,NSW1,76.7201,7426.69,21,2,1,3
2025-01-02 21:25:00,QLD1,93.83012,7101.73,21,2,1,3
2025-01-02 21:25:00,SA1,63.7454,1513.2,21,2,1,3
2025-01-02 21:25:00,TAS1,120.26,1045.33,21,2,1,3
2025-01-02 21:25:00,VIC1,64.05057,4444.01,21,2,1,3
2025-01-02 21:30:00,NSW1,78.09295,7405.66,21,2,1,3
2025-01-02 21:30:00,QLD1,93.83012,7074.82,21,2,1,3
2025-01-02 21:30:00,SA1,64.63372,1505.49,21,2,1,3
2025-01-02 21:30:00,TAS1,120.26,1037.87,21,2,1,3
2025-01-02 21:30:00,VIC1,64.93779,4408.39,21,2,1,3
2025-01-02 21:35:00,NSW1,85.17871,7358.24,21,2,1,3
2025-01-02 21:35:00,QLD1,99.75,7057.69,21,2,1,3
2025-01-02 21:35:00,SA1,71.03786,1506.81,21,2,1,3
2025-01-02 21:35:00,TAS1,120.26,1043.28,21,2,1,3
2025-01-02 21:35:00,VIC1,71.59538,4392.81,21,2,1,3
2025-01-02 21:40:00,NSW1,87.5001,7427.34,21,2,1,3
2025-01-02 21:40:00,QLD1,100.95989,7077.93,21,2,1,3
2025-01-02 21:40:00,SA1,72.75247,1497.11,21,2,1,3
2025-01-02 21:40:00,TAS1,120.26,1045.38,21,2,1,3
2025-01-02 21:40:00,VIC1,73.58462,4350.29,21,2,1,3
2025-01-02 21:45:00,NSW1,81.96797,7378.76,21,2,1,3
2025-01-02 21:45:00,QLD1,93.83029,6983.11,21,2,1,3
2025-01-02 21:45:00,SA1,67.6521,1498.92,21,2,1,3
2025-01-02 21:45:00,TAS1,120.26,1040.97,21,2,1,3
2025-01-02 21:45:00,VIC1,68.38788,4316.4,21,2,1,3
2025-01-02 21:50:00,NSW1,80.99694,7344.78,21,2,1,3
2025-01-02 21:50:00,QLD1,93.83001,7007.28,21,2,1,3
2025-01-02 21:50:00,SA1,65.85238,1471.35,21,2,1,3
2025-01-02 21:50:00,TAS1,120.26,1054.6,21,2,1,3
2025-01-02 21:50:00,VIC1,66.90493,4303.55,21,2,1,3
2025-01-02 21:55:00,NSW1,81.49447,7307.53,21,2,1,3
2025-01-02 21:55:00,QLD1,93.83018,7000.85,21,2,1,3
2025-01-02 21:55:00,SA1,66.59622,1482.53,21,2,1,3
2025-01-02 21:55:00,TAS1,120.26,1051.31,21,2,1,3
2025-01-02 21:55:00,VIC1,67.37077,4292.18,21,2,1,3
2025-01-02 22:00:00,NSW1,81.14862,7331.15,22,2,1,3
2025-01-02 22:00:00,QLD1,93.83018,6903.35,22,2,1,3
2025-01-02 22:00:00,SA1,65.9947,1464.69,22,2,1,3
2025-01-02 22:00:00,TAS1,120.26,1049.41,22,2,1,3
2025-01-02 22:00:00,VIC1,67.01077,4239.08,22,2,1,3
2025-01-02 22:05:00,NSW1,63.01933,7261.34,22,2,1,3
2025-01-02 22:05:00,QLD1,133.5,6843.02,22,2,1,3
2025-01-02 22:05:00,SA1,45.22,1460.01,22,2,1,3
2025-01-02 22:05:00,TAS1,120.26,1041.18,22,2,1,3
2025-01-02 22:05:00,VIC1,46.04916,4195.56,22,2,1,3
2025-01-02 22:10:00,NSW1,86.02828,7303.93,22,2,1,3
2025-01-02 22:10:00,QLD1,122.75,6793.21,22,2,1,3
2025-01-02 22:10:00,SA1,66.43581,1457.49,22,2,1,3
2025-01-02 22:10:00,TAS1,120.26,1040.38,22,2,1,3
2025-01-02 22:10:00,VIC1,67.93385,4228.22,22,2,1,3
2025-01-02 22:15:00,NSW1,83.39636,7264.37,22,2,1,3
2025-01-02 22:15:00,QLD1,113.30597,6773.13,22,2,1,3
2025-01-02 22:15:00,SA1,64.53984,1444.69,22,2,1,3
2025-01-02 22:15:00,TAS1,120.26,1034.41,22,2,1,3
2025-01-02 22:15:00,VIC1,66.28233,4229.71,22,2,1,3
2025-01-02 22:20:00,NSW1,83.39629,7218.38,22,2,1,3
2025-01-02 22:20:00,QLD1,112.75,6713.8,22,2,1,3
2025-01-02 22:20:00,SA1,64.8232,1445.14,22,2,1,3
2025-01-02 22:20:00,TAS1,120.26,1034.5,22,2,1,3
2025-01-02 22:20:00,VIC1,66.29472,4187.47,22,2,1,3
2025-01-02 22:25:00,NSW1,83.39636,7229.11,22,2,1,3
2025-01-02 22:25:00,QLD1,112.75,6692.85,22,2,1,3
2025-01-02 22:25:00,SA1,64.92909,1429.23,22,2,1,3
2025-01-02 22:25:00,TAS1,120.26,1031.28,22,2,1,3
2025-01-02 22:25:00,VIC1,66.22339,4172.88,22,2,1,3
2025-01-02 22:30:00,NSW1,76.72011,7228.19,22,2,1,3
2025-01-02 22:30:00,QLD1,109.73,6602.27,22,2,1,3
2025-01-02 22:30:00,SA1,61.70461,1430.45,22,2,1,3
2025-01-02 22:30:00,TAS1,120.26,1030.66,22,2,1,3
2025-01-02 22:30:00,VIC1,62.70709,4169.34,22,2,1,3
2025-01-02 22:35:00,NSW1,97.62077,7203.43,22,2,1,3
2025-01-02 22:35:00,QLD1,112.75,6589.58,22,2,1,3
2025-01-02 22:35:00,SA1,81.48486,1415.77,22,2,1,3
2025-01-02 22:35:00,TAS1,120.26,1024.44,22,2,1,3
2025-01-02 22:35:00,VIC1,81.70797,4139.05,22,2,1,3
2025-01-02 22:40:00,NSW1,85.0,7133.03,22,2,1,3
2025-01-02 22:40:00,QLD1,133.5,6681.88,22,2,1,3
2025-01-02 22:40:00,SA1,71.0865,1400.72,22,2,1,3
2025-01-02 22:40:00,TAS1,120.26,1022.27,22,2,1,3
2025-01-02 22:40:00,VIC1,71.08114,4127.49,22,2,1,3
2025-01-02 22:45:00,NSW1,76.82191,7148.97,22,2,1,3
2025-01-02 22:45:00,QLD1,109.73,6583.46,22,2,1,3
2025-01-02 22:45:00,SA1,63.95747,1396.71,22,2,1,3
2025-01-02 22:45:00,TAS1,120.26,1023.48,22,2,1,3
2025-01-02 22:45:00,VIC1,63.70584,4082.71,22,2,1,3
2025-01-02 22:50:00,NSW1,76.72008,7128.38,22,2,1,3
2025-01-02 22:50:00,QLD1,99.75,6528.32,22,2,1,3
2025-01-02 22:50:00,SA1,64.00669,1392.28,22,2,1,3
2025-01-02 22:50:00,TAS1,120.26,1021.31,22,2,1,3
2025-01-02 22:50:00,VIC1,63.57821,4088.32,22,2,1,3
2025-01-02 22:55:00,NSW1,76.00002,7080.2,22,2,1,3
2025-01-02 22:55:00,QLD1,103.53,6566.24,22,2,1,3
2025-01-02 22:55:00,SA1,63.4819,1404.59,22,2,1,3
2025-01-02 22:55:00,TAS1,120.26,1010.58,22,2,1,3
2025-01-02 22:55:00,VIC1,63.01472,4068.77,22,2,1,3
2025-01-02 23:00:00,NSW1,76.72,7053.09,23,2,1,3
2025-01-02 23:00:00,QLD1,99.75,6499.73,23,2,1,3
2025-01-02 23:00:00,SA1,63.92354,1383.92,23,2,1,3
2025-01-02 23:00:00,TAS1,120.26,1015.78,23,2,1,3
2025-01-02 23:00:00,VIC1,63.53216,4072.33,23,2,1,3
2025-01-02 23:05:00,NSW1,85.29894,7054.02,23,2,1,3
2025-01-02 23:05:00,QLD1,99.75,6440.07,23,2,1,3
2025-01-02 23:05:00,SA1,70.93172,1384.23,23,2,1,3
2025-01-02 23:05:00,TAS1,120.26,1003.93,23,2,1,3
2025-01-02 23:05:00,VIC1,70.50041,4077.31,23,2,1,3
2025-01-02 23:10:00,NSW1,97.04192,7042.99,23,2,1,3
2025-01-02 23:10:00,QLD1,109.73,6479.37,23,2,1,3
2025-01-02 23:10:00,SA1,84.61052,1400.9,23,2,1,3
2025-01-02 23:10:00,TAS1,120.26,1005.61,23,2,1,3
2025-01-02 23:10:00,VIC1,83.69198,4213.08,23,2,1,3
2025-01-02 23:15:00,NSW1,87.5,6936.67,23,2,1,3
2025-01-02 23:15:00,QLD1,99.95,6482.67,23,2,1,3
2025-01-02 23:15:00,SA1,75.86298,1369.64,23,2,1,3
2025-01-02 23:15:00,TAS1,120.26,998.29,23,2,1,3
2025-01-02 23:15:00,VIC1,75.40074,4249.95,23,2,1,3
2025-01-02 23:20:00,NSW1,85.0,6986.41,23,2,1,3
2025-01-02 23:20:00,QLD1,95.32227,6378.8,23,2,1,3
2025-01-02 23:20:00,SA1,74.005,1354.71,23,2,1,3
2025-01-02 23:20:00,TAS1,120.26,1009.21,23,2,1,3
2025-01-02 23:20:00,VIC1,73.14253,4250.76,23,2,1,3
2025-01-02 23:25:00,NSW1,84.79955,6981.54,23,2,1,3
2025-01-02 23:25:00,QLD1,93.83023,6296.61,23,2,1,3
2025-01-02 23:25:00,SA1,74.27533,1369.74,23,2,1,3
2025-01-02 23:25:00,TAS1,120.26,998.82,23,2,1,3
2025-01-02 23:25:00,VIC1,73.06384,4245.27,23,2,1,3
2025-01-02 23:30:00,NSW1,84.83541,6956.57,23,2,1,3
2025-01-02 23:30:00,QLD1,93.83012,6285.94,23,2,1,3
2025-01-02 23:30:00,SA1,74.36614,1374.67,23,2,1,3
2025-01-02 23:30:00,TAS1,120.26,996.38,23,2,1,3
2025-01-02 23:30:00,VIC1,73.13106,4250.82,23,2,1,3
2025-01-02 23:35:00,NSW1,84.46161,6919.74,23,2,1,3
2025-01-02 23:35:00,QLD1,93.83023,6217.89,23,2,1,3
2025-01-02 23:35:00,SA1,74.6924,1395.28,23,2,1,3
2025-01-02 23:35:00,TAS1,120.26,994.44,23,2,1,3
2025-01-02 23:35:00,VIC1,72.92728,4238.76,23,2,1,3
2025-01-02 23:40:00,NSW1,93.59822,6856.14,23,2,1,3
2025-01-02 23:40:00,QLD1,103.53004,6310.34,23,2,1,3
2025-01-02 23:40:00,SA1,86.93074,1435.42,23,2,1,3
2025-01-02 23:40:00,TAS1,120.26,1003.03,23,2,1,3
2025-01-02 23:40:00,VIC1,83.04444,4192.42,23,2,1,3
2025-01-02 23:45:00,NSW1,85.0,6840.05,23,2,1,3
2025-01-02 23:45:00,QLD1,93.83001,6178.79,23,2,1,3
2025-01-02 23:45:00,SA1,77.14372,1396.52,23,2,1,3
2025-01-02 23:45:00,TAS1,120.26,996.54,23,2,1,3
2025-01-02 23:45:00,VIC1,74.04123,4127.74,23,2,1,3
2025-01-02 23:50:00,NSW1,87.5,6795.31,23,2,1,3
2025-01-02 23:50:00,QLD1,97.81348,6292.98,23,2,1,3
2025-01-02 23:50:00,SA1,80.57305,1396.52,23,2,1,3
2025-01-02 23:50:00,TAS1,120.26,1002.98,23,2,1,3
2025-01-02 23:50:00,VIC1,76.82451,4132.57,23,2,1,3
2025-01-02 23:55:00,NSW1,85.0,6786.5,23,2,1,3
2025-01-02 23:55:00,QLD1,94.9994,6248.97,23,2,1,3
2025-01-02 23:55:00,SA1,78.86599,1397.81,23,2,1,3
2025-01-02 23:55:00,TAS1,120.26,1001.94,23,2,1,3
2025-01-02 23:55:00,VIC1,74.64802,4111.59,23,2,1,3
2025-01-03 00:00:00,NSW1,77.62775,6765.03,0,3,1,4
2025-01-03 00:00:00,QLD1,86.63,6180.48,0,3,1,4
2025-01-03 00:00:00,SA1,71.51066,1399.78,0,3,1,4
2025-01-03 00:00:00,TAS1,120.26,989.24,0,3,1,4
2025-01-03 00:00:00,VIC1,67.63581,4061.25,0,3,1,4
2025-01-03 00:05:00,NSW1,85.0,6712.98,0,3,1,4
2025-01-03 00:05:00,QLD1,94.28489,6204.95,0,3,1,4
2025-01-03 00:05:00,SA1,77.95598,1402.63,0,3,1,4
2025-01-03 00:05:00,TAS1,120.26,999.45,0,3,1,4
2025-01-03 00:05:00,VIC1,73.48589,4079.16,0,3,1,4
2025-01-03 00:10:00,NSW1,85.0,6721.73,0,3,1,4
2025-01-03 00:10:00,QLD1,93.83023,6203.35,0,3,1,4
2025-01-03 00:10:00,SA1,78.58878,1410.12,0,3,1,4
2025-01-03 00:10:00,TAS1,120.26,1005.42,0,3,1,4
2025-01-03 00:10:00,VIC1,73.52911,4024.47,0,3,1,4
2025-01-03 00:15:00,NSW1,85.0,6653.55,0,3,1,4
2025-01-03 00:15:00,QLD1,94.31405,6252.94,0,3,1,4
2025-01-03 00:15:00,SA1,79.0858,1421.74,0,3,1,4
2025-01-03 00:15:00,TAS1,120.26,1004.59,0,3,1,4
2025-01-03 00:15:00,VIC1,73.6093,3984.12,0,3,1,4
2025-01-03 00:20:00,NSW1,85.0,6635.1,0,3,1,4
2025-01-03 00:20:00,QLD1,93.83012,6168.34,0,3,1,4
2025-01-03 00:20:00,SA1,78.72682,1413.41,0,3,1,4
2025-01-03 00:20:00,TAS1,120.26,1002.85,0,3,1,4
2025-01-03 00:20:00,VIC1,73.57635,4008.12,0,3,1,4
2025-01-03 00:25:00,NSW1,84.30377,6594.93,0,3,1,4
2025-01-03 00:25:00,QLD1,93.8299,6131.8,0,3,1,4
2025-01-03 00:25:00,SA1,77.99149,1410.48,0,3,1,4
2025-01-03 00:25:00,TAS1,120.26,1006.18,0,3,1,4
2025-01-03 00:25:00,VIC1,72.37178,3960.25,0,3,1,4
2025-01-03 00:30:00,NSW1,76.82232,6519.32,0,3,1,4
2025-01-03 00:30:00,QLD1,86.63,6142.6,0,3,1,4
2025-01-03 00:30:00,SA1,69.69529,1414.99,0,3,1,4
2025-01-03 00:30:00,TAS1,148.28,1009.83,0,3,1,4
2025-01-03 00:30:00,VIC1,64.88773,3953.72,0,3,1,4
2025-01-03 00:35:00,NSW1,84.4268,6514.45,0,3,1,4
2025-01-03 00:35:00,QLD1,93.83012,6076.4,0,3,1,4
2025-01-03 00:35:00,SA1,76.56887,1408.94,0,3,1,4
2025-01-03 00:35:00,TAS1,120.26,1007.58,0,3,1,4
2025-01-03 00:35:00,VIC1,71.28495,3925.85,0,3,1,4
2025-01-03 00:40:00,NSW1,78.01431,6464.04,0,3,1,4
2025-01-03 00:40:00,QLD1,86.63,6050.07,0,3,1,4
2025-01-03 00:40:00,SA1,71.77995,1422.73,0,3,1,4
2025-01-03 00:40:00,TAS1,120.26,1008.01,0,3,1,4
2025-01-03 00:40:00,VIC1,66.49241,3889.96,0,3,1,4
2025-01-03 00:45:00,NSW1,84.1499,6455.45,0,3,1,4
2025-01-03 00:45:00,QLD1,93.83001,6076.42,0,3,1,4
2025-01-03 00:45:00,SA1,77.94296,1419.56,0,3,1,4
2025-01-03 00:45:00,TAS1,120.26,1007.72,0,3,1,4
2025-01-03 00:45:00,VIC1,71.7182,3888.96,0,3,1,4
2025-01-03 00:50:00,NSW1,77.0879,6425.56,0,3,1,4
2025-01-03 00:50:00,QLD1,86.63,6051.8,0,3,1,4
2025-01-03 00:50:00,SA1,70.76178,1411.21,0,3,1,4
2025-01-03 00:50:00,TAS1,120.26,1006.78,0,3,1,4
2025-01-03 00:50:00,VIC1,65.13508,3874.22,0,3,1,4
2025-01-03 00:55:00,NSW1,75.73555,6348.47,0,3,1,4
2025-01-03 00:55:00,QLD1,84.99,6003.27,0,3,1,4
2025-01-03 00:55:00,SA1,69.23344,1413.1,0,3,1,4
2025-01-03 00:55:00,TAS1,120.26,1001.74,0,3,1,4
2025-01-03 00:55:00,VIC1,63.48952,3850.08,0,3,1,4
2025-01-03 01:00:00,NSW1,76.72,6369.16,1,3,1,4
2025-01-03 01:00:00,QLD1,85.48367,5937.82,1,3,1,4
2025-01-03 01:00:00,SA1,70.93305,1417.51,1,3,1,4
2025-01-03 01:00:00,TAS1,120.26,998.79,1,3,1,4
2025-01-03 01:00:00,VIC1,64.83577,3849.9,1,3,1,4
2025-01-03 01:05:00,NSW1,76.00002,6345.08,1,3,1,4
2025-01-03 01:05:00,QLD1,84.63879,5913.87,1,3,1,4
2025-01-03 01:05:00,SA1,69.63508,1415.26,1,3,1,4
2025-01-03 01:05:00,TAS1,120.26,990.25,1,3,1,4
2025-01-03 01:05:00,VIC1,63.67404,3838.4,1,3,1,4
2025-01-03 01:10:00,NSW1,76.72,6379.97,1,3,1,4
2025-01-03 01:10:00,QLD1,84.93494,5897.99,1,3,1,4
2025-01-03 01:10:00,SA1,70.85747,1424.38,1,3,1,4
2025-01-03 01:10:00,TAS1,120.26,990.93,1,3,1,4
2025-01-03 01:10:00,VIC1,64.305,3803.38,1,3,1,4
2025-01-03 01:15:00,NSW1,76.72,6335.17,1,3,1,4
2025-01-03 01:15:00,QLD1,85.01498,5958.19,1,3,1,4
2025-01-03 01:15:00,SA1,70.55564,1414.88,1,3,1,4
2025-01-03 01:15:00,TAS1,120.26,994.79,1,3,1,4
2025-01-03 01:15:00,VIC1,64.26696,3787.07,1,3,1,4
2025-01-03 01:20:00,NSW1,75.9,6305.63,1,3,1,4
2025-01-03 01:20:00,QLD1,84.59298,5959.15,1,3,1,4
2025-01-03 01:20:00,SA1,50.92597,1391.91,1,3,1,4
2025-01-03 01:20:00,TAS1,120.26,993.09,1,3,1,4
2025-01-03 01:20:00,VIC1,37.15539,3777.24,1,3,1,4
2025-01-03 01:25:00,NSW1,78.36847,6302.14,1,3,1,4
2025-01-03 01:25:00,QLD1,86.83008,5960.48,1,3,1,4
2025-01-03 01:25:00,SA1,71.73926,1400.03,1,3,1,4
2025-01-03 01:25:00,TAS1,120.26,994.09,1,3,1,4
2025-01-03 01:25:00,VIC1,65.59439,3778.35,1,3,1,4
2025-01-03 01:30:00,NSW1,76.72,6252.94,1,3,1,4
2025-01-03 01:30:00,QLD1,86.50072,5958.14,1,3,1,4
2025-01-03 01:30:00,SA1,69.97517,1387.58,1,3,1,4
2025-01-03 01:30:00,TAS1,120.26,992.74,1,3,1,4
2025-01-03 01:30:00,VIC1,64.19414,3765.13,1,3,1,4
2025-01-03 01:35:00,NSW1,77.48537,6188.87,1,3,1,4
2025-01-03 01:35:00,QLD1,86.83008,5974.28,1,3,1,4
2025-01-03 01:35:00,SA1,70.59733,1376.9,1,3,1,4
2025-01-03 01:35:00,TAS1,120.26,993.16,1,3,1,4
2025-01-03 01:35:00,VIC1,64.7975,3764.57,1,3,1,4
2025-01-03 01:40:00,NSW1,76.72,6182.15,1,3,1,4
2025-01-03 01:40:00,QLD1,85.89657,5937.03,1,3,1,4
2025-01-03 01:40:00,SA1,60.3166,1388.18,1,3,1,4
2025-01-03 01:40:00,TAS1,120.26,995.32,1,3,1,4
2025-01-03 01:40:00,VIC1,50.6884,3745.7,1,3,1,4
2025-01-03 01:45:00,NSW1,76.72,6167.4,1,3,1,4
2025-01-03 01:45:00,QLD1,85.8612,5934.92,1,3,1,4
2025-01-03 01:45:00,SA1,43.21148,1375.17,1,3,1,4
2025-01-03 01:45:00,TAS1,120.26,988.64,1,3,1,4
2025-01-03 01:45:00,VIC1,25.4604,3692.06,1,3,1,4
2025-01-03 01:50:00,NSW1,76.72013,6178.68,1,3,1,4
2025-01-03 01:50:00,QLD1,85.85789,5926.78,1,3,1,4
2025-01-03 01:50:00,SA1,49.44862,1386.71,1,3,1,4
2025-01-03 01:50:00,TAS1,120.26,987.11,1,3,1,4
2025-01-03 01:50:00,VIC1,33.94491,3678.12,1,3,1,4
2025-01-03 01:55:00,NSW1,76.72,6150.23,1,3,1,4
2025-01-03 01:55:00,QLD1,85.81555,5910.89,1,3,1,4
2025-01-03 01:55:00,SA1,46.07743,1371.42,1,3,1,4
2025-01-03 01:55:00,TAS1,120.26,989.23,1,3,1,4
2025-01-03 01:55:00,VIC1,29.20372,3668.96,1,3,1,4
2025-01-03 02:00:00,NSW1,76.01971,6096.16,2,3,1,4
2025-01-03 02:00:00,QLD1,84.99,5911.99,2,3,1,4
2025-01-03 02:00:00,SA1,69.42762,1368.82,2,3,1,4
2025-01-03 02:00:00,TAS1,120.26,982.98,2,3,1,4
2025-01-03 02:00:00,VIC1,63.03651,3655.68,2,3,1,4
2025-01-03 02:05:00,NSW1,75.9,6102.75,2,3,1,4
2025-01-03 02:05:00,QLD1,83.76757,5860.22,2,3,1,4
2025-01-03 02:05:00,SA1,69.18708,1359.14,2,3,1,4
2025-01-03 02:05:00,TAS1,120.26,981.18,2,3,1,4
2025-01-03 02:05:00,VIC1,62.87108,3659.08,2,3,1,4
2025-01-03 02:10:00,NSW1,76.72,6143.98,2,3,1,4
2025-01-03 02:10:00,QLD1,84.10543,5803.43,2,3,1,4
2025-01-03 02:10:00,SA1,70.1023,1344.48,2,3,1,4
2025-01-03 02:10:00,TAS1,120.26,987.78,2,3,1,4
2025-01-03 02:10:00,VIC1,63.99904,3677.33,2,3,1,4
2025-01-03 02:15:00,NSW1,76.72,6090.39,2,3,1,4
2025-01-03 02:15:00,QLD1,84.66884,5858.73,2,3,1,4
2025-01-03 02:15:00,SA1,59.7354,1339.45,2,3,1,4
2025-01-03 02:15:00,TAS1,120.26,987.0,2,3,1,4
2025-01-03 02:15:00,VIC1,49.0624,3655.11,2,3,1,4
2025-01-03 02:20:00,NSW1,76.72,6111.32,2,3,1,4
2025-01-03 02:20:00,QLD1,84.12162,5829.35,2,3,1,4
2025-01-03 02:20:00,SA1,70.44918,1332.86,2,3,1,4
2025-01-03 02:20:00,TAS1,120.26,984.29,2,3,1,4
2025-01-03 02:20:00,VIC1,63.88,3625.81,2,3,1,4
2025-01-03 02:25:00,NSW1,75.9,6067.98,2,3,1,4
2025-01-03 02:25:00,QLD1,83.1598,5805.28,2,3,1,4
2025-01-03 02:25:00,SA1,67.91836,1319.97,2,3,1,4
2025-01-03 02:25:00,TAS1,120.26,987.45,2,3,1,4
2025-01-03 02:25:00,VIC1,61.61574,3597.4,2,3,1,4
2025-01-03 02:30:00,NSW1,76.72,6044.71,2,3,1,4
2025-01-03 02:30:00,QLD1,84.06006,5811.84,2,3,1,4
2025-01-03 02:30:00,SA1,69.73112,1303.38,2,3,1,4
2025-01-03 02:30:00,TAS1,120.26,981.69,2,3,1,4
2025-01-03 02:30:00,VIC1,63.88187,3602.72,2,3,1,4
2025-01-03 02:35:00,NSW1,79.07952,6049.83,2,3,1,4
2025-01-03 02:35:00,QLD1,86.63,5802.72,2,3,1,4
2025-01-03 02:35:00,SA1,71.77681,1306.22,2,3,1,4
2025-01-03 02:35:00,TAS1,120.26,982.2,2,3,1,4
2025-01-03 02:35:00,VIC1,65.33404,3591.94,2,3,1,4
2025-01-03 02:40:00,NSW1,79.08709,6040.08,2,3,1,4
2025-01-03 02:40:00,QLD1,86.63,5794.44,2,3,1,4
2025-01-03 02:40:00,SA1,39.50623,1298.77,2,3,1,4
2025-01-03 02:40:00,TAS1,120.26,980.73,2,3,1,4
2025-01-03 02:40:00,VIC1,19.19,3594.6,2,3,1,4
2025-01-03 02:45:00,NSW1,79.73391,6070.68,2,3,1,4
2025-01-03 02:45:00,QLD1,86.83008,5795.65,2,3,1,4
2025-01-03 02:45:00,SA1,55.68091,1295.65,2,3,1,4
2025-01-03 02:45:00,TAS1,120.26,982.08,2,3,1,4
2025-01-03 02:45:00,VIC1,41.69889,3581.3,2,3,1,4
2025-01-03 02:50:00,NSW1,82.30095,6046.43,2,3,1,4
2025-01-03 02:50:00,QLD1,89.73,5860.06,2,3,1,4
2025-01-03 02:50:00,SA1,70.40553,1296.65,2,3,1,4
2025-01-03 02:50:00,TAS1,120.26,975.16,2,3,1,4
2025-01-03 02:50:00,VIC1,62.03531,3578.82,2,3,1,4
2025-01-03 02:55:00,NSW1,75.9,6036.91,2,3,1,4
2025-01-03 02:55:00,QLD1,82.57083,5757.84,2,3,1,4
2025-01-03 02:55:00,SA1,38.1154,1267.69,2,3,1,4
2025-01-03 02:55:00,TAS1,120.26,979.43,2,3,1,4
2025-01-03 02:55:00,VIC1,19.19,3602.44,2,3,1,4
2025-01-03 03:00:00,NSW1,76.72,6064.57,3,3,1,4
2025-01-03 03:00:00,QLD1,83.47866,5762.0,3,3,1,4
2025-01-03 03:00:00,SA1,46.14142,1276.08,3,3,1,4
2025-01-03 03:00:00,TAS1,120.26,977.23,3,3,1,4
2025-01-03 03:00:00,VIC1,29.84531,3608.22,3,3,1,4
2025-01-03 03:05:00,NSW1,75.89985,5991.78,3,3,1,4
2025-01-03 03:05:00,QLD1,81.99374,5722.18,3,3,1,4
2025-01-03 03:05:00,SA1,68.55607,1279.56,3,3,1,4
2025-01-03 03:05:00,TAS1,120.26,984.83,3,3,1,4
2025-01-03 03:05:00,VIC1,63.11957,3589.44,3,3,1,4
2025-01-03 03:10:00,NSW1,76.72,6011.44,3,3,1,4
2025-01-03 03:10:00,QLD1,83.92821,5755.32,3,3,1,4
2025-01-03 03:10:00,SA1,68.33128,1264.15,3,3,1,4
2025-01-03 03:10:00,TAS1,120.26,986.87,3,3,1,4
2025-01-03 03:10:00,VIC1,63.20388,3617.13,3,3,1,4
2025-01-03 03:15:00,NSW1,78.6,6034.31,3,3,1,4
2025-01-03 03:15:00,QLD1,86.55037,5770.06,3,3,1,4
2025-01-03 03:15:00,SA1,70.22355,1253.3,3,3,1,4
2025-01-03 03:15:00,TAS1,120.26,981.61,3,3,1,4
2025-01-03 03:15:00,VIC1,65.23873,3639.42,3,3,1,4
2025-01-03 03:20:00,NSW1,76.71989,5994.89,3,3,1,4
2025-01-03 03:20:00,QLD1,85.03178,5813.25,3,3,1,4
2025-01-03 03:20:00,SA1,67.67202,1243.36,3,3,1,4
2025-01-03 03:20:00,TAS1,120.26,983.41,3,3,1,4
2025-01-03 03:20:00,VIC1,63.11296,3623.38,3,3,1,4
2025-01-03 03:25:00,NSW1,76.72,5973.13,3,3,1,4
2025-01-03 03:25:00,QLD1,84.9815,5797.79,3,3,1,4
2025-01-03 03:25:00,SA1,67.67011,1244.62,3,3,1,4
2025-01-03 03:25:00,TAS1,120.26,985.9,3,3,1,4
2025-01-03 03:25:00,VIC1,63.12414,3646.34,3,3,1,4
2025-01-03 03:30:00,NSW1,76.72,6045.84,3,3,1,4
2025-01-03 03:30:00,QLD1,83.93709,5750.59,3,3,1,4
2025-01-03 03:30:00,SA1,55.33263,1234.49,3,3,1,4
2025-01-03 03:30:00,TAS1,120.26,987.74,3,3,1,4
2025-01-03 03:30:00,VIC1,45.22471,3637.59,3,3,1,4
2025-01-03 03:35:00,NSW1,76.72,6027.28,3,3,1,4
2025-01-03 03:35:00,QLD1,83.8875,5729.4,3,3,1,4
2025-01-03 03:35:00,SA1,67.4561,1245.51,3,3,1,4
2025-01-03 03:35:00,TAS1,120.26,986.31,3,3,1,4
2025-01-03 03:35:00,VIC1,63.11316,3646.85,3,3,1,4
2025-01-03 03:40:00,NSW1,86.20614,6083.9,3,3,1,4
2025-01-03 03:40:00,QLD1,93.83034,5777.38,3,3,1,4
2025-01-03 03:40:00,SA1,76.63229,1265.99,3,3,1,4
2025-01-03 03:40:00,TAS1,120.26,997.58,3,3,1,4
2025-01-03 03:40:00,VIC1,71.49904,3661.84,3,3,1,4
2025-01-03 03:45:00,NSW1,79.66953,6084.52,3,3,1,4
2025-01-03 03:45:00,QLD1,86.63,5714.49,3,3,1,4
2025-01-03 03:45:00,SA1,70.42201,1236.47,3,3,1,4
2025-01-03 03:45:00,TAS1,120.26,998.4,3,3,1,4
2025-01-03 03:45:00,VIC1,66.01235,3696.64,3,3,1,4
2025-01-03 03:50:00,NSW1,79.67786,6107.82,3,3,1,4
2025-01-03 03:50:00,QLD1,86.63,5707.16,3,3,1,4
2025-01-03 03:50:00,SA1,70.57113,1251.91,3,3,1,4
2025-01-03 03:50:00,TAS1,120.26,1003.15,3,3,1,4
2025-01-03 03:50:00,VIC1,66.08063,3685.33,3,3,1,4
2025-01-03 03:55:00,NSW1,78.16292,6051.98,3,3,1,4
2025-01-03 03:55:00,QLD1,86.63,5793.05,3,3,1,4
2025-01-03 03:55:00,SA1,68.37204,1246.2,3,3,1,4
2025-01-03 03:55:00,TAS1,120.26,1007.38,3,3,1,4
2025-01-03 03:55:00,VIC1,64.27453,3701.33,3,3,1,4
2025-01-03 04:00:00,NSW1,76.72,6095.86,4,3,1,4
2025-01-03 04:00:00,QLD1,84.48009,5746.32,4,3,1,4
2025-01-03 04:00:00,SA1,46.77017,1247.83,4,3,1,4
2025-01-03 04:00:00,TAS1,120.26,1010.88,4,3,1,4
2025-01-03 04:00:00,VIC1,32.52151,3695.11,4,3,1,4
2025-01-03 04:05:00,NSW1,75.9,6123.41,4,3,1,4
2025-01-03 04:05:00,QLD1,83.03365,5718.04,4,3,1,4
2025-01-03 04:05:00,SA1,65.47663,1249.16,4,3,1,4
2025-01-03 04:05:00,TAS1,120.26,1014.99,4,3,1,4
2025-01-03 04:05:00,VIC1,61.94039,3707.15,4,3,1,4
2025-01-03 04:10:00,NSW1,90.99464,6114.18,4,3,1,4
2025-01-03 04:10:00,QLD1,99.75,5815.82,4,3,1,4
2025-01-03 04:10:00,SA1,81.22271,1252.02,4,3,1,4
2025-01-03 04:10:00,TAS1,120.26,1014.63,4,3,1,4
2025-01-03 04:10:00,VIC1,75.99346,3775.06,4,3,1,4
2025-01-03 04:15:00,NSW1,75.9,6119.01,4,3,1,4
2025-01-03 04:15:00,QLD1,83.11948,5758.8,4,3,1,4
2025-01-03 04:15:00,SA1,65.88951,1212.66,4,3,1,4
2025-01-03 04:15:00,TAS1,120.26,1019.4,4,3,1,4
2025-01-03 04:15:00,VIC1,62.78338,3802.91,4,3,1,4
2025-01-03 04:20:00,NSW1,82.81446,6170.03,4,3,1,4
2025-01-03 04:20:00,QLD1,89.73,5810.66,4,3,1,4
2025-01-03 04:20:00,SA1,73.78027,1234.02,4,3,1,4
2025-01-03 04:20:00,TAS1,120.26,1026.58,4,3,1,4
2025-01-03 04:20:00,VIC1,69.72803,3794.28,4,3,1,4
2025-01-03 04:25:00,NSW1,76.72,6167.38,4,3,1,4
2025-01-03 04:25:00,QLD1,83.99896,5724.17,4,3,1,4
2025-01-03 04:25:00,SA1,68.02119,1220.64,4,3,1,4
2025-01-03 04:25:00,TAS1,120.26,1020.05,4,3,1,4
2025-01-03 04:25:00,VIC1,64.54775,3796.14,4,3,1,4
2025-01-03 04:30:00,NSW1,77.62814,6195.96,4,3,1,4
2025-01-03 04:30:00,QLD1,86.63,5797.04,4,3,1,4
2025-01-03 04:30:00,SA1,69.69627,1228.64,4,3,1,4
2025-01-03 04:30:00,TAS1,120.26,1022.46,4,3,1,4
2025-01-03 04:30:00,VIC1,65.88518,3808.77,4,3,1,4
2025-01-03 04:35:00,NSW1,77.11099,6197.48,4,3,1,4
2025-01-03 04:35:00,QLD1,86.63,5813.97,4,3,1,4
2025-01-03 04:35:00,SA1,69.57839,1239.58,4,3,1,4
2025-01-03 04:35:00,TAS1,120.26,1022.52,4,3,1,4
2025-01-03 04:35:00,VIC1,65.50044,3808.63,4,3,1,4
2025-01-03 04:40:00,NSW1,76.72,6272.82,4,3,1,4
2025-01-03 04:40:00,QLD1,85.12965,5760.46,4,3,1,4
2025-01-03 04:40:00,SA1,69.28509,1246.26,4,3,1,4
2025-01-03 04:40:00,TAS1,120.26,1028.29,4,3,1,4
2025-01-03 04:40:00,VIC1,65.19805,3811.64,4,3,1,4
2025-01-03 04:45:00,NSW1,76.72,6254.81,4,3,1,4
2025-01-03 04:45:00,QLD1,84.55443,5722.52,4,3,1,4
2025-01-03 04:45:00,SA1,70.39963,1247.54,4,3,1,4
2025-01-03 04:45:00,TAS1,120.26,1027.29,4,3,1,4
2025-01-03 04:45:00,VIC1,66.27072,3840.2,4,3,1,4
2025-01-03 04:50:00,NSW1,78.00033,6254.83,4,3,1,4
2025-01-03 04:50:00,QLD1,86.53518,5759.31,4,3,1,4
2025-01-03 04:50:00,SA1,72.64255,1256.42,4,3,1,4
2025-01-03 04:50:00,TAS1,120.26,1035.19,4,3,1,4
2025-01-03 04:50:00,VIC1,67.9657,3845.41,4,3,1,4
2025-01-03 04:55:00,NSW1,76.72,6263.53,4,3,1,4
2025-01-03 04:55:00,QLD1,86.24157,5823.92,4,3,1,4
2025-01-03 04:55:00,SA1,71.40311,1246.36,4,3,1,4
2025-01-03 04:55:00,TAS1,120.26,1034.35,4,3,1,4
2025-01-03 04:55:00,VIC1,66.80606,3836.92,4,3,1,4
2025-01-03 05:00:00,NSW1,76.72,6312.67,5,3,1,4
2025-01-03 05:00:00,QLD1,85.2182,5793.87,5,3,1,4
2025-01-03 05:00:00,SA1,71.37266,1240.94,5,3,1,4
2025-01-03 05:00:00,TAS1,120.26,1038.45,5,3,1,4
2025-01-03 05:00:00,VIC1,66.77471,3850.68,5,3,1,4
2025-01-03 05:05:00,NSW1,76.00033,6312.88,5,3,1,4
2025-01-03 05:05:00,QLD1,83.36429,5767.56,5,3,1,4
2025-01-03 05:05:00,SA1,70.75529,1246.02,5,3,1,4
2025-01-03 05:05:00,TAS1,118.26,1042.24,5,3,1,4
2025-01-03 05:05:00,VIC1,66.17378,3851.61,5,3,1,4
2025-01-03 05:10:00,NSW1,79.06626,6364.29,5,3,1,4
2025-01-03 05:10:00,QLD1,86.83008,5822.8,5,3,1,4
2025-01-03 05:10:00,SA1,75.21472,1265.78,5,3,1,4
2025-01-03 05:10:00,TAS1,120.08,1045.19,5,3,1,4
2025-01-03 05:10:00,VIC1,70.4741,3952.72,5,3,1,4
2025-01-03 05:15:00,NSW1,79.00542,6415.42,5,3,1,4
2025-01-03 05:15:00,QLD1,86.83008,5828.77,5,3,1,4
2025-01-03 05:15:00,SA1,75.21619,1245.63,5,3,1,4
2025-01-03 05:15:00,TAS1,120.08,1049.77,5,3,1,4
2025-01-03 05:15:00,VIC1,70.44043,3941.38,5,3,1,4
2025-01-03 05:20:00,NSW1,78.22013,6388.85,5,3,1,4
2025-01-03 05:20:00,QLD1,86.83008,5850.89,5,3,1,4
2025-01-03 05:20:00,SA1,73.62374,1246.82,5,3,1,4
2025-01-03 05:20:00,TAS1,120.08,1052.56,5,3,1,4
2025-01-03 05:20:00,VIC1,69.19015,3949.99,5,3,1,4
2025-01-03 05:25:00,NSW1,78.21986,6433.02,5,3,1,4
2025-01-03 05:25:00,QLD1,85.88002,5776.26,5,3,1,4
2025-01-03 05:25:00,SA1,74.4254,1244.69,5,3,1,4
2025-01-03 05:25:00,TAS1,120.1,1058.96,5,3,1,4
2025-01-03 05:25:00,VIC1,69.73317,3967.51,5,3,1,4
2025-01-03 05:30:00,NSW1,76.72,6505.38,5,3,1,4
2025-01-03 05:30:00,QLD1,82.71959,5746.7,5,3,1,4
2025-01-03 05:30:00,SA1,72.84794,1233.82,5,3,1,4
2025-01-03 05:30:00,TAS1,120.08,1050.65,5,3,1,4
2025-01-03 05:30:00,VIC1,68.33703,4003.06,5,3,1,4
2025-01-03 05:35:00,NSW1,70.97995,6429.24,5,3,1,4
2025-01-03 05:35:00,QLD1,77.95,5793.0,5,3,1,4
2025-01-03 05:35:00,SA1,67.72604,1264.23,5,3,1,4
2025-01-03 05:35:00,TAS1,119.26,1053.16,5,3,1,4
2025-01-03 05:35:00,VIC1,63.36573,3969.24,5,3,1,4
2025-01-03 05:40:00,NSW1,60.0,6413.4,5,3,1,4
2025-01-03 05:40:00,QLD1,64.62765,5720.39,5,3,1,4
2025-01-03 05:40:00,SA1,56.97136,1264.85,5,3,1,4
2025-01-03 05:40:00,TAS1,119.26,1056.55,5,3,1,4
2025-01-03 05:40:00,VIC1,53.13803,3966.16,5,3,1,4
2025-01-03 05:45:00,NSW1,73.19962,6458.16,5,3,1,4
2025-01-03 05:45:00,QLD1,77.95,5756.11,5,3,1,4
2025-01-03 05:45:00,SA1,71.12773,1273.05,5,3,1,4
2025-01-03 05:45:00,TAS1,119.26,1054.9,5,3,1,4
2025-01-03 05:45:00,VIC1,65.90332,4025.17,5,3,1,4
2025-01-03 05:50:00,NSW1,55.82963,6435.13,5,3,1,4
2025-01-03 05:50:00,QLD1,58.36701,5734.06,5,3,1,4
2025-01-03 05:50:00,SA1,53.90194,1277.63,5,3,1,4
2025-01-03 05:50:00,TAS1,119.26,1047.94,5,3,1,4
2025-01-03 05:50:00,VIC1,49.89,3974.49,5,3,1,4
2025-01-03 05:55:00,NSW1,43.6426,6354.68,5,3,1,4
2025-01-03 05:55:00,QLD1,44.95,5622.31,5,3,1,4
2025-01-03 05:55:00,SA1,43.63591,1301.59,5,3,1,4
2025-01-03 05:55:00,TAS1,119.26,1051.37,5,3,1,4
2025-01-03 05:55:00,VIC1,39.67907,3971.35,5,3,1,4
2025-01-03 06:00:00,NSW1,43.88883,6380.38,6,3,1,4
2025-01-03 06:00:00,QLD1,44.95,5643.09,6,3,1,4
2025-01-03 06:00:00,SA1,43.67403,1295.16,6,3,1,4
2025-01-03 06:00:00,TAS1,120.08,1057.05,6,3,1,4
2025-01-03 06:00:00,VIC1,39.87546,4003.89,6,3,1,4
2025-01-03 06:05:00,NSW1,34.36455,6357.51,6,3,1,4
2025-01-03 06:05:00,QLD1,34.75,5600.98,6,3,1,4
2025-01-03 06:05:00,SA1,34.69188,1305.76,6,3,1,4
2025-01-03 06:05:00,TAS1,118.26,1057.2,6,3,1,4
2025-01-03 06:05:00,VIC1,31.23482,3985.23,6,3,1,4
2025-01-03 06:10:00,NSW1,13.11369,6322.1,6,3,1,4
2025-01-03 06:10:00,QLD1,13.18738,5638.94,6,3,1,4
2025-01-03 06:10:00,SA1,13.17565,1293.94,6,3,1,4
2025-01-03 06:10:00,TAS1,117.26,1025.68,6,3,1,4
2025-01-03 06:10:00,VIC1,12.0,4017.02,6,3,1,4
2025-01-03 06:15:00,NSW1,8.76733,6339.39,6,3,1,4
2025-01-03 06:15:00,QLD1,8.65721,5618.1,6,3,1,4
2025-01-03 06:15:00,SA1,8.89596,1288.38,6,3,1,4
2025-01-03 06:15:00,TAS1,117.26,1036.71,6,3,1,4
2025-01-03 06:15:00,VIC1,8.14974,4026.36,6,3,1,4
2025-01-03 06:20:00,NSW1,0.0002,6329.6,6,3,1,4
2025-01-03 06:20:00,QLD1,0.0002,5628.77,6,3,1,4
2025-01-03 06:20:00,SA1,0.00021,1269.29,6,3,1,4
2025-01-03 06:20:00,TAS1,117.26,1027.03,6,3,1,4
2025-01-03 06:20:00,VIC1,0.00019,3988.38,6,3,1,4
2025-01-03 06:25:00,NSW1,-0.00012,6342.63,6,3,1,4
2025-01-03 06:25:00,QLD1,-0.00011,5602.7,6,3,1,4
2025-01-03 06:25:00,SA1,-0.00012,1269.12,6,3,1,4
2025-01-03 06:25:00,TAS1,117.26,1027.37,6,3,1,4
2025-01-03 06:25:00,VIC1,-0.00011,3945.49,6,3,1,4
2025-01-03 06:30:00,NSW1,-15.0,6306.35,6,3,1,4
2025-01-03 06:30:00,QLD1,-13.83844,5612.18,6,3,1,4
2025-01-03 06:30:00,SA1,-15.82282,1255.7,6,3,1,4
2025-01-03 06:30:00,TAS1,117.26,1026.71,6,3,1,4
2025-01-03 06:30:00,VIC1,-15.06005,3927.97,6,3,1,4
2025-01-03 06:35:00,NSW1,-22.65235,6278.31,6,3,1,4
2025-01-03 06:35:00,QLD1,-20.49,5567.15,6,3,1,4
2025-01-03 06:35:00,SA1,-24.37433,1249.34,6,3,1,4
2025-01-03 06:35:00,TAS1,120.26,1025.31,6,3,1,4
2025-01-03 06:35:00,VIC1,-23.10067,3867.97,6,3,1,4
2025-01-03 06:40:00,NSW1,-20.57079,6338.99,6,3,1,4
2025-01-03 06:40:00,QLD1,-18.71928,5536.53,6,3,1,4
2025-01-03 06:40:00,SA1,-21.88843,1245.04,6,3,1,4
2025-01-03 06:40:00,TAS1,120.26,1016.18,6,3,1,4
2025-01-03 06:40:00,VIC1,-20.81,3828.38,6,3,1,4
2025-01-03 06:45:00,NSW1,-22.11461,6318.18,6,3,1,4
2025-01-03 06:45:00,QLD1,-20.49,5596.23,6,3,1,4
2025-01-03 06:45:00,SA1,-23.50133,1227.93,6,3,1,4
2025-01-03 06:45:00,TAS1,120.26,1020.11,6,3,1,4
2025-01-03 06:45:00,VIC1,-22.51404,3792.52,6,3,1,4
2025-01-03 06:50:00,NSW1,-30.42508,6342.72,6,3,1,4
2025-01-03 06:50:00,QLD1,-26.93948,5500.23,6,3,1,4
2025-01-03 06:50:00,SA1,-35.99,1240.0,6,3,1,4
2025-01-03 06:50:00,TAS1,120.26,1020.59,6,3,1,4
2025-01-03 06:50:00,VIC1,-33.19143,3776.91,6,3,1,4
2025-01-03 06:55:00,NSW1,-29.10507,6323.29,6,3,1,4
2025-01-03 06:55:00,QLD1,-25.88,5508.0,6,3,1,4
2025-01-03 06:55:00,SA1,-34.35358,1240.62,6,3,1,4
2025-01-03 06:55:00,TAS1,120.26,1016.95,6,3,1,4
2025-01-03 06:55:00,VIC1,-31.99993,3775.42,6,3,1,4
2025-01-03 07:00:00,NSW1,-32.9998,6338.24,7,3,1,4
2025-01-03 07:00:00,QLD1,-28.84463,5473.83,7,3,1,4
2025-01-03 07:00:00,SA1,-32.25,1224.84,7,3,1,4
2025-01-03 07:00:00,TAS1,120.26,1010.05,7,3,1,4
2025-01-03 07:00:00,VIC1,-30.75495,3711.81,7,3,1,4
2025-01-03 07:05:00,NSW1,-27.93354,6379.56,7,3,1,4
2025-01-03 07:05:00,QLD1,-25.88,5521.13,7,3,1,4
2025-01-03 07:05:00,SA1,-32.49996,1235.73,7,3,1,4
2025-01-03 07:05:00,TAS1,120.26,1023.73,7,3,1,4
2025-01-03 07:05:00,VIC1,-30.67631,3673.64,7,3,1,4
2025-01-03 07:10:00,NSW1,-28.38893,6528.5,7,3,1,4
2025-01-03 07:10:00,QLD1,-29.85801,5587.56,7,3,1,4
2025-01-03 07:10:00,SA1,-33.0,1181.86,7,3,1,4
2025-01-03 07:10:00,TAS1,120.26,1029.2,7,3,1,4
2025-01-03 07:10:00,VIC1,-31.54075,3616.71,7,3,1,4
2025-01-03 07:15:00,NSW1,-19.32114,6522.15,7,3,1,4
2025-01-03 07:15:00,QLD1,-31.0,5465.64,7,3,1,4
2025-01-03 07:15:00,SA1,-21.25228,1149.42,7,3,1,4
2025-01-03 07:15:00,TAS1,120.26,1029.92,7,3,1,4
2025-01-03 07:15:00,VIC1,-20.81,3568.67,7,3,1,4
2025-01-03 07:20:00,NSW1,-30.44044,6528.0,7,3,1,4
2025-01-03 07:20:00,QLD1,-29.34468,5499.96,7,3,1,4
2025-01-03 07:20:00,SA1,-35.0,1100.7,7,3,1,4
2025-01-03 07:20:00,TAS1,120.26,1023.48,7,3,1,4
2025-01-03 07:20:00,VIC1,-33.42614,3508.36,7,3,1,4
2025-01-03 07:25:00,NSW1,-30.05059,6621.51,7,3,1,4
2025-01-03 07:25:00,QLD1,-28.84623,5395.24,7,3,1,4
2025-01-03 07:25:00,SA1,-33.0,1131.59,7,3,1,4
2025-01-03 07:25:00,TAS1,120.26,1014.03,7,3,1,4
2025-01-03 07:25:00,VIC1,-31.56936,3476.88,7,3,1,4
2025-01-03 07:30:00,NSW1,-30.26981,6580.29,7,3,1,4
2025-01-03 07:30:00,QLD1,-28.62827,5379.52,7,3,1,4
2025-01-03 07:30:00,SA1,-33.55748,1105.86,7,3,1,4
2025-01-03 07:30:00,TAS1,120.26,1010.26,7,3,1,4
2025-01-03 07:30:00,VIC1,-31.99993,3394.07,7,3,1,4
2025-01-03 07:35:00,NSW1,-30.54283,6545.19,7,3,1,4
2025-01-03 07:35:00,QLD1,-29.12318,5430.68,7,3,1,4
2025-01-03 07:35:00,SA1,-33.18573,1081.01,7,3,1,4
2025-01-03 07:35:00,TAS1,120.26,1015.18,7,3,1,4
2025-01-03 07:35:00,VIC1,-31.99993,3366.85,7,3,1,4
2025-01-03 07:40:00,NSW1,-30.56357,6589.37,7,3,1,4
2025-01-03 07:40:00,QLD1,-30.01268,5403.02,7,3,1,4
2025-01-03 07:40:00,SA1,-32.40821,1064.28,7,3,1,4
2025-01-03 07:40:00,TAS1,120.26,1021.59,7,3,1,4
2025-01-03 07:40:00,VIC1,-31.99993,3299.92,7,3,1,4
2025-01-03 07:45:00,NSW1,-27.96098,6552.2,7,3,1,4
2025-01-03 07:45:00,QLD1,-25.0,5389.71,7,3,1,4
2025-01-03 07:45:00,SA1,-27.15483,1040.54,7,3,1,4
2025-01-03 07:45:00,TAS1,120.2019,999.47,7,3,1,4
2025-01-03 07:45:00,VIC1,-27.49005,3268.94,7,3,1,4
2025-01-03 07:50:00,NSW1,20.00021,6501.37,7,3,1,4
2025-01-03 07:50:00,QLD1,-24.99997,5306.02,7,3,1,4
2025-01-03 07:50:00,SA1,-35.0,990.0,7,3,1,4
2025-01-03 07:50:00,TAS1,120.2,989.89,7,3,1,4
2025-01-03 07:50:00,VIC1,-34.91456,3217.41,7,3,1,4
2025-01-03 07:55:00,NSW1,160.02,6620.45,7,3,1,4
2025-01-03 07:55:00,QLD1,-25.92,5346.86,7,3,1,4
2025-01-03 07:55:00,SA1,-32.25,999.65,7,3,1,4
2025-01-03 07:55:00,TAS1,120.2,983.64,7,3,1,4
2025-01-03 07:55:00,VIC1,-32.46997,3163.38,7,3,1,4
2025-01-03 08:00:00,NSW1,160.02,6670.97,8,3,1,4
2025-01-03 08:00:00,QLD1,-31.0,5257.91,8,3,1,4
2025-01-03 08:00:00,SA1,-67.45497,979.71,8,3,1,4
2025-01-03 08:00:00,TAS1,120.2,983.06,8,3,1,4
2025-01-03 08:00:00,VIC1,-64.99995,3119.99,8,3,1,4
2025-01-03 08:05:00,NSW1,84.34007,6550.57,8,3,1,4
2025-01-03 08:05:00,QLD1,-31.0,5216.5,8,3,1,4
2025-01-03 08:05:00,SA1,-67.35114,953.15,8,3,1,4
2025-01-03 08:05:00,TAS1,120.26,977.83,8,3,1,4
2025-01-03 08:05:00,VIC1,-65.0,3119.2,8,3,1,4
2025-01-03 08:10:00,NSW1,75.9001,6700.49,8,3,1,4
2025-01-03 08:10:00,QLD1,-30.75,5252.84,8,3,1,4
2025-01-03 08:10:00,SA1,-51.32999,959.86,8,3,1,4
2025-01-03 08:10:00,TAS1,120.26,1001.76,8,3,1,4
2025-01-03 08:10:00,VIC1,-49.17665,3126.84,8,3,1,4
2025-01-03 08:15:00,NSW1,75.9001,6760.25,8,3,1,4
2025-01-03 08:15:00,QLD1,-30.75,5314.28,8,3,1,4
2025-01-03 08:15:00,SA1,-43.21,920.47,8,3,1,4
2025-01-03 08:15:00,TAS1,120.26,973.63,8,3,1,4
2025-01-03 08:15:00,VIC1,-41.83729,3017.13,8,3,1,4
2025-01-03 08:20:00,NSW1,57.01022,6562.79,8,3,1,4
2025-01-03 08:20:00,QLD1,-30.75,5288.63,8,3,1,4
2025-01-03 08:20:00,SA1,-65.71911,886.58,8,3,1,4
2025-01-03 08:20:00,TAS1,120.2,966.59,8,3,1,4
2025-01-03 08:20:00,VIC1,-63.94,3000.52,8,3,1,4
2025-01-03 08:25:00,NSW1,20.00033,6510.97,8,3,1,4
2025-01-03 08:25:00,QLD1,-31.11,5202.87,8,3,1,4
2025-01-03 08:25:00,SA1,-36.60097,869.28,8,3,1,4
2025-01-03 08:25:00,TAS1,120.2,971.89,8,3,1,4
2025-01-03 08:25:00,VIC1,-35.5,2954.16,8,3,1,4
2025-01-03 08:30:00,NSW1,75.89988,6465.05,8,3,1,4
2025-01-03 08:30:00,QLD1,-31.2,5202.79,8,3,1,4
2025-01-03 08:30:00,SA1,-51.94519,842.32,8,3,1,4
2025-01-03 08:30:00,TAS1,120.2,968.67,8,3,1,4
2025-01-03 08:30:00,VIC1,-50.08,2915.98,8,3,1,4
2025-01-03 08:35:00,NSW1,75.9,6421.68,8,3,1,4
2025-01-03 08:35:00,QLD1,-31.2,5143.83,8,3,1,4
2025-01-03 08:35:00,SA1,-51.71098,811.35,8,3,1,4
2025-01-03 08:35:00,TAS1,120.06,954.29,8,3,1,4
2025-01-03 08:35:00,VIC1,-50.08,2873.89,8,3,1,4
2025-01-03 08:40:00,NSW1,75.9,6403.3,8,3,1,4
2025-01-03 08:40:00,QLD1,-32.95,5047.25,8,3,1,4
2025-01-03 08:40:00,SA1,-59.79921,801.2,8,3,1,4
2025-01-03 08:40:00,TAS1,120.2,967.73,8,3,1,4
2025-01-03 08:40:00,VIC1,-57.9,2806.11,8,3,1,4
2025-01-03 08:45:00,NSW1,1.00008,6335.61,8,3,1,4
2025-01-03 08:45:00,QLD1,-31.29653,5036.21,8,3,1,4
2025-01-03 08:45:00,SA1,-36.0,770.4,8,3,1,4
2025-01-03 08:45:00,TAS1,120.06,955.28,8,3,1,4
2025-01-03 08:45:00,VIC1,-34.78926,2773.42,8,3,1,4
2025-01-03 08:50:00,NSW1,36.00007,6305.31,8,3,1,4
2025-01-03 08:50:00,QLD1,-31.2,5034.37,8,3,1,4
2025-01-03 08:50:00,SA1,-35.0,730.03,8,3,1,4
2025-01-03 08:50:00,TAS1,120.2,959.68,8,3,1,4
2025-01-03 08:50:00,VIC1,-34.09423,2687.81,8,3,1,4
2025-01-03 08:55:00,NSW1,20.0002,6166.45,8,3,1,4
2025-01-03 08:55:00,QLD1,-31.2,5040.43,8,3,1,4
2025-01-03 08:55:00,SA1,-35.0,678.72,8,3,1,4
2025-01-03 08:55:00,TAS1,120.06,958.54,8,3,1,4
2025-01-03 08:55:00,VIC1,-34.64562,2641.35,8,3,1,4
2025-01-03 09:00:00,NSW1,-6.20628,6144.31,9,3,1,4
2025-01-03 09:00:00,QLD1,-31.0,5061.99,9,3,1,4
2025-01-03 09:00:00,SA1,-32.25,688.32,9,3,1,4
2025-01-03 09:00:00,TAS1,119.26,952.19,9,3,1,4
2025-01-03 09:00:00,VIC1,-32.56672,2588.86,9,3,1,4
2025-01-03 09:05:00,NSW1,-33.0,6043.43,9,3,1,4
2025-01-03 09:05:00,QLD1,-28.72691,5076.18,9,3,1,4
2025-01-03 09:05:00,SA1,-32.96118,621.31,9,3,1,4
2025-01-03 09:05:00,TAS1,120.26,957.55,9,3,1,4
2025-01-03 09:05:00,VIC1,-33.00796,2508.91,9,3,1,4
2025-01-03 09:10:00,NSW1,1.0002,6138.34,9,3,1,4
2025-01-03 09:10:00,QLD1,-30.75,5118.93,9,3,1,4
2025-01-03 09:10:00,SA1,-32.25,627.59,9,3,1,4
2025-01-03 09:10:00,TAS1,120.26,954.93,9,3,1,4
2025-01-03 09:10:00,VIC1,-33.00296,2530.63,9,3,1,4
2025-01-03 09:15:00,NSW1,20.00039,6090.22,9,3,1,4
2025-01-03 09:15:00,QLD1,-31.0,5125.89,9,3,1,4
2025-01-03 09:15:00,SA1,-30.23319,590.84,9,3,1,4
2025-01-03 09:15:00,TAS1,120.26,960.21,9,3,1,4
2025-01-03 09:15:00,VIC1,-30.75,2466.63,9,3,1,4
2025-01-03 09:20:00,NSW1,45.0,6063.62,9,3,1,4
2025-01-03 09:20:00,QLD1,-30.75,5227.52,9,3,1,4
2025-01-03 09:20:00,SA1,-21.0,574.0,9,3,1,4
2025-01-03 09:20:00,TAS1,120.26,950.79,9,3,1,4
2025-01-03 09:20:00,VIC1,-21.81492,2394.95,9,3,1,4
2025-01-03 09:25:00,NSW1,160.02,6049.59,9,3,1,4
2025-01-03 09:25:00,QLD1,-31.2,5152.55,9,3,1,4
2025-01-03 09:25:00,SA1,-35.0,510.73,9,3,1,4
2025-01-03 09:25:00,TAS1,120.26,953.29,9,3,1,4
2025-01-03 09:25:00,VIC1,-36.09367,2360.15,9,3,1,4
2025-01-03 09:30:00,NSW1,1.00013,6056.62,9,3,1,4
2025-01-03 09:30:00,QLD1,-30.8867,5143.41,9,3,1,4
2025-01-03 09:30:00,SA1,-20.1,546.5,9,3,1,4
2025-01-03 09:30:00,TAS1,120.26,944.53,9,3,1,4
2025-01-03 09:30:00,VIC1,-21.20745,2373.31,9,3,1,4
2025-01-03 09:35:00,NSW1,299.99032,6145.09,9,3,1,4
2025-01-03 09:35:00,QLD1,-31.2,5113.82,9,3,1,4
2025-01-03 09:35:00,SA1,-91.86136,475.09,9,3,1,4
2025-01-03 09:35:00,TAS1,120.26,940.05,9,3,1,4
2025-01-03 09:35:00,VIC1,-90.01,2272.28,9,3,1,4
2025-01-03 09:40:00,NSW1,299.98,6278.94,9,3,1,4
2025-01-03 09:40:00,QLD1,-31.2,5105.68,9,3,1,4
2025-01-03 09:40:00,SA1,-63.34136,528.54,9,3,1,4
2025-01-03 09:40:00,TAS1,120.26,944.85,9,3,1,4
2025-01-03 09:40:00,VIC1,-61.37,2387.79,9,3,1,4
2025-01-03 09:45:00,NSW1,299.98,6225.6,9,3,1,4
2025-01-03 09:45:00,QLD1,-31.11,5091.56,9,3,1,4
2025-01-03 09:45:00,SA1,-71.97509,530.29,9,3,1,4
2025-01-03 09:45:00,TAS1,120.26,935.04,9,3,1,4
2025-01-03 09:45:00,VIC1,-69.63,2315.48,9,3,1,4
2025-01-03 09:50:00,NSW1,75.9001,6214.34,9,3,1,4
2025-01-03 09:50:00,QLD1,-31.99991,5002.61,9,3,1,4
2025-01-03 09:50:00,SA1,-68.77879,537.77,9,3,1,4
2025-01-03 09:50:00,TAS1,120.26,932.3,9,3,1,4
2025-01-03 09:50:00,VIC1,-66.29964,2349.44,9,3,1,4
2025-01-03 09:55:00,NSW1,36.00015,6132.05,9,3,1,4
2025-01-03 09:55:00,QLD1,-31.2,5034.94,9,3,1,4
2025-01-03 09:55:00,SA1,-42.39028,524.88,9,3,1,4
2025-01-03 09:55:00,TAS1,120.26,929.98,9,3,1,4
2025-01-03 09:55:00,VIC1,-41.73,2338.27,9,3,1,4
2025-01-03 10:00:00,NSW1,36.00015,6192.99,10,3,1,4
2025-01-03 10:00:00,QLD1,-32.00006,5045.86,10,3,1,4
2025-01-03 10:00:00,SA1,-55.64679,501.79,10,3,1,4
2025-01-03 10:00:00,TAS1,120.26,922.18,10,3,1,4
2025-01-03 10:00:00,VIC1,-55.13002,2241.95,10,3,1,4
2025-01-03 10:05:00,NSW1,299.98,6190.21,10,3,1,4
2025-01-03 10:05:00,QLD1,-31.0,5061.38,10,3,1,4
2025-01-03 10:05:00,SA1,-66.62587,478.7,10,3,1,4
2025-01-03 10:05:00,TAS1,120.26,923.07,10,3,1,4
2025-01-03 10:05:00,VIC1,-66.29964,2227.19,10,3,1,4
2025-01-03 10:10:00,NSW1,75.9,6265.11,10,3,1,4
2025-01-03 10:10:00,QLD1,-30.75,5018.09,10,3,1,4
2025-01-03 10:10:00,SA1,-33.0,536.58,10,3,1,4
2025-01-03 10:10:00,TAS1,120.26,923.85,10,3,1,4
2025-01-03 10:10:00,VIC1,-33.35136,2270.14,10,3,1,4
2025-01-03 10:15:00,NSW1,-33.0,6181.01,10,3,1,4
2025-01-03 10:15:00,QLD1,-29.48553,5006.11,10,3,1,4
2025-01-03 10:15:00,SA1,-30.84465,471.6,10,3,1,4
2025-01-03 10:15:00,TAS1,120.26,906.93,10,3,1,4
2025-01-03 10:15:00,VIC1,-31.99993,2186.11,10,3,1,4
2025-01-03 10:20:00,NSW1,-33.0,6191.87,10,3,1,4
2025-01-03 10:20:00,QLD1,-28.17324,5000.67,10,3,1,4
2025-01-03 10:20:00,SA1,-41.82651,466.01,10,3,1,4
2025-01-03 10:20:00,TAS1,120.26,909.33,10,3,1,4
2025-01-03 10:20:00,VIC1,-41.73,2079.88,10,3,1,4
2025-01-03 10:25:00,NSW1,-33.0,6137.61,10,3,1,4
2025-01-03 10:25:00,QLD1,-27.58778,4917.01,10,3,1,4
2025-01-03 10:25:00,SA1,-36.0,465.29,10,3,1,4
2025-01-03 10:25:00,TAS1,120.26,903.74,10,3,1,4
2025-01-03 10:25:00,VIC1,-35.97074,2145.71,10,3,1,4
2025-01-03 10:30:00,NSW1,-32.01,6136.96,10,3,1,4
2025-01-03 10:30:00,QLD1,-27.82367,4872.83,10,3,1,4
2025-01-03 10:30:00,SA1,-41.43347,452.04,10,3,1,4
2025-01-03 10:30:00,TAS1,120.26,907.62,10,3,1,4
2025-01-03 10:30:00,VIC1,-41.73,2148.54,10,3,1,4
2025-01-03 10:35:00,NSW1,-32.01,6062.91,10,3,1,4
2025-01-03 10:35:00,QLD1,-30.11,4816.62,10,3,1,4
2025-01-03 10:35:00,SA1,-44.91019,444.33,10,3,1,4
2025-01-03 10:35:00,TAS1,120.26,894.53,10,3,1,4
2025-01-03 10:35:00,VIC1,-45.05,2120.01,10,3,1,4
2025-01-03 10:40:00,NSW1,83.27007,6145.91,10,3,1,4
2025-01-03 10:40:00,QLD1,-34.0,4783.63,10,3,1,4
2025-01-03 10:40:00,SA1,-36.0,407.39,10,3,1,4
2025-01-03 10:40:00,TAS1,120.26,898.7,10,3,1,4
2025-01-03 10:40:00,VIC1,-36.82492,2128.41,10,3,1,4
2025-01-03 10:45:00,NSW1,19.98,6156.8,10,3,1,4
2025-01-03 10:45:00,QLD1,-31.99994,4887.87,10,3,1,4
2025-01-03 10:45:00,SA1,-35.0,405.27,10,3,1,4
2025-01-03 10:45:00,TAS1,120.26,903.1,10,3,1,4
2025-01-03 10:45:00,VIC1,-35.82772,2118.12,10,3,1,4
2025-01-03 10:50:00,NSW1,-33.0,6042.82,10,3,1,4
2025-01-03 10:50:00,QLD1,-28.1364,5033.84,10,3,1,4
2025-01-03 10:50:00,SA1,-35.0,398.38,10,3,1,4
2025-01-03 10:50:00,TAS1,120.26,902.51,10,3,1,4
2025-01-03 10:50:00,VIC1,-35.71165,2102.22,10,3,1,4
2025-01-03 10:55:00,NSW1,-33.0,6005.67,10,3,1,4
2025-01-03 10:55:00,QLD1,-27.78377,5009.61,10,3,1,4
2025-01-03 10:55:00,SA1,-36.0,378.93,10,3,1,4
2025-01-03 10:55:00,TAS1,120.26,905.95,10,3,1,4
2025-01-03 10:55:00,VIC1,-36.61362,2075.02,10,3,1,4
2025-01-03 11:00:00,NSW1,-33.0,5977.86,11,3,1,4
2025-01-03 11:00:00,QLD1,-27.78878,5037.88,11,3,1,4
2025-01-03 11:00:00,SA1,-43.21,370.18,11,3,1,4
2025-01-03 11:00:00,TAS1,120.26,898.84,11,3,1,4
2025-01-03 11:00:00,VIC1,-43.81826,2068.18,11,3,1,4
2025-01-03 11:05:00,NSW1,-32.01,5950.48,11,3,1,4
2025-01-03 11:05:00,QLD1,-27.85805,5007.72,11,3,1,4
2025-01-03 11:05:00,SA1,-36.0,387.51,11,3,1,4
2025-01-03 11:05:00,TAS1,120.26,903.76,11,3,1,4
2025-01-03 11:05:00,VIC1,-36.60184,2077.13,11,3,1,4
2025-01-03 11:10:00,NSW1,-33.0,5915.02,11,3,1,4
2025-01-03 11:10:00,QLD1,-27.21427,4978.27,11,3,1,4
2025-01-03 11:10:00,SA1,-33.31082,387.93,11,3,1,4
2025-01-03 11:10:00,TAS1,120.26,895.87,11,3,1,4
2025-01-03 11:10:00,VIC1,-34.46,2094.22,11,3,1,4
2025-01-03 11:15:00,NSW1,-33.0,5792.87,11,3,1,4
2025-01-03 11:15:00,QLD1,-27.7742,5077.78,11,3,1,4
2025-01-03 11:15:00,SA1,-35.0,369.88,11,3,1,4
2025-01-03 11:15:00,TAS1,120.26,900.61,11,3,1,4
2025-01-03 11:15:00,VIC1,-36.13005,2096.8,11,3,1,4
2025-01-03 11:20:00,NSW1,-36.62257,5715.67,11,3,1,4
2025-01-03 11:20:00,QLD1,-30.75,4963.13,11,3,1,4
2025-01-03 11:20:00,SA1,-35.0,377.96,11,3,1,4
2025-01-03 11:20:00,TAS1,120.26,902.73,11,3,1,4
2025-01-03 11:20:00,VIC1,-35.7419,2088.99,11,3,1,4
2025-01-03 11:25:00,NSW1,-36.62749,5710.37,11,3,1,4
2025-01-03 11:25:00,QLD1,-30.75,4987.95,11,3,1,4
2025-01-03 11:25:00,SA1,-41.77013,361.46,11,3,1,4
2025-01-03 11:25:00,TAS1,120.26,880.78,11,3,1,4
2025-01-03 11:25:00,VIC1,-42.28,2128.28,11,3,1,4
2025-01-03 11:30:00,NSW1,-35.77803,5650.4,11,3,1,4
2025-01-03 11:30:00,QLD1,-31.0,5006.57,11,3,1,4
2025-01-03 11:30:00,SA1,-32.49999,369.08,11,3,1,4
2025-01-03 11:30:00,TAS1,120.26,885.74,11,3,1,4
2025-01-03 11:30:00,VIC1,-33.80005,2112.55,11,3,1,4
2025-01-03 11:35:00,NSW1,-36.04523,5623.46,11,3,1,4
2025-01-03 11:35:00,QLD1,-31.2,4967.77,11,3,1,4
2025-01-03 11:35:00,SA1,-31.34688,369.15,11,3,1,4
2025-01-03 11:35:00,TAS1,120.06,891.21,11,3,1,4
2025-01-03 11:35:00,VIC1,-32.71525,2132.63,11,3,1,4
2025-01-03 11:40:00,NSW1,-35.99927,5669.57,11,3,1,4
2025-01-03 11:40:00,QLD1,-31.0,5036.27,11,3,1,4
2025-01-03 11:40:00,SA1,-32.5,376.98,11,3,1,4
2025-01-03 11:40:00,TAS1,120.26,895.19,11,3,1,4
2025-01-03 11:40:00,VIC1,-33.6466,2055.99,11,3,1,4
2025-01-03 11:45:00,NSW1,-36.05853,5611.13,11,3,1,4
2025-01-03 11:45:00,QLD1,-31.2,4954.14,11,3,1,4
2025-01-03 11:45:00,SA1,-31.15387,369.62,11,3,1,4
2025-01-03 11:45:00,TAS1,120.06,892.89,11,3,1,4
2025-01-03 11:45:00,VIC1,-32.72967,2105.38,11,3,1,4
2025-01-03 11:50:00,NSW1,-35.83072,5582.35,11,3,1,4
2025-01-03 11:50:00,QLD1,-31.2,4992.58,11,3,1,4
2025-01-03 11:50:00,SA1,-33.0,371.38,11,3,1,4
2025-01-03 11:50:00,TAS1,120.06,894.79,11,3,1,4
2025-01-03 11:50:00,VIC1,-34.28754,2094.35,11,3,1,4
2025-01-03 11:55:00,NSW1,-35.58551,5540.99,11,3,1,4
2025-01-03 11:55:00,QLD1,-30.75,4950.09,11,3,1,4
2025-01-03 11:55:00,SA1,-32.49999,393.37,11,3,1,4
2025-01-03 11:55:00,TAS1,120.06,889.86,11,3,1,4
2025-01-03 11:55:00,VIC1,-33.77148,2135.55,11,3,1,4
2025-01-03 12:00:00,NSW1,-35.42928,5514.8,12,3,1,4
2025-01-03 12:00:00,QLD1,-31.2,4897.75,12,3,1,4
2025-01-03 12:00:00,SA1,-32.5,396.57,12,3,1,4
2025-01-03 12:00:00,TAS1,120.06,887.51,12,3,1,4
2025-01-03 12:00:00,VIC1,-33.73534,2120.49,12,3,1,4
2025-01-03 12:05:00,NSW1,-35.27391,5483.67,12,3,1,4
2025-01-03 12:05:00,QLD1,-30.11,4978.15,12,3,1,4
2025-01-03 12:05:00,SA1,-31.57612,408.72,12,3,1,4
2025-01-03 12:05:00,TAS1,120.26,896.4,12,3,1,4
2025-01-03 12:05:00,VIC1,-32.33492,2150.06,12,3,1,4
2025-01-03 12:10:00,NSW1,-33.0,5587.59,12,3,1,4
2025-01-03 12:10:00,QLD1,-28.05741,5050.32,12,3,1,4
2025-01-03 12:10:00,SA1,-29.69593,378.51,12,3,1,4
2025-01-03 12:10:00,TAS1,120.06,892.54,12,3,1,4
2025-01-03 12:10:00,VIC1,-30.44953,2146.43,12,3,1,4
2025-01-03 12:15:00,NSW1,-34.41883,5519.17,12,3,1,4
2025-01-03 12:15:00,QLD1,-29.23073,5009.83,12,3,1,4
2025-01-03 12:15:00,SA1,-31.09178,381.7,12,3,1,4
2025-01-03 12:15:00,TAS1,119.26,889.23,12,3,1,4
2025-01-03 12:15:00,VIC1,-31.99993,2140.69,12,3,1,4
2025-01-03 12:20:00,NSW1,-33.0,5522.79,12,3,1,4
2025-01-03 12:20:00,QLD1,-28.73877,4995.07,12,3,1,4
2025-01-03 12:20:00,SA1,-29.94066,394.44,12,3,1,4
2025-01-03 12:20:00,TAS1,119.26,889.96,12,3,1,4
2025-01-03 12:20:00,VIC1,-30.70198,2184.45,12,3,1,4
2025-01-03 12:25:00,NSW1,-34.35208,5558.68,12,3,1,4
2025-01-03 12:25:00,QLD1,-28.97522,4940.85,12,3,1,4
2025-01-03 12:25:00,SA1,-31.36325,404.4,12,3,1,4
2025-01-03 12:25:00,TAS1,119.26,890.08,12,3,1,4
2025-01-03 12:25:00,VIC1,-31.99993,2157.28,12,3,1,4
2025-01-03 12:30:00,NSW1,-33.0,5606.67,12,3,1,4
2025-01-03 12:30:00,QLD1,-27.65827,4937.29,12,3,1,4
2025-01-03 12:30:00,SA1,-30.64899,425.86,12,3,1,4
2025-01-03 12:30:00,TAS1,119.26,885.4,12,3,1,4
2025-01-03 12:30:00,VIC1,-31.02225,2172.27,12,3,1,4
2025-01-03 12:35:00,NSW1,-33.0,5628.83,12,3,1,4
2025-01-03 12:35:00,QLD1,-28.36023,4906.13,12,3,1,4
2025-01-03 12:35:00,SA1,-31.01166,439.43,12,3,1,4
2025-01-03 12:35:00,TAS1,119.26,891.82,12,3,1,4
2025-01-03 12:35:00,VIC1,-31.27466,2185.82,12,3,1,4
2025-01-03 12:40:00,NSW1,-32.01,5686.32,12,3,1,4
2025-01-03 12:40:00,QLD1,-28.13107,4952.31,12,3,1,4
2025-01-03 12:40:00,SA1,-29.71377,416.35,12,3,1,4
2025-01-03 12:40:00,TAS1,119.26,876.05,12,3,1,4
2025-01-03 12:40:00,VIC1,-30.31257,2202.74,12,3,1,4
2025-01-03 12:45:00,NSW1,2.63556,5710.46,12,3,1,4
2025-01-03 12:45:00,QLD1,-31.11,4877.61,12,3,1,4
2025-01-03 12:45:00,SA1,-31.57236,414.14,12,3,1,4
2025-01-03 12:45:00,TAS1,117.26,856.46,12,3,1,4
2025-01-03 12:45:00,VIC1,-31.99993,2244.77,12,3,1,4
2025-01-03 12:50:00,NSW1,-23.3897,5715.3,12,3,1,4
2025-01-03 12:50:00,QLD1,-28.83367,4990.24,12,3,1,4
2025-01-03 12:50:00,SA1,-22.77,455.9,12,3,1,4
2025-01-03 12:50:00,TAS1,117.26,874.94,12,3,1,4
2025-01-03 12:50:00,VIC1,-22.89,2271.64,12,3,1,4
2025-01-03 12:55:00,NSW1,-32.9998,5727.59,12,3,1,4
2025-01-03 12:55:00,QLD1,-29.53169,5007.09,12,3,1,4
2025-01-03 12:55:00,SA1,-31.41901,408.38,12,3,1,4
2025-01-03 12:55:00,TAS1,117.26,863.29,12,3,1,4
2025-01-03 12:55:00,VIC1,-31.98302,2294.45,12,3,1,4
2025-01-03 13:00:00,NSW1,-23.38249,5733.27,13,3,1,4
2025-01-03 13:00:00,QLD1,-25.0,5015.6,13,3,1,4
2025-01-03 13:00:00,SA1,-22.57207,428.99,13,3,1,4
2025-01-03 13:00:00,TAS1,117.26,870.24,13,3,1,4
2025-01-03 13:00:00,VIC1,-22.87,2271.44,13,3,1,4
2025-01-03 13:05:00,NSW1,-32.49419,5739.55,13,3,1,4
2025-01-03 13:05:00,QLD1,-29.00548,4964.25,13,3,1,4
2025-01-03 13:05:00,SA1,-30.88562,416.19,13,3,1,4
2025-01-03 13:05:00,TAS1,119.26,869.86,13,3,1,4
2025-01-03 13:05:00,VIC1,-31.99993,2316.55,13,3,1,4
2025-01-03 13:10:00,NSW1,-23.06007,5834.07,13,3,1,4
2025-01-03 13:10:00,QLD1,-25.0,5122.03,13,3,1,4
2025-01-03 13:10:00,SA1,-20.1,459.64,13,3,1,4
2025-01-03 13:10:00,TAS1,119.26,864.92,13,3,1,4
2025-01-03 13:10:00,VIC1,-21.87,2387.99,13,3,1,4
2025-01-03 13:15:00,NSW1,-33.0,5792.62,13,3,1,4
2025-01-03 13:15:00,QLD1,-29.40637,5074.85,13,3,1,4
2025-01-03 13:15:00,SA1,-30.07892,438.61,13,3,1,4
2025-01-03 13:15:00,TAS1,119.26,868.96,13,3,1,4
2025-01-03 13:15:00,VIC1,-31.53329,2375.38,13,3,1,4
2025-01-03 13:20:00,NSW1,-27.83551,5890.88,13,3,1,4
2025-01-03 13:20:00,QLD1,-24.99997,5150.65,13,3,1,4
2025-01-03 13:20:00,SA1,-25.96349,480.29,13,3,1,4
2025-01-03 13:20:00,TAS1,119.26,863.4,13,3,1,4
2025-01-03 13:20:00,VIC1,-27.26922,2429.08,13,3,1,4
2025-01-03 13:25:00,NSW1,-29.7363,5943.26,13,3,1,4
2025-01-03 13:25:00,QLD1,-25.88,5075.44,13,3,1,4
2025-01-03 13:25:00,SA1,-32.68631,459.31,13,3,1,4
2025-01-03 13:25:00,TAS1,119.26,863.23,13,3,1,4
2025-01-03 13:25:00,VIC1,-38.15088,2446.79,13,3,1,4
2025-01-03 13:30:00,NSW1,-29.31035,5943.33,13,3,1,4
2025-01-03 13:30:00,QLD1,-25.87429,5168.84,13,3,1,4
2025-01-03 13:30:00,SA1,-28.53862,504.56,13,3,1,4
2025-01-03 13:30:00,TAS1,82.06,853.52,13,3,1,4
2025-01-03 13:30:00,VIC1,-29.0,2528.38,13,3,1,4
2025-01-03 13:35:00,NSW1,4.52788,6012.81,13,3,1,4
2025-01-03 13:35:00,QLD1,-31.2,5049.46,13,3,1,4
2025-01-03 13:35:00,SA1,-31.24204,521.69,13,3,1,4
2025-01-03 13:35:00,TAS1,119.26,868.05,13,3,1,4
2025-01-03 13:35:00,VIC1,-31.99993,2542.89,13,3,1,4
2025-01-03 13:40:00,NSW1,-31.08456,6061.33,13,3,1,4
2025-01-03 13:40:00,QLD1,-30.75,5032.96,13,3,1,4
2025-01-03 13:40:00,SA1,-31.10898,521.34,13,3,1,4
2025-01-03 13:40:00,TAS1,119.26,867.42,13,3,1,4
2025-01-03 13:40:00,VIC1,-31.99993,2580.67,13,3,1,4
2025-01-03 13:45:00,NSW1,-31.29317,5944.62,13,3,1,4
2025-01-03 13:45:00,QLD1,-28.42208,5189.47,13,3,1,4
2025-01-03 13:45:00,SA1,-31.59192,533.45,13,3,1,4
2025-01-03 13:45:00,TAS1,119.26,865.24,13,3,1,4
2025-01-03 13:45:00,VIC1,-31.99993,2613.77,13,3,1,4
2025-01-03 13:50:00,NSW1,-22.1174,5987.63,13,3,1,4
2025-01-03 13:50:00,QLD1,-29.12128,5206.33,13,3,1,4
2025-01-03 13:50:00,SA1,-21.0,552.02,13,3,1,4
2025-01-03 13:50:00,TAS1,119.26,866.02,13,3,1,4
2025-01-03 13:50:00,VIC1,-22.28984,2650.33,13,3,1,4
2025-01-03 13:55:00,NSW1,-25.1542,5954.69,13,3,1,4
2025-01-03 13:55:00,QLD1,-28.5973,5203.61,13,3,1,4
2025-01-03 13:55:00,SA1,-20.1,537.43,13,3,1,4
2025-01-03 13:55:00,TAS1,119.26,866.15,13,3,1,4
2025-01-03 13:55:00,VIC1,-26.12,2649.54,13,3,1,4
2025-01-03 14:00:00,NSW1,-20.1944,6069.16,14,3,1,4
2025-01-03 14:00:00,QLD1,-29.30565,5260.05,14,3,1,4
2025-01-03 14:00:00,SA1,-10.09994,553.39,14,3,1,4
2025-01-03 14:00:00,TAS1,119.26,874.52,14,3,1,4
2025-01-03 14:00:00,VIC1,-20.96,2732.85,14,3,1,4
2025-01-03 14:05:00,NSW1,-20.03645,6144.4,14,3,1,4
2025-01-03 14:05:00,QLD1,-29.21489,5275.47,14,3,1,4
2025-01-03 14:05:00,SA1,-10.09994,537.6,14,3,1,4
2025-01-03 14:05:00,TAS1,118.26,865.36,14,3,1,4
2025-01-03 14:05:00,VIC1,-20.96,2733.09,14,3,1,4
2025-01-03 14:10:00,NSW1,-19.89332,6147.11,14,3,1,4
2025-01-03 14:10:00,QLD1,-28.96282,5274.85,14,3,1,4
2025-01-03 14:10:00,SA1,-10.09994,540.32,14,3,1,4
2025-01-03 14:10:00,TAS1,119.26,874.76,14,3,1,4
2025-01-03 14:10:00,VIC1,-20.96,2792.77,14,3,1,4
2025-01-03 14:15:00,NSW1,-19.62425,6108.94,14,3,1,4
2025-01-03 14:15:00,QLD1,-29.67547,5351.88,14,3,1,4
2025-01-03 14:15:00,SA1,-10.09994,552.51,14,3,1,4
2025-01-03 14:15:00,TAS1,119.26,872.85,14,3,1,4
2025-01-03 14:15:00,VIC1,-21.0,2810.4,14,3,1,4
2025-01-03 14:20:00,NSW1,-33.0,6087.55,14,3,1,4
2025-01-03 14:20:00,QLD1,-28.43981,5380.18,14,3,1,4
2025-01-03 14:20:00,SA1,-10.09994,579.72,14,3,1,4
2025-01-03 14:20:00,TAS1,119.26,878.14,14,3,1,4
2025-01-03 14:20:00,VIC1,-31.99993,2826.3,14,3,1,4
2025-01-03 14:25:00,NSW1,-33.0,6163.91,14,3,1,4
2025-01-03 14:25:00,QLD1,-28.63326,5383.53,14,3,1,4
2025-01-03 14:25:00,SA1,-10.09994,583.43,14,3,1,4
2025-01-03 14:25:00,TAS1,119.26,875.43,14,3,1,4
2025-01-03 14:25:00,VIC1,-34.85047,2921.15,14,3,1,4
2025-01-03 14:30:00,NSW1,-32.01,6112.86,14,3,1,4
2025-01-03 14:30:00,QLD1,-29.09534,5464.94,14,3,1,4
2025-01-03 14:30:00,SA1,-32.24231,614.08,14,3,1,4
2025-01-03 14:30:00,TAS1,119.26,883.92,14,3,1,4
2025-01-03 14:30:00,VIC1,-32.68078,2992.25,14,3,1,4
2025-01-03 14:35:00,NSW1,-28.0819,6106.35,14,3,1,4
2025-01-03 14:35:00,QLD1,-25.88,5665.33,14,3,1,4
2025-01-03 14:35:00,SA1,-29.29535,681.81,14,3,1,4
2025-01-03 14:35:00,TAS1,120.26,881.78,14,3,1,4
2025-01-03 14:35:00,VIC1,-29.8154,3037.1,14,3,1,4
2025-01-03 14:40:00,NSW1,-32.51305,6072.29,14,3,1,4
2025-01-03 14:40:00,QLD1,-30.75,5702.98,14,3,1,4
2025-01-03 14:40:00,SA1,-32.24231,679.51,14,3,1,4
2025-01-03 14:40:00,TAS1,120.26,886.98,14,3,1,4
2025-01-03 14:40:00,VIC1,-33.02856,3049.34,14,3,1,4
2025-01-03 14:45:00,NSW1,-31.01004,6191.85,14,3,1,4
2025-01-03 14:45:00,QLD1,-28.61954,5709.64,14,3,1,4
2025-01-03 14:45:00,SA1,-31.28726,734.64,14,3,1,4
2025-01-03 14:45:00,TAS1,120.26,882.95,14,3,1,4
2025-01-03 14:45:00,VIC1,-31.99993,3212.8,14,3,1,4
2025-01-03 14:50:00,NSW1,31.3874,6242.58,14,3,1,4
2025-01-03 14:50:00,QLD1,30.55,5903.16,14,3,1,4
2025-01-03 14:50:00,SA1,31.84656,749.14,14,3,1,4
2025-01-03 14:50:00,TAS1,120.26,895.05,14,3,1,4
2025-01-03 14:50:00,VIC1,32.94424,3230.36,14,3,1,4
2025-01-03 14:55:00,NSW1,-30.48723,6209.34,14,3,1,4
2025-01-03 14:55:00,QLD1,-29.5,5872.54,14,3,1,4
2025-01-03 14:55:00,SA1,-18.39484,712.57,14,3,1,4
2025-01-03 14:55:00,TAS1,120.26,896.15,14,3,1,4
2025-01-03 14:55:00,VIC1,-19.99,3225.47,14,3,1,4
2025-01-03 15:00:00,NSW1,-32.09038,6320.16,15,3,1,4
2025-01-03 15:00:00,QLD1,-30.11,5836.0,15,3,1,4
2025-01-03 15:00:00,SA1,-18.01462,726.0,15,3,1,4
2025-01-03 15:00:00,TAS1,120.26,902.08,15,3,1,4
2025-01-03 15:00:00,VIC1,-18.61655,3297.61,15,3,1,4
2025-01-03 15:05:00,NSW1,-29.38,6415.35,15,3,1,4
2025-01-03 15:05:00,QLD1,-27.62356,5914.28,15,3,1,4
2025-01-03 15:05:00,SA1,-30.197,746.22,15,3,1,4
2025-01-03 15:05:00,TAS1,120.26,908.96,15,3,1,4
2025-01-03 15:05:00,VIC1,-31.3021,3337.61,15,3,1,4
2025-01-03 15:10:00,NSW1,-26.21933,6422.05,15,3,1,4
2025-01-03 15:10:00,QLD1,-24.9999,6078.86,15,3,1,4
2025-01-03 15:10:00,SA1,-27.19552,806.24,15,3,1,4
2025-01-03 15:10:00,TAS1,120.26,908.37,15,3,1,4
2025-01-03 15:10:00,VIC1,-28.02797,3431.0,15,3,1,4
2025-01-03 15:15:00,NSW1,-31.39744,6427.72,15,3,1,4
2025-01-03 15:15:00,QLD1,-30.75,6131.02,15,3,1,4
2025-01-03 15:15:00,SA1,-19.51664,803.85,15,3,1,4
2025-01-03 15:15:00,TAS1,120.26,908.83,15,3,1,4
2025-01-03 15:15:00,VIC1,-20.19,3459.66,15,3,1,4
2025-01-03 15:20:00,NSW1,-30.91683,6534.67,15,3,1,4
2025-01-03 15:20:00,QLD1,-30.11,6168.4,15,3,1,4
2025-01-03 15:20:00,SA1,-20.1,831.66,15,3,1,4
2025-01-03 15:20:00,TAS1,120.26,928.34,15,3,1,4
2025-01-03 15:20:00,VIC1,-20.79861,3557.27,15,3,1,4
2025-01-03 15:25:00,NSW1,-25.01,6560.99,15,3,1,4
2025-01-03 15:25:00,QLD1,-24.42673,6313.68,15,3,1,4
2025-01-03 15:25:00,SA1,-19.4247,856.0,15,3,1,4
2025-01-03 15:25:00,TAS1,120.26,924.15,15,3,1,4
2025-01-03 15:25:00,VIC1,-21.0,3661.18,15,3,1,4
2025-01-03 15:30:00,NSW1,-25.0971,6677.09,15,3,1,4
2025-01-03 15:30:00,QLD1,-25.0,6305.03,15,3,1,4
2025-01-03 15:30:00,SA1,8.74606,872.42,15,3,1,4
2025-01-03 15:30:00,TAS1,120.26,932.49,15,3,1,4
2025-01-03 15:30:00,VIC1,8.95019,3724.72,15,3,1,4
2025-01-03 15:35:00,NSW1,-25.01,6770.29,15,3,1,4
2025-01-03 15:35:00,QLD1,-25.58494,6396.23,15,3,1,4
2025-01-03 15:35:00,SA1,8.84765,889.89,15,3,1,4
2025-01-03 15:35:00,TAS1,120.26,937.58,15,3,1,4
2025-01-03 15:35:00,VIC1,8.99583,3793.69,15,3,1,4
2025-01-03 15:40:00,NSW1,-29.22473,6791.4,15,3,1,4
2025-01-03 15:40:00,QLD1,-30.11,6430.38,15,3,1,4
2025-01-03 15:40:00,SA1,2.79838,916.51,15,3,1,4
2025-01-03 15:40:00,TAS1,120.26,941.53,15,3,1,4
2025-01-03 15:40:00,VIC1,1e-05,3847.49,15,3,1,4
2025-01-03 15:45:00,NSW1,-30.38717,6830.12,15,3,1,4
2025-01-03 15:45:00,QLD1,-30.75,6419.31,15,3,1,4
2025-01-03 15:45:00,SA1,8.88679,939.24,15,3,1,4
2025-01-03 15:45:00,TAS1,120.26,951.73,15,3,1,4
2025-01-03 15:45:00,VIC1,8.99489,3926.52,15,3,1,4
2025-01-03 15:50:00,NSW1,-20.66436,6921.2,15,3,1,4
2025-01-03 15:50:00,QLD1,-21.2,6516.9,15,3,1,4
2025-01-03 15:50:00,SA1,12.5159,979.92,15,3,1,4
2025-01-03 15:50:00,TAS1,121.23,956.88,15,3,1,4
2025-01-03 15:50:00,VIC1,8.98958,4027.68,15,3,1,4
2025-01-03 15:55:00,NSW1,-24.63836,6982.82,15,3,1,4
2025-01-03 15:55:00,QLD1,-25.0,6549.51,15,3,1,4
2025-01-03 15:55:00,SA1,16.80095,993.5,15,3,1,4
2025-01-03 15:55:00,TAS1,121.23,967.71,15,3,1,4
2025-01-03 15:55:00,VIC1,12.8501,4049.1,15,3,1,4
2025-01-03 16:00:00,NSW1,-25.75811,7020.54,16,3,1,4
2025-01-03 16:00:00,QLD1,-25.92,6574.94,16,3,1,4
2025-01-03 16:00:00,SA1,9.0613,1018.1,16,3,1,4
2025-01-03 16:00:00,TAS1,121.23,962.66,16,3,1,4
2025-01-03 16:00:00,VIC1,9.0,4148.61,16,3,1,4
2025-01-03 16:05:00,NSW1,-21.57416,7135.16,16,3,1,4
2025-01-03 16:05:00,QLD1,-21.2,6649.09,16,3,1,4
2025-01-03 16:05:00,SA1,8.99817,1081.26,16,3,1,4
2025-01-03 16:05:00,TAS1,120.26,965.72,16,3,1,4
2025-01-03 16:05:00,VIC1,8.95,4214.59,16,3,1,4
2025-01-03 16:10:00,NSW1,-30.62808,7149.12,16,3,1,4
2025-01-03 16:10:00,QLD1,-30.11,6599.63,16,3,1,4
2025-01-03 16:10:00,SA1,8.95017,1086.71,16,3,1,4
2025-01-03 16:10:00,TAS1,120.26,974.83,16,3,1,4
2025-01-03 16:10:00,VIC1,9.0,4324.75,16,3,1,4
2025-01-03 16:15:00,NSW1,-26.01327,7229.94,16,3,1,4
2025-01-03 16:15:00,QLD1,-24.99994,6693.26,16,3,1,4
2025-01-03 16:15:00,SA1,11.92544,1109.33,16,3,1,4
2025-01-03 16:15:00,TAS1,120.26,989.98,16,3,1,4
2025-01-03 16:15:00,VIC1,12.0,4432.54,16,3,1,4
2025-01-03 16:20:00,NSW1,-31.77379,7235.26,16,3,1,4
2025-01-03 16:20:00,QLD1,-30.95,6733.67,16,3,1,4
2025-01-03 16:20:00,SA1,23.32105,1160.63,16,3,1,4
2025-01-03 16:20:00,TAS1,120.26,986.47,16,3,1,4
2025-01-03 16:20:00,VIC1,23.26,4484.27,16,3,1,4
2025-01-03 16:25:00,NSW1,11.32841,7346.33,16,3,1,4
2025-01-03 16:25:00,QLD1,11.00092,6858.56,16,3,1,4
2025-01-03 16:25:00,SA1,16.09058,1198.51,16,3,1,4
2025-01-03 16:25:00,TAS1,120.26,986.84,16,3,1,4
2025-01-03 16:25:00,VIC1,12.0,4527.72,16,3,1,4
2025-01-03 16:30:00,NSW1,-25.5616,7377.24,16,3,1,4
2025-01-03 16:30:00,QLD1,-25.0,6904.46,16,3,1,4
2025-01-03 16:30:00,SA1,69.05446,1245.08,16,3,1,4
2025-01-03 16:30:00,TAS1,120.26,1001.68,16,3,1,4
2025-01-03 16:30:00,VIC1,67.31,4660.79,16,3,1,4
2025-01-03 16:35:00,NSW1,-25.01,7464.05,16,3,1,4
2025-01-03 16:35:00,QLD1,-25.27507,7000.04,16,3,1,4
2025-01-03 16:35:00,SA1,63.52,1267.48,16,3,1,4
2025-01-03 16:35:00,TAS1,120.26,1012.56,16,3,1,4
2025-01-03 16:35:00,VIC1,54.75238,4794.78,16,3,1,4
2025-01-03 16:40:00,NSW1,36.0002,7575.94,16,3,1,4
2025-01-03 16:40:00,QLD1,36.41978,7031.63,16,3,1,4
2025-01-03 16:40:00,SA1,96.18872,1288.02,16,3,1,4
2025-01-03 16:40:00,TAS1,120.26,1015.89,16,3,1,4
2025-01-03 16:40:00,VIC1,93.84,4878.39,16,3,1,4
2025-01-03 16:45:00,NSW1,34.32592,7608.86,16,3,1,4
2025-01-03 16:45:00,QLD1,34.75,7030.63,16,3,1,4
2025-01-03 16:45:00,SA1,108.03296,1307.42,16,3,1,4
2025-01-03 16:45:00,TAS1,120.26,1022.97,16,3,1,4
2025-01-03 16:45:00,VIC1,105.71924,4961.48,16,3,1,4
2025-01-03 16:50:00,NSW1,43.98595,7681.9,16,3,1,4
2025-01-03 16:50:00,QLD1,44.95,7205.95,16,3,1,4
2025-01-03 16:50:00,SA1,103.83859,1358.28,16,3,1,4
2025-01-03 16:50:00,TAS1,120.26,1041.14,16,3,1,4
2025-01-03 16:50:00,VIC1,100.42735,5028.73,16,3,1,4
2025-01-03 16:55:00,NSW1,72.80771,7731.85,16,3,1,4
2025-01-03 16:55:00,QLD1,74.94998,7225.03,16,3,1,4
2025-01-03 16:55:00,SA1,109.29324,1397.43,16,3,1,4
2025-01-03 16:55:00,TAS1,120.26,1047.07,16,3,1,4
2025-01-03 16:55:00,VIC1,93.71753,5080.45,16,3,1,4
2025-01-03 17:00:00,NSW1,87.57481,7847.65,17,3,1,4
2025-01-03 17:00:00,QLD1,86.63,7343.6,17,3,1,4
2025-01-03 17:00:00,SA1,113.44,1418.25,17,3,1,4
2025-01-03 17:00:00,TAS1,120.26,1046.98,17,3,1,4
2025-01-03 17:00:00,VIC1,105.42499,5196.38,17,3,1,4
2025-01-03 17:05:00,NSW1,83.30378,7858.5,17,3,1,4
2025-01-03 17:05:00,QLD1,80.79,7245.54,17,3,1,4
2025-01-03 17:05:00,SA1,128.78362,1476.72,17,3,1,4
2025-01-03 17:05:00,TAS1,120.26,1050.15,17,3,1,4
2025-01-03 17:05:00,VIC1,107.86181,5281.49,17,3,1,4
2025-01-03 17:10:00,NSW1,76.93452,7821.32,17,3,1,4
2025-01-03 17:10:00,QLD1,76.30665,7247.03,17,3,1,4
2025-01-03 17:10:00,SA1,170.44,1495.05,17,3,1,4
2025-01-03 17:10:00,TAS1,120.26,1052.54,17,3,1,4
2025-01-03 17:10:00,VIC1,113.21016,5282.86,17,3,1,4
2025-01-03 17:15:00,NSW1,80.9129,7836.32,17,3,1,4
2025-01-03 17:15:00,QLD1,80.79,7292.04,17,3,1,4
2025-01-03 17:15:00,SA1,120.1428,1535.09,17,3,1,4
2025-01-03 17:15:00,TAS1,120.26,1060.14,17,3,1,4
2025-01-03 17:15:00,VIC1,110.56502,5383.61,17,3,1,4
2025-01-03 17:20:00,NSW1,87.68018,7863.57,17,3,1,4
2025-01-03 17:20:00,QLD1,86.63,7349.46,17,3,1,4
2025-01-03 17:20:00,SA1,170.44,1560.8,17,3,1,4
2025-01-03 17:20:00,TAS1,108.23388,1061.03,17,3,1,4
2025-01-03 17:20:00,VIC1,102.66088,5459.95,17,3,1,4
2025-01-03 17:25:00,NSW1,93.49537,7938.26,17,3,1,4
2025-01-03 17:25:00,QLD1,91.96745,7409.04,17,3,1,4
2025-01-03 17:25:00,SA1,137.8,1595.07,17,3,1,4
2025-01-03 17:25:00,TAS1,104.63783,1074.78,17,3,1,4
2025-01-03 17:25:00,VIC1,99.0,5520.38,17,3,1,4
2025-01-03 17:30:00,NSW1,100.50708,7951.1,17,3,1,4
2025-01-03 17:30:00,QLD1,99.75,7560.09,17,3,1,4
2025-01-03 17:30:00,SA1,160.46,1620.83,17,3,1,4
2025-01-03 17:30:00,TAS1,120.26,1075.54,17,3,1,4
2025-01-03 17:30:00,VIC1,116.41954,5641.62,17,3,1,4
2025-01-03 17:35:00,NSW1,93.26517,8003.09,17,3,1,4
2025-01-03 17:35:00,QLD1,92.11703,7590.57,17,3,1,4
2025-01-03 17:35:00,SA1,113.44,1625.18,17,3,1,4
2025-01-03 17:35:00,TAS1,102.52938,1079.19,17,3,1,4
2025-01-03 17:35:00,VIC1,99.0,5633.63,17,3,1,4
2025-01-03 17:40:00,NSW1,95.04261,8044.06,17,3,1,4
2025-01-03 17:40:00,QLD1,96.2376,7623.56,17,3,1,4
2025-01-03 17:40:00,SA1,138.0,1680.72,17,3,1,4
2025-01-03 17:40:00,TAS1,102.52938,1084.36,17,3,1,4
2025-01-03 17:40:00,VIC1,99.0,5685.64,17,3,1,4
2025-01-03 17:45:00,NSW1,109.21981,8025.43,17,3,1,4
2025-01-03 17:45:00,QLD1,112.75,7695.28,17,3,1,4
2025-01-03 17:45:00,SA1,138.0,1689.81,17,3,1,4
2025-01-03 17:45:00,TAS1,119.10754,1094.36,17,3,1,4
2025-01-03 17:45:00,VIC1,114.71262,5778.91,17,3,1,4
2025-01-03 17:50:00,NSW1,112.56142,8064.36,17,3,1,4
2025-01-03 17:50:00,QLD1,114.07767,7675.63,17,3,1,4
2025-01-03 17:50:00,SA1,138.0,1724.27,17,3,1,4
2025-01-03 17:50:00,TAS1,120.26,1102.3,17,3,1,4
2025-01-03 17:50:00,VIC1,118.484,5825.47,17,3,1,4
2025-01-03 17:55:00,NSW1,126.0822,8135.98,17,3,1,4
2025-01-03 17:55:00,QLD1,127.10484,7689.39,17,3,1,4
2025-01-03 17:55:00,SA1,144.72657,1759.49,17,3,1,4
2025-01-03 17:55:00,TAS1,120.26,1101.57,17,3,1,4
2025-01-03 17:55:00,VIC1,130.0,5867.81,17,3,1,4
2025-01-03 18:00:00,NSW1,150.04309,8171.29,18,3,1,4
2025-01-03 18:00:00,QLD1,155.25827,7772.16,18,3,1,4
2025-01-03 18:00:00,SA1,171.13704,1812.85,18,3,1,4
2025-01-03 18:00:00,TAS1,152.33419,1111.91,18,3,1,4
2025-01-03 18:00:00,VIC1,152.58143,5908.91,18,3,1,4
2025-01-03 18:05:00,NSW1,145.11759,8155.59,18,3,1,4
2025-01-03 18:05:00,QLD1,153.83003,7757.66,18,3,1,4
2025-01-03 18:05:00,SA1,170.44,1807.19,18,3,1,4
2025-01-03 18:05:00,TAS1,119.26,1111.33,18,3,1,4
2025-01-03 18:05:00,VIC1,141.02724,5937.6,18,3,1,4
2025-01-03 18:10:00,NSW1,131.39516,8133.9,18,3,1,4
2025-01-03 18:10:00,QLD1,135.00624,7695.63,18,3,1,4
2025-01-03 18:10:00,SA1,138.04,1840.64,18,3,1,4
2025-01-03 18:10:00,TAS1,122.18,1120.18,18,3,1,4
2025-01-03 18:10:00,VIC1,130.0,5962.94,18,3,1,4
2025-01-03 18:15:00,NSW1,143.83179,8193.15,18,3,1,4
2025-01-03 18:15:00,QLD1,145.02574,7638.41,18,3,1,4
2025-01-03 18:15:00,SA1,200.0,1876.97,18,3,1,4
2025-01-03 18:15:00,TAS1,130.24,1128.45,18,3,1,4
2025-01-03 18:15:00,VIC1,139.35788,6016.9,18,3,1,4
2025-01-03 18:20:00,NSW1,163.03974,8155.12,18,3,1,4
2025-01-03 18:20:00,QLD1,164.5,7682.08,18,3,1,4
2025-01-03 18:20:00,SA1,229.0,1927.22,18,3,1,4
2025-01-03 18:20:00,TAS1,143.9796,1147.96,18,3,1,4
2025-01-03 18:20:00,VIC1,156.04795,6008.17,18,3,1,4
2025-01-03 18:25:00,NSW1,168.42961,8153.51,18,3,1,4
2025-01-03 18:25:00,QLD1,170.01201,7711.48,18,3,1,4
2025-01-03 18:25:00,SA1,205.62392,1932.36,18,3,1,4
2025-01-03 18:25:00,TAS1,148.00369,1166.82,18,3,1,4
2025-01-03 18:25:00,VIC1,160.0,6015.1,18,3,1,4
2025-01-03 18:30:00,NSW1,212.28531,8136.97,18,3,1,4
2025-01-03 18:30:00,QLD1,214.48,7785.59,18,3,1,4
2025-01-03 18:30:00,SA1,228.36296,1954.5,18,3,1,4
2025-01-03 18:30:00,TAS1,130.24995,1164.49,18,3,1,4
2025-01-03 18:30:00,VIC1,198.73285,6064.74,18,3,1,4
2025-01-03 18:35:00,NSW1,173.35352,8144.57,18,3,1,4
2025-01-03 18:35:00,QLD1,177.21524,7766.57,18,3,1,4
2025-01-03 18:35:00,SA1,218.16136,1979.95,18,3,1,4
2025-01-03 18:35:00,TAS1,145.4014,1161.23,18,3,1,4
2025-01-03 18:35:00,VIC1,160.0,6079.12,18,3,1,4
2025-01-03 18:40:00,NSW1,171.6072,8112.86,18,3,1,4
2025-01-03 18:40:00,QLD1,175.51831,7788.95,18,3,1,4
2025-01-03 18:40:00,SA1,205.62392,2009.69,18,3,1,4
2025-01-03 18:40:00,TAS1,145.4014,1164.44,18,3,1,4
2025-01-03 18:40:00,VIC1,160.0,6087.21,18,3,1,4
2025-01-03 18:45:00,NSW1,229.70226,8126.78,18,3,1,4
2025-01-03 18:45:00,QLD1,225.19,7810.13,18,3,1,4
2025-01-03 18:45:00,SA1,283.69718,2048.74,18,3,1,4
2025-01-03 18:45:00,TAS1,195.68876,1174.44,18,3,1,4
2025-01-03 18:45:00,VIC1,216.41447,6117.82,18,3,1,4
2025-01-03 18:50:00,NSW1,200.9,8136.24,18,3,1,4
2025-01-03 18:50:00,QLD1,202.08667,7861.39,18,3,1,4
2025-01-03 18:50:00,SA1,276.63,2057.84,18,3,1,4
2025-01-03 18:50:00,TAS1,167.72417,1163.72,18,3,1,4
2025-01-03 18:50:00,VIC1,186.41668,6098.07,18,3,1,4
2025-01-03 18:55:00,NSW1,200.9,8114.43,18,3,1,4
2025-01-03 18:55:00,QLD1,196.91876,7779.36,18,3,1,4
2025-01-03 18:55:00,SA1,229.0,2064.76,18,3,1,4
2025-01-03 18:55:00,TAS1,167.63057,1148.1,18,3,1,4
2025-01-03 18:55:00,VIC1,187.98894,6153.3,18,3,1,4
2025-01-03 19:00:00,NSW1,232.04707,8144.46,19,3,1,4
2025-01-03 19:00:00,QLD1,226.15,7778.39,19,3,1,4
2025-01-03 19:00:00,SA1,254.15573,2089.4,19,3,1,4
2025-01-03 19:00:00,TAS1,192.52946,1143.24,19,3,1,4
2025-01-03 19:00:00,VIC1,217.46403,6137.9,19,3,1,4
2025-01-03 19:05:00,NSW1,210.21399,8143.32,19,3,1,4
2025-01-03 19:05:00,QLD1,206.1208,7766.34,19,3,1,4
2025-01-03 19:05:00,SA1,276.63,2119.15,19,3,1,4
2025-01-03 19:05:00,TAS1,176.99108,1142.83,19,3,1,4
2025-01-03 19:05:00,VIC1,198.95888,6115.59,19,3,1,4
2025-01-03 19:10:00,NSW1,214.34266,8117.59,19,3,1,4
2025-01-03 19:10:00,QLD1,212.73716,7774.86,19,3,1,4
2025-01-03 19:10:00,SA1,276.63,2116.88,19,3,1,4
2025-01-03 19:10:00,TAS1,180.48538,1139.72,19,3,1,4
2025-01-03 19:10:00,VIC1,202.88102,6114.39,19,3,1,4
2025-01-03 19:15:00,NSW1,200.9,8145.48,19,3,1,4
2025-01-03 19:15:00,QLD1,196.86832,7732.87,19,3,1,4
2025-01-03 19:15:00,SA1,276.38,2118.3,19,3,1,4
2025-01-03 19:15:00,TAS1,168.71859,1130.5,19,3,1,4
2025-01-03 19:15:00,VIC1,190.13979,6126.72,19,3,1,4
2025-01-03 19:20:00,NSW1,218.9094,8064.22,19,3,1,4
2025-01-03 19:20:00,QLD1,214.48,7764.16,19,3,1,4
2025-01-03 19:20:00,SA1,299.44,2119.63,19,3,1,4
2025-01-03 19:20:00,TAS1,184.36983,1134.72,19,3,1,4
2025-01-03 19:20:00,VIC1,207.24109,6096.67,19,3,1,4
2025-01-03 19:25:00,NSW1,235.85734,8149.46,19,3,1,4
2025-01-03 19:25:00,QLD1,226.53234,7659.67,19,3,1,4
2025-01-03 19:25:00,SA1,299.44,2126.52,19,3,1,4
2025-01-03 19:25:00,TAS1,197.55682,1133.39,19,3,1,4
2025-01-03 19:25:00,VIC1,223.37,6070.58,19,3,1,4
2025-01-03 19:30:00,NSW1,221.18103,8152.22,19,3,1,4
2025-01-03 19:30:00,QLD1,214.48,7720.27,19,3,1,4
2025-01-03 19:30:00,SA1,276.63,2119.23,19,3,1,4
2025-01-03 19:30:00,TAS1,186.61094,1132.03,19,3,1,4
2025-01-03 19:30:00,VIC1,211.02337,6050.72,19,3,1,4
2025-01-03 19:35:00,NSW1,205.58923,8213.75,19,3,1,4
2025-01-03 19:35:00,QLD1,200.0,7653.06,19,3,1,4
2025-01-03 19:35:00,SA1,230.0,2080.7,19,3,1,4
2025-01-03 19:35:00,TAS1,171.62105,1139.72,19,3,1,4
2025-01-03 19:35:00,VIC1,194.11523,6011.49,19,3,1,4
2025-01-03 19:40:00,NSW1,153.42541,8158.66,19,3,1,4
2025-01-03 19:40:00,QLD1,153.83003,7658.52,19,3,1,4
2025-01-03 19:40:00,SA1,230.0,2082.91,19,3,1,4
2025-01-03 19:40:00,TAS1,134.86697,1137.02,19,3,1,4
2025-01-03 19:40:00,VIC1,153.03048,5968.21,19,3,1,4
2025-01-03 19:45:00,NSW1,145.20144,8206.4,19,3,1,4
2025-01-03 19:45:00,QLD1,144.61,7612.98,19,3,1,4
2025-01-03 19:45:00,SA1,230.0,2060.18,19,3,1,4
2025-01-03 19:45:00,TAS1,130.26754,1128.21,19,3,1,4
2025-01-03 19:45:00,VIC1,146.87444,5976.75,19,3,1,4
2025-01-03 19:50:00,NSW1,142.73751,8128.23,19,3,1,4
2025-01-03 19:50:00,QLD1,143.99,7679.45,19,3,1,4
2025-01-03 19:50:00,SA1,229.0,2036.71,19,3,1,4
2025-01-03 19:50:00,TAS1,129.01718,1133.6,19,3,1,4
2025-01-03 19:50:00,VIC1,146.41593,5940.27,19,3,1,4
2025-01-03 19:55:00,NSW1,135.5905,8148.2,19,3,1,4
2025-01-03 19:55:00,QLD1,134.94925,7605.43,19,3,1,4
2025-01-03 19:55:00,SA1,230.0,2031.17,19,3,1,4
2025-01-03 19:55:00,TAS1,121.57429,1133.35,19,3,1,4
2025-01-03 19:55:00,VIC1,138.0,5896.0,19,3,1,4
2025-01-03 20:00:00,NSW1,133.98973,8052.03,20,3,1,4
2025-01-03 20:00:00,QLD1,134.94,7628.36,20,3,1,4
2025-01-03 20:00:00,SA1,230.0,2006.75,20,3,1,4
2025-01-03 20:00:00,TAS1,121.08797,1134.54,20,3,1,4
2025-01-03 20:00:00,VIC1,137.21486,5874.65,20,3,1,4
2025-01-03 20:05:00,NSW1,135.89,8069.79,20,3,1,4
2025-01-03 20:05:00,QLD1,134.94,7564.15,20,3,1,4
2025-01-03 20:05:00,SA1,230.0,1987.88,20,3,1,4
2025-01-03 20:05:00,TAS1,125.29145,1133.16,20,3,1,4
2025-01-03 20:05:00,VIC1,142.20312,5878.46,20,3,1,4
2025-01-03 20:10:00,NSW1,132.08871,8039.18,20,3,1,4
2025-01-03 20:10:00,QLD1,130.31,7505.66,20,3,1,4
2025-01-03 20:10:00,SA1,230.0,1991.76,20,3,1,4
2025-01-03 20:10:00,TAS1,130.24,1137.21,20,3,1,4
2025-01-03 20:10:00,VIC1,148.15857,5830.67,20,3,1,4
2025-01-03 20:15:00,NSW1,148.59077,8086.39,20,3,1,4
2025-01-03 20:15:00,QLD1,143.99,7540.23,20,3,1,4
2025-01-03 20:15:00,SA1,230.0,2000.46,20,3,1,4
2025-01-03 20:15:00,TAS1,135.9532,1138.57,20,3,1,4
2025-01-03 20:15:00,VIC1,155.38866,5801.77,20,3,1,4
2025-01-03 20:20:00,NSW1,141.49301,8065.85,20,3,1,4
2025-01-03 20:20:00,QLD1,139.61601,7523.19,20,3,1,4
2025-01-03 20:20:00,SA1,230.0,1972.94,20,3,1,4
2025-01-03 20:20:00,TAS1,130.24,1142.35,20,3,1,4
2025-01-03 20:20:00,VIC1,147.97249,5766.57,20,3,1,4
2025-01-03 20:25:00,NSW1,136.87691,7995.73,20,3,1,4
2025-01-03 20:25:00,QLD1,134.94,7514.68,20,3,1,4
2025-01-03 20:25:00,SA1,230.0,1972.35,20,3,1,4
2025-01-03 20:25:00,TAS1,125.05898,1136.09,20,3,1,4
2025-01-03 20:25:00,VIC1,142.08345,5775.88,20,3,1,4
2025-01-03 20:30:00,NSW1,130.85846,7978.85,20,3,1,4
2025-01-03 20:30:00,QLD1,130.58995,7518.96,20,3,1,4
2025-01-03 20:30:00,SA1,230.0,1950.67,20,3,1,4
2025-01-03 20:30:00,TAS1,120.26,1134.05,20,3,1,4
2025-01-03 20:30:00,VIC1,135.6395,5743.77,20,3,1,4
2025-01-03 20:35:00,NSW1,135.89,7939.38,20,3,1,4
2025-01-03 20:35:00,QLD1,133.09433,7509.85,20,3,1,4
2025-01-03 20:35:00,SA1,230.0,1939.87,20,3,1,4
2025-01-03 20:35:00,TAS1,123.57695,1134.32,20,3,1,4
2025-01-03 20:35:00,VIC1,139.70413,5697.7,20,3,1,4
2025-01-03 20:40:00,NSW1,129.2366,7898.86,20,3,1,4
2025-01-03 20:40:00,QLD1,124.63712,7355.9,20,3,1,4
2025-01-03 20:40:00,SA1,228.44,1947.3,20,3,1,4
2025-01-03 20:40:00,TAS1,120.26,1131.59,20,3,1,4
2025-01-03 20:40:00,VIC1,133.998,5633.68,20,3,1,4
2025-01-03 20:45:00,NSW1,138.04346,7893.95,20,3,1,4
2025-01-03 20:45:00,QLD1,134.94,7437.46,20,3,1,4
2025-01-03 20:45:00,SA1,228.44,1963.75,20,3,1,4
2025-01-03 20:45:00,TAS1,124.93454,1124.85,20,3,1,4
2025-01-03 20:45:00,VIC1,140.87371,5604.47,20,3,1,4
2025-01-03 20:50:00,NSW1,125.9138,7818.6,20,3,1,4
2025-01-03 20:50:00,QLD1,122.95,7407.73,20,3,1,4
2025-01-03 20:50:00,SA1,228.44,1910.76,20,3,1,4
2025-01-03 20:50:00,TAS1,120.26,1123.75,20,3,1,4
2025-01-03 20:50:00,VIC1,132.72,5550.2,20,3,1,4
2025-01-03 20:55:00,NSW1,112.62098,7792.25,20,3,1,4
2025-01-03 20:55:00,QLD1,109.73,7313.03,20,3,1,4
2025-01-03 20:55:00,SA1,178.18,1913.36,20,3,1,4
2025-01-03 20:55:00,TAS1,120.26,1113.67,20,3,1,4
2025-01-03 20:55:00,VIC1,133.998,5539.22,20,3,1,4
2025-01-03 21:00:00,NSW1,126.97877,7772.43,21,3,1,4
2025-01-03 21:00:00,QLD1,122.95,7320.87,21,3,1,4
2025-01-03 21:00:00,SA1,200.0,1921.67,21,3,1,4
2025-01-03 21:00:00,TAS1,120.22,1109.31,21,3,1,4
2025-01-03 21:00:00,VIC1,131.95984,5495.83,21,3,1,4
2025-01-03 21:05:00,NSW1,116.58329,7742.48,21,3,1,4
2025-01-03 21:05:00,QLD1,112.75,7271.8,21,3,1,4
2025-01-03 21:05:00,SA1,200.0,1895.4,21,3,1,4
2025-01-03 21:05:00,TAS1,123.6139,1114.71,21,3,1,4
2025-01-03 21:05:00,VIC1,137.73475,5427.63,21,3,1,4
2025-01-03 21:10:00,NSW1,130.95892,7803.7,21,3,1,4
2025-01-03 21:10:00,QLD1,128.56936,7411.16,21,3,1,4
2025-01-03 21:10:00,SA1,170.44,1856.3,21,3,1,4
2025-01-03 21:10:00,TAS1,120.26,1115.35,21,3,1,4
2025-01-03 21:10:00,VIC1,133.00087,5400.06,21,3,1,4
2025-01-03 21:15:00,NSW1,129.34619,7822.59,21,3,1,4
2025-01-03 21:15:00,QLD1,126.15437,7358.1,21,3,1,4
2025-01-03 21:15:00,SA1,173.47908,1849.35,21,3,1,4
2025-01-03 21:15:00,TAS1,120.26,1103.44,21,3,1,4
2025-01-03 21:15:00,VIC1,132.33612,5368.21,21,3,1,4
2025-01-03 21:20:00,NSW1,127.14135,7831.93,21,3,1,4
2025-01-03 21:20:00,QLD1,122.95,7301.81,21,3,1,4
2025-01-03 21:20:00,SA1,170.44,1839.35,21,3,1,4
2025-01-03 21:20:00,TAS1,120.2,1105.01,21,3,1,4
2025-01-03 21:20:00,VIC1,130.0178,5317.3,21,3,1,4
2025-01-03 21:25:00,NSW1,125.51122,7767.95,21,3,1,4
2025-01-03 21:25:00,QLD1,121.52285,7313.25,21,3,1,4
2025-01-03 21:25:00,SA1,174.46096,1835.93,21,3,1,4
2025-01-03 21:25:00,TAS1,120.2,1095.05,21,3,1,4
2025-01-03 21:25:00,VIC1,130.60905,5287.9,21,3,1,4
2025-01-03 21:30:00,NSW1,114.54353,7832.07,21,3,1,4
2025-01-03 21:30:00,QLD1,110.83003,7235.48,21,3,1,4
2025-01-03 21:30:00,SA1,170.44,1809.5,21,3,1,4
2025-01-03 21:30:00,TAS1,120.1,1086.51,21,3,1,4
2025-01-03 21:30:00,VIC1,130.16846,5247.56,21,3,1,4
2025-01-03 21:35:00,NSW1,106.36828,7749.96,21,3,1,4
2025-01-03 21:35:00,QLD1,103.52996,7240.82,21,3,1,4
2025-01-03 21:35:00,SA1,193.03892,1802.21,21,3,1,4
2025-01-03 21:35:00,TAS1,120.26,1080.34,21,3,1,4
2025-01-03 21:35:00,VIC1,148.04123,5188.54,21,3,1,4
2025-01-03 21:40:00,NSW1,113.70941,7822.61,21,3,1,4
2025-01-03 21:40:00,QLD1,110.83003,7276.31,21,3,1,4
2025-01-03 21:40:00,SA1,228.44,1792.14,21,3,1,4
2025-01-03 21:40:00,TAS1,120.26,1080.58,21,3,1,4
2025-01-03 21:40:00,VIC1,134.33038,5112.97,21,3,1,4
2025-01-03 21:45:00,NSW1,95.36165,7729.63,21,3,1,4
2025-01-03 21:45:00,QLD1,93.83012,7154.56,21,3,1,4
2025-01-03 21:45:00,SA1,200.0,1783.98,21,3,1,4
2025-01-03 21:45:00,TAS1,120.26,1086.89,21,3,1,4
2025-01-03 21:45:00,VIC1,135.51676,5098.62,21,3,1,4
2025-01-03 21:50:00,NSW1,95.36477,7743.7,21,3,1,4
2025-01-03 21:50:00,QLD1,93.83012,7170.83,21,3,1,4
2025-01-03 21:50:00,SA1,200.0,1770.12,21,3,1,4
2025-01-03 21:50:00,TAS1,120.26,1081.84,21,3,1,4
2025-01-03 21:50:00,VIC1,136.35539,5057.9,21,3,1,4
2025-01-03 21:55:00,NSW1,100.2719,7678.22,21,3,1,4
2025-01-03 21:55:00,QLD1,99.75,7122.12,21,3,1,4
2025-01-03 21:55:00,SA1,173.66417,1757.0,21,3,1,4
2025-01-03 21:55:00,TAS1,120.26,1071.12,21,3,1,4
2025-01-03 21:55:00,VIC1,135.61389,5039.97,21,3,1,4
2025-01-03 22:00:00,NSW1,104.5001,7677.75,22,3,1,4
2025-01-03 22:00:00,QLD1,104.46679,7075.82,22,3,1,4
2025-01-03 22:00:00,SA1,170.44,1748.82,22,3,1,4
2025-01-03 22:00:00,TAS1,120.26,1063.79,22,3,1,4
2025-01-03 22:00:00,VIC1,134.33038,4993.39,22,3,1,4
2025-01-03 22:05:00,NSW1,109.04321,7590.49,22,3,1,4
2025-01-03 22:05:00,QLD1,110.83004,7026.72,22,3,1,4
2025-01-03 22:05:00,SA1,200.0,1725.68,22,3,1,4
2025-01-03 22:05:00,TAS1,130.73495,1056.48,22,3,1,4
2025-01-03 22:05:00,VIC1,146.03,4980.8,22,3,1,4
2025-01-03 22:10:00,NSW1,104.50005,7618.66,22,3,1,4
2025-01-03 22:10:00,QLD1,105.38029,6928.04,22,3,1,4
2025-01-03 22:10:00,SA1,174.5266,1690.39,22,3,1,4
2025-01-03 22:10:00,TAS1,120.26,1048.81,22,3,1,4
2025-01-03 22:10:00,VIC1,133.00087,4927.5,22,3,1,4
2025-01-03 22:15:00,NSW1,109.40671,7599.7,22,3,1,4
2025-01-03 22:15:00,QLD1,110.9,6874.19,22,3,1,4
2025-01-03 22:15:00,SA1,170.44,1674.94,22,3,1,4
2025-01-03 22:15:00,TAS1,124.02403,1037.41,22,3,1,4
2025-01-03 22:15:00,VIC1,137.84892,4926.85,22,3,1,4
2025-01-03 22:20:00,NSW1,108.06725,7557.84,22,3,1,4
2025-01-03 22:20:00,QLD1,110.83003,6857.62,22,3,1,4
2025-01-03 22:20:00,SA1,168.51162,1668.82,22,3,1,4
2025-01-03 22:20:00,TAS1,120.26,1026.59,22,3,1,4
2025-01-03 22:20:00,VIC1,133.33325,4898.63,22,3,1,4
2025-01-03 22:25:00,NSW1,104.50005,7480.63,22,3,1,4
2025-01-03 22:25:00,QLD1,107.66143,6807.78,22,3,1,4
2025-01-03 22:25:00,SA1,158.8972,1662.94,22,3,1,4
2025-01-03 22:25:00,TAS1,120.26,1024.01,22,3,1,4
2025-01-03 22:25:00,VIC1,131.00661,4879.62,22,3,1,4
2025-01-03 22:30:00,NSW1,127.79689,7537.2,22,3,1,4
2025-01-03 22:30:00,QLD1,132.46478,6801.21,22,3,1,4
2025-01-03 22:30:00,SA1,160.937,1685.51,22,3,1,4
2025-01-03 22:30:00,TAS1,120.26,1003.57,22,3,1,4
2025-01-03 22:30:00,VIC1,130.34186,4875.79,22,3,1,4
2025-01-03 22:35:00,NSW1,118.78422,7444.31,22,3,1,4
2025-01-03 22:35:00,QLD1,122.95,6749.74,22,3,1,4
2025-01-03 22:35:00,SA1,156.44309,1654.29,22,3,1,4
2025-01-03 22:35:00,TAS1,120.26,993.06,22,3,1,4
2025-01-03 22:35:00,VIC1,130.00949,4818.24,22,3,1,4
2025-01-03 22:40:00,NSW1,124.27226,7451.27,22,3,1,4
2025-01-03 22:40:00,QLD1,128.54784,6729.67,22,3,1,4
2025-01-03 22:40:00,SA1,158.57519,1637.71,22,3,1,4
2025-01-03 22:40:00,TAS1,120.26,987.06,22,3,1,4
2025-01-03 22:40:00,VIC1,131.33899,4828.05,22,3,1,4
2025-01-03 22:45:00,NSW1,118.93722,7416.83,22,3,1,4
2025-01-03 22:45:00,QLD1,122.95,6702.59,22,3,1,4
2025-01-03 22:45:00,SA1,152.53128,1634.34,22,3,1,4
2025-01-03 22:45:00,TAS1,120.22,987.52,22,3,1,4
2025-01-03 22:45:00,VIC1,129.30172,4784.57,22,3,1,4
2025-01-03 22:50:00,NSW1,125.48296,7419.8,22,3,1,4
2025-01-03 22:50:00,QLD1,130.42965,6685.51,22,3,1,4
2025-01-03 22:50:00,SA1,148.2486,1616.33,22,3,1,4
2025-01-03 22:50:00,TAS1,120.2,994.57,22,3,1,4
2025-01-03 22:50:00,VIC1,128.61579,4776.36,22,3,1,4
2025-01-03 22:55:00,NSW1,107.86654,7355.09,22,3,1,4
2025-01-03 22:55:00,QLD1,112.75,6690.87,22,3,1,4
2025-01-03 22:55:00,SA1,138.04,1604.28,22,3,1,4
2025-01-03 22:55:00,TAS1,114.65778,992.3,22,3,1,4
2025-01-03 22:55:00,VIC1,120.16091,4728.35,22,3,1,4
2025-01-03 23:00:00,NSW1,106.74635,7377.01,23,3,1,4
2025-01-03 23:00:00,QLD1,110.83003,6640.18,23,3,1,4
2025-01-03 23:00:00,SA1,138.0,1585.34,23,3,1,4
2025-01-03 23:00:00,TAS1,113.9418,979.19,23,3,1,4
2025-01-03 23:00:00,VIC1,119.86682,4726.39,23,3,1,4
2025-01-03 23:05:00,NSW1,107.49136,7346.05,23,3,1,4
2025-01-03 23:05:00,QLD1,110.83003,6594.37,23,3,1,4
2025-01-03 23:05:00,SA1,138.0,1584.24,23,3,1,4
2025-01-03 23:05:00,TAS1,112.72031,973.17,23,3,1,4
2025-01-03 23:05:00,VIC1,119.05536,4715.42,23,3,1,4
2025-01-03 23:10:00,NSW1,107.50542,7296.44,23,3,1,4
2025-01-03 23:10:00,QLD1,110.83003,6604.22,23,3,1,4
2025-01-03 23:10:00,SA1,146.53675,1614.4,23,3,1,4
2025-01-03 23:10:00,TAS1,120.1,976.01,23,3,1,4
2025-01-03 23:10:00,VIC1,127.84492,4828.89,23,3,1,4
2025-01-03 23:15:00,NSW1,108.89,7289.5,23,3,1,4
2025-01-03 23:15:00,QLD1,112.29323,6610.27,23,3,1,4
2025-01-03 23:15:00,SA1,138.0,1570.89,23,3,1,4
2025-01-03 23:15:00,TAS1,114.3719,975.78,23,3,1,4
2025-01-03 23:15:00,VIC1,120.63597,4872.71,23,3,1,4
2025-01-03 23:20:00,NSW1,107.23489,7268.53,23,3,1,4
2025-01-03 23:20:00,QLD1,109.73,6514.07,23,3,1,4
2025-01-03 23:20:00,SA1,146.33107,1569.09,23,3,1,4
2025-01-03 23:20:00,TAS1,120.26,966.87,23,3,1,4
2025-01-03 23:20:00,VIC1,128.34761,4849.53,23,3,1,4
2025-01-03 23:25:00,NSW1,95.96732,7161.73,23,3,1,4
2025-01-03 23:25:00,QLD1,99.95,6533.72,23,3,1,4
2025-01-03 23:25:00,SA1,145.08406,1561.59,23,3,1,4
2025-01-03 23:25:00,TAS1,120.06,971.16,23,3,1,4
2025-01-03 23:25:00,VIC1,127.80235,4864.42,23,3,1,4
2025-01-03 23:30:00,NSW1,100.0553,7177.37,23,3,1,4
2025-01-03 23:30:00,QLD1,103.52996,6499.1,23,3,1,4
2025-01-03 23:30:00,SA1,138.0,1569.83,23,3,1,4
2025-01-03 23:30:00,TAS1,113.35602,968.68,23,3,1,4
2025-01-03 23:30:00,VIC1,120.66662,4846.42,23,3,1,4
2025-01-03 23:35:00,NSW1,90.93823,7116.31,23,3,1,4
2025-01-03 23:35:00,QLD1,93.83,6370.95,23,3,1,4
2025-01-03 23:35:00,SA1,158.80992,1596.97,23,3,1,4
2025-01-03 23:35:00,TAS1,120.26,950.82,23,3,1,4
2025-01-03 23:35:00,VIC1,129.67711,4827.85,23,3,1,4
2025-01-03 23:40:00,NSW1,90.90021,7134.29,23,3,1,4
2025-01-03 23:40:00,QLD1,93.83012,6393.81,23,3,1,4
2025-01-03 23:40:00,SA1,170.44,1647.34,23,3,1,4
2025-01-03 23:40:00,TAS1,120.26,945.18,23,3,1,4
2025-01-03 23:40:00,VIC1,129.67711,4775.79,23,3,1,4
2025-01-03 23:45:00,NSW1,85.0,7034.11,23,3,1,4
2025-01-03 23:45:00,QLD1,87.57198,6321.67,23,3,1,4
2025-01-03 23:45:00,SA1,165.0596,1613.2,23,3,1,4
2025-01-03 23:45:00,TAS1,119.26,944.3,23,3,1,4
2025-01-03 23:45:00,VIC1,127.28044,4701.9,23,3,1,4
2025-01-03 23:50:00,NSW1,89.82466,7055.19,23,3,1,4
2025-01-03 23:50:00,QLD1,93.83006,6436.38,23,3,1,4
2025-01-03 23:50:00,SA1,150.88133,1620.77,23,3,1,4
2025-01-03 23:50:00,TAS1,120.06,949.82,23,3,1,4
2025-01-03 23:50:00,VIC1,128.466,4688.19,23,3,1,4
2025-01-03 23:55:00,NSW1,89.22722,7034.98,23,3,1,4
2025-01-03 23:55:00,QLD1,93.83006,6445.0,23,3,1,4
2025-01-03 23:55:00,SA1,138.03,1603.0,23,3,1,4
2025-01-03 23:55:00,TAS1,111.63573,937.45,23,3,1,4
2025-01-03 23:55:00,VIC1,118.527,4643.15,23,3,1,4
2025-01-04 00:00:00,NSW1,87.5001,7020.19,0,4,1,5
2025-01-04 00:00:00,QLD1,90.64491,6305.8,0,4,1,5
2025-01-04 00:00:00,SA1,126.79764,1591.26,0,4,1,5
2025-01-04 00:00:00,TAS1,100.2,924.61,0,4,1,5
2025-01-04 00:00:00,VIC1,106.38639,4582.41,0,4,1,5
2025-01-04 00:05:00,NSW1,89.51525,6937.81,0,4,1,5
2025-01-04 00:05:00,QLD1,93.83006,6323.61,0,4,1,5
2025-01-04 00:05:00,SA1,138.04,1589.72,0,4,1,5
2025-01-04 00:05:00,TAS1,111.33149,929.09,0,4,1,5
2025-01-04 00:05:00,VIC1,118.51171,4596.04,0,4,1,5
2025-01-04 00:10:00,NSW1,96.25684,6957.61,0,4,1,5
2025-01-04 00:10:00,QLD1,99.75,6343.36,0,4,1,5
2025-01-04 00:10:00,SA1,137.03907,1575.64,0,4,1,5
2025-01-04 00:10:00,TAS1,100.2,925.79,0,4,1,5
2025-01-04 00:10:00,VIC1,105.11578,4521.08,0,4,1,5
2025-01-04 00:15:00,NSW1,96.92068,6892.39,0,4,1,5
2025-01-04 00:15:00,QLD1,99.75,6322.13,0,4,1,5
2025-01-04 00:15:00,SA1,138.04,1576.06,0,4,1,5
2025-01-04 00:15:00,TAS1,100.15,911.67,0,4,1,5
2025-01-04 00:15:00,VIC1,104.09976,4492.77,0,4,1,5
2025-01-04 00:20:00,NSW1,101.23484,6886.17,0,4,1,5
2025-01-04 00:20:00,QLD1,103.53,6315.01,0,4,1,5
2025-01-04 00:20:00,SA1,137.83,1579.6,0,4,1,5
2025-01-04 00:20:00,TAS1,100.15,891.39,0,4,1,5
2025-01-04 00:20:00,VIC1,104.43418,4475.46,0,4,1,5
2025-01-04 00:25:00,NSW1,91.43561,6807.36,0,4,1,5
2025-01-04 00:25:00,QLD1,93.83006,6211.91,0,4,1,5
2025-01-04 00:25:00,SA1,136.16693,1578.89,0,4,1,5
2025-01-04 00:25:00,TAS1,100.14,890.65,0,4,1,5
2025-01-04 00:25:00,VIC1,102.56799,4444.08,0,4,1,5
2025-01-04 00:30:00,NSW1,90.95935,6782.14,0,4,1,5
2025-01-04 00:30:00,QLD1,93.83006,6187.66,0,4,1,5
2025-01-04 00:30:00,SA1,139.33826,1580.5,0,4,1,5
2025-01-04 00:30:00,TAS1,100.14,903.66,0,4,1,5
2025-01-04 00:30:00,VIC1,102.9907,4435.66,0,4,1,5
2025-01-04 00:35:00,NSW1,92.65235,6760.58,0,4,1,5
2025-01-04 00:35:00,QLD1,93.83012,6170.56,0,4,1,5
2025-01-04 00:35:00,SA1,140.82962,1569.98,0,4,1,5
2025-01-04 00:35:00,TAS1,100.15,908.24,0,4,1,5
2025-01-04 00:35:00,VIC1,104.09976,4412.93,0,4,1,5
2025-01-04 00:40:00,NSW1,92.74928,6731.23,0,4,1,5
2025-01-04 00:40:00,QLD1,93.83006,6123.11,0,4,1,5
2025-01-04 00:40:00,SA1,170.44,1572.72,0,4,1,5
2025-01-04 00:40:00,TAS1,100.2,914.69,0,4,1,5
2025-01-04 00:40:00,VIC1,107.21719,4380.94,0,4,1,5
2025-01-04 00:45:00,NSW1,92.19024,6681.75,0,4,1,5
2025-01-04 00:45:00,QLD1,93.83012,6137.48,0,4,1,5
2025-01-04 00:45:00,SA1,170.44,1591.71,0,4,1,5
2025-01-04 00:45:00,TAS1,118.00672,933.88,0,4,1,5
2025-01-04 00:45:00,VIC1,125.61683,4353.73,0,4,1,5
2025-01-04 00:50:00,NSW1,90.31123,6629.31,0,4,1,5
2025-01-04 00:50:00,QLD1,92.39958,6103.45,0,4,1,5
2025-01-04 00:50:00,SA1,379.95,1568.92,0,4,1,5
2025-01-04 00:50:00,TAS1,100.2,942.6,0,4,1,5
2025-01-04 00:50:00,VIC1,104.98281,4319.34,0,4,1,5
2025-01-04 00:55:00,NSW1,91.09224,6583.61,0,4,1,5
2025-01-04 00:55:00,QLD1,93.83006,6155.53,0,4,1,5
2025-01-04 00:55:00,SA1,170.44,1553.88,0,4,1,5
2025-01-04 00:55:00,TAS1,100.2,940.14,0,4,1,5
2025-01-04 00:55:00,VIC1,105.83252,4308.9,0,4,1,5
2025-01-04 01:00:00,NSW1,91.15598,6579.9,1,4,1,5
2025-01-04 01:00:00,QLD1,93.83006,6114.03,1,4,1,5
2025-01-04 01:00:00,SA1,170.44,1548.15,1,4,1,5
2025-01-04 01:00:00,TAS1,115.26689,924.48,1,4,1,5
2025-01-04 01:00:00,VIC1,123.01913,4297.64,1,4,1,5
2025-01-04 01:05:00,NSW1,91.26342,6513.33,1,4,1,5
2025-01-04 01:05:00,QLD1,93.83006,6077.22,1,4,1,5
2025-01-04 01:05:00,SA1,170.44,1555.2,1,4,1,5
2025-01-04 01:05:00,TAS1,100.22,916.61,1,4,1,5
2025-01-04 01:05:00,VIC1,106.68461,4247.32,1,4,1,5
2025-01-04 01:10:00,NSW1,87.5001,6523.51,1,4,1,5
2025-01-04 01:10:00,QLD1,89.31703,6008.79,1,4,1,5
2025-01-04 01:10:00,SA1,170.44,1541.29,1,4,1,5
2025-01-04 01:10:00,TAS1,100.45351,907.08,1,4,1,5
2025-01-04 01:10:00,VIC1,107.76606,4266.11,1,4,1,5
2025-01-04 01:15:00,NSW1,87.5001,6501.63,1,4,1,5
2025-01-04 01:15:00,QLD1,89.3077,6012.09,1,4,1,5
2025-01-04 01:15:00,SA1,170.44,1537.32,1,4,1,5
2025-01-04 01:15:00,TAS1,100.45861,912.96,1,4,1,5
2025-01-04 01:15:00,VIC1,107.77153,4226.04,1,4,1,5
2025-01-04 01:20:00,NSW1,87.5001,6468.23,1,4,1,5
2025-01-04 01:20:00,QLD1,89.90825,6059.98,1,4,1,5
2025-01-04 01:20:00,SA1,153.40363,1521.71,1,4,1,5
2025-01-04 01:20:00,TAS1,100.78812,911.71,1,4,1,5
2025-01-04 01:20:00,VIC1,107.84644,4198.55,1,4,1,5
2025-01-04 01:25:00,NSW1,87.4999,6463.13,1,4,1,5
2025-01-04 01:25:00,QLD1,88.73085,6005.58,1,4,1,5
2025-01-04 01:25:00,SA1,143.95031,1507.88,1,4,1,5
2025-01-04 01:25:00,TAS1,100.463,912.3,1,4,1,5
2025-01-04 01:25:00,VIC1,107.22092,4174.12,1,4,1,5
2025-01-04 01:30:00,NSW1,87.83788,6421.71,1,4,1,5
2025-01-04 01:30:00,QLD1,89.73,6098.21,1,4,1,5
2025-01-04 01:30:00,SA1,148.79618,1505.15,1,4,1,5
2025-01-04 01:30:00,TAS1,100.22,914.25,1,4,1,5
2025-01-04 01:30:00,VIC1,106.40762,4143.66,1,4,1,5
2025-01-04 01:35:00,NSW1,88.36054,6383.04,1,4,1,5
2025-01-04 01:35:00,QLD1,89.72994,6119.81,1,4,1,5
2025-01-04 01:35:00,SA1,151.84912,1488.98,1,4,1,5
2025-01-04 01:35:00,TAS1,101.26104,904.24,1,4,1,5
2025-01-04 01:35:00,VIC1,106.51328,4120.15,1,4,1,5
2025-01-04 01:40:00,NSW1,87.4999,6397.26,1,4,1,5
2025-01-04 01:40:00,QLD1,87.63127,6020.83,1,4,1,5
2025-01-04 01:40:00,SA1,138.45626,1486.85,1,4,1,5
2025-01-04 01:40:00,TAS1,101.35393,894.15,1,4,1,5
2025-01-04 01:40:00,VIC1,107.33132,4101.71,1,4,1,5
2025-01-04 01:45:00,NSW1,87.4999,6349.22,1,4,1,5
2025-01-04 01:45:00,QLD1,88.15986,6045.5,1,4,1,5
2025-01-04 01:45:00,SA1,141.99272,1484.22,1,4,1,5
2025-01-04 01:45:00,TAS1,103.97194,883.86,1,4,1,5
2025-01-04 01:45:00,VIC1,108.03448,4090.06,1,4,1,5
2025-01-04 01:50:00,NSW1,87.5001,6343.39,1,4,1,5
2025-01-04 01:50:00,QLD1,86.97374,5968.68,1,4,1,5
2025-01-04 01:50:00,SA1,170.44,1474.94,1,4,1,5
2025-01-04 01:50:00,TAS1,102.72564,884.69,1,4,1,5
2025-01-04 01:50:00,VIC1,107.42592,4064.7,1,4,1,5
2025-01-04 01:55:00,NSW1,91.11547,6335.74,1,4,1,5
2025-01-04 01:55:00,QLD1,91.15815,5992.99,1,4,1,5
2025-01-04 01:55:00,SA1,143.30417,1464.36,1,4,1,5
2025-01-04 01:55:00,TAS1,100.2,882.66,1,4,1,5
2025-01-04 01:55:00,VIC1,104.07174,4020.83,1,4,1,5
2025-01-04 02:00:00,NSW1,88.82267,6310.33,2,4,1,5
2025-01-04 02:00:00,QLD1,88.81317,5968.17,2,4,1,5
2025-01-04 02:00:00,SA1,136.60676,1462.57,2,4,1,5
2025-01-04 02:00:00,TAS1,100.2,881.08,2,4,1,5
2025-01-04 02:00:00,VIC1,105.55559,4036.1,2,4,1,5
2025-01-04 02:05:00,NSW1,85.91613,6275.1,2,4,1,5
2025-01-04 02:05:00,QLD1,86.82996,5902.98,2,4,1,5
2025-01-04 02:05:00,SA1,141.33407,1453.2,2,4,1,5
2025-01-04 02:05:00,TAS1,120.26,896.42,2,4,1,5
2025-01-04 02:05:00,VIC1,121.19361,4016.66,2,4,1,5
2025-01-04 02:10:00,NSW1,86.47775,6263.86,2,4,1,5
2025-01-04 02:10:00,QLD1,86.83004,5887.36,2,4,1,5
2025-01-04 02:10:00,SA1,138.04,1443.77,2,4,1,5
2025-01-04 02:10:00,TAS1,119.26,901.33,2,4,1,5
2025-01-04 02:10:00,VIC1,119.20087,4009.17,2,4,1,5
2025-01-04 02:15:00,NSW1,87.5,6288.85,2,4,1,5
2025-01-04 02:15:00,QLD1,86.83,5823.49,2,4,1,5
2025-01-04 02:15:00,SA1,138.49119,1436.96,2,4,1,5
2025-01-04 02:15:00,TAS1,119.26,901.66,2,4,1,5
2025-01-04 02:15:00,VIC1,120.08639,4019.52,2,4,1,5
2025-01-04 02:20:00,NSW1,87.5,6306.46,2,4,1,5
2025-01-04 02:20:00,QLD1,86.83,5831.18,2,4,1,5
2025-01-04 02:20:00,SA1,138.5658,1427.66,2,4,1,5
2025-01-04 02:20:00,TAS1,120.13203,902.37,2,4,1,5
2025-01-04 02:20:00,VIC1,120.96446,4014.38,2,4,1,5
2025-01-04 02:25:00,NSW1,87.5,6279.07,2,4,1,5
2025-01-04 02:25:00,QLD1,86.73882,5840.94,2,4,1,5
2025-01-04 02:25:00,SA1,124.60743,1418.55,2,4,1,5
2025-01-04 02:25:00,TAS1,108.56506,894.79,2,4,1,5
2025-01-04 02:25:00,VIC1,108.42403,3984.82,2,4,1,5
2025-01-04 02:30:00,NSW1,87.5,6301.15,2,4,1,5
2025-01-04 02:30:00,QLD1,86.68684,5804.61,2,4,1,5
2025-01-04 02:30:00,SA1,138.04,1416.2,2,4,1,5
2025-01-04 02:30:00,TAS1,102.2416,887.52,2,4,1,5
2025-01-04 02:30:00,VIC1,120.11195,3978.15,2,4,1,5
2025-01-04 02:35:00,NSW1,87.5001,6252.71,2,4,1,5
2025-01-04 02:35:00,QLD1,86.63,5793.43,2,4,1,5
2025-01-04 02:35:00,SA1,138.04,1411.19,2,4,1,5
2025-01-04 02:35:00,TAS1,120.2475,852.87,2,4,1,5
2025-01-04 02:35:00,VIC1,120.08979,3950.7,2,4,1,5
2025-01-04 02:40:00,NSW1,101.20105,6288.99,2,4,1,5
2025-01-04 02:40:00,QLD1,99.75,5911.37,2,4,1,5
2025-01-04 02:40:00,SA1,138.04,1413.9,2,4,1,5
2025-01-04 02:40:00,TAS1,119.26,850.44,2,4,1,5
2025-01-04 02:40:00,VIC1,120.43569,3932.13,2,4,1,5
2025-01-04 02:45:00,NSW1,87.53659,6253.47,2,4,1,5
2025-01-04 02:45:00,QLD1,86.63,5778.8,2,4,1,5
2025-01-04 02:45:00,SA1,123.02961,1399.26,2,4,1,5
2025-01-04 02:45:00,TAS1,108.95691,856.68,2,4,1,5
2025-01-04 02:45:00,VIC1,107.80265,3936.8,2,4,1,5
2025-01-04 02:50:00,NSW1,88.26298,6245.09,2,4,1,5
2025-01-04 02:50:00,QLD1,86.83004,5816.96,2,4,1,5
2025-01-04 02:50:00,SA1,121.51216,1394.53,2,4,1,5
2025-01-04 02:50:00,TAS1,107.55689,850.57,2,4,1,5
2025-01-04 02:50:00,VIC1,106.45555,3916.3,2,4,1,5
2025-01-04 02:55:00,NSW1,88.33387,6234.74,2,4,1,5
2025-01-04 02:55:00,QLD1,86.83004,5773.79,2,4,1,5
2025-01-04 02:55:00,SA1,113.44,1390.72,2,4,1,5
2025-01-04 02:55:00,TAS1,100.06877,865.4,2,4,1,5
2025-01-04 02:55:00,VIC1,99.01405,3879.71,2,4,1,5
2025-01-04 03:00:00,NSW1,88.37553,6211.35,3,4,1,5
2025-01-04 03:00:00,QLD1,86.83004,5760.75,3,4,1,5
2025-01-04 03:00:00,SA1,113.44,1386.05,3,4,1,5
2025-01-04 03:00:00,TAS1,99.83467,861.06,3,4,1,5
2025-01-04 03:00:00,VIC1,98.71503,3883.85,3,4,1,5
2025-01-04 03:05:00,NSW1,87.7635,6207.3,3,4,1,5
2025-01-04 03:05:00,QLD1,86.83004,5804.42,3,4,1,5
2025-01-04 03:05:00,SA1,124.07476,1377.68,3,4,1,5
2025-01-04 03:05:00,TAS1,108.67194,864.65,3,4,1,5
2025-01-04 03:05:00,VIC1,107.68635,3885.97,3,4,1,5
2025-01-04 03:10:00,NSW1,94.82007,6275.01,3,4,1,5
2025-01-04 03:10:00,QLD1,92.10997,5773.54,3,4,1,5
2025-01-04 03:10:00,SA1,113.44,1384.05,3,4,1,5
2025-01-04 03:10:00,TAS1,99.23859,865.35,3,4,1,5
2025-01-04 03:10:00,VIC1,98.07976,3880.09,3,4,1,5
2025-01-04 03:15:00,NSW1,89.44632,6248.19,3,4,1,5
2025-01-04 03:15:00,QLD1,86.83004,5745.31,3,4,1,5
2025-01-04 03:15:00,SA1,113.44,1396.55,3,4,1,5
2025-01-04 03:15:00,TAS1,97.21569,860.6,3,4,1,5
2025-01-04 03:15:00,VIC1,96.09071,3843.58,3,4,1,5
2025-01-04 03:20:00,NSW1,91.77289,6216.85,3,4,1,5
2025-01-04 03:20:00,QLD1,89.73,5818.87,3,4,1,5
2025-01-04 03:20:00,SA1,113.44,1391.94,3,4,1,5
2025-01-04 03:20:00,TAS1,99.34823,875.34,3,4,1,5
2025-01-04 03:20:00,VIC1,97.70566,3853.79,3,4,1,5
2025-01-04 03:25:00,NSW1,91.06756,6204.62,3,4,1,5
2025-01-04 03:25:00,QLD1,89.55996,5799.0,3,4,1,5
2025-01-04 03:25:00,SA1,113.44,1393.82,3,4,1,5
2025-01-04 03:25:00,TAS1,94.93341,875.92,3,4,1,5
2025-01-04 03:25:00,VIC1,93.7487,3841.08,3,4,1,5
2025-01-04 03:30:00,NSW1,88.2527,6230.06,3,4,1,5
2025-01-04 03:30:00,QLD1,86.83004,5813.99,3,4,1,5
2025-01-04 03:30:00,SA1,113.44,1382.6,3,4,1,5
2025-01-04 03:30:00,TAS1,91.34004,875.07,3,4,1,5
2025-01-04 03:30:00,VIC1,90.07757,3844.35,3,4,1,5
2025-01-04 03:35:00,NSW1,89.97574,6235.73,3,4,1,5
2025-01-04 03:35:00,QLD1,87.94616,5779.93,3,4,1,5
2025-01-04 03:35:00,SA1,113.44,1389.51,3,4,1,5
2025-01-04 03:35:00,TAS1,93.07217,875.89,3,4,1,5
2025-01-04 03:35:00,VIC1,91.87434,3830.11,3,4,1,5
2025-01-04 03:40:00,NSW1,88.28699,6193.34,3,4,1,5
2025-01-04 03:40:00,QLD1,86.83004,5798.09,3,4,1,5
2025-01-04 03:40:00,SA1,113.44,1398.48,3,4,1,5
2025-01-04 03:40:00,TAS1,91.3453,878.21,3,4,1,5
2025-01-04 03:40:00,VIC1,90.18079,3846.78,3,4,1,5
2025-01-04 03:45:00,NSW1,91.79469,6222.45,3,4,1,5
2025-01-04 03:45:00,QLD1,89.73,5781.87,3,4,1,5
2025-01-04 03:45:00,SA1,122.92001,1402.91,3,4,1,5
2025-01-04 03:45:00,TAS1,94.80329,872.01,3,4,1,5
2025-01-04 03:45:00,VIC1,93.76783,3854.71,3,4,1,5
2025-01-04 03:50:00,NSW1,87.77098,6216.21,3,4,1,5
2025-01-04 03:50:00,QLD1,86.83004,5767.61,3,4,1,5
2025-01-04 03:50:00,SA1,113.44,1383.17,3,4,1,5
2025-01-04 03:50:00,TAS1,89.01011,874.06,3,4,1,5
2025-01-04 03:50:00,VIC1,88.18957,3833.18,3,4,1,5
2025-01-04 03:55:00,NSW1,87.5001,6187.64,3,4,1,5
2025-01-04 03:55:00,QLD1,86.83004,5814.86,3,4,1,5
2025-01-04 03:55:00,SA1,113.44,1390.67,3,4,1,5
2025-01-04 03:55:00,TAS1,88.75305,874.21,3,4,1,5
2025-01-04 03:55:00,VIC1,87.9663,3835.07,3,4,1,5
2025-01-04 04:00:00,NSW1,87.63376,6227.33,4,4,1,5
2025-01-04 04:00:00,QLD1,86.63,5727.34,4,4,1,5
2025-01-04 04:00:00,SA1,113.44,1385.02,4,4,1,5
2025-01-04 04:00:00,TAS1,88.08827,872.18,4,4,1,5
2025-01-04 04:00:00,VIC1,87.39392,3832.57,4,4,1,5
2025-01-04 04:05:00,NSW1,100.8993,6224.47,4,4,1,5
2025-01-04 04:05:00,QLD1,99.80199,5761.88,4,4,1,5
2025-01-04 04:05:00,SA1,117.38392,1375.34,4,4,1,5
2025-01-04 04:05:00,TAS1,91.07368,865.53,4,4,1,5
2025-01-04 04:05:00,VIC1,99.0,3856.94,4,4,1,5
2025-01-04 04:10:00,NSW1,101.70654,6251.92,4,4,1,5
2025-01-04 04:10:00,QLD1,99.36296,5740.29,4,4,1,5
2025-01-04 04:10:00,SA1,115.00643,1374.88,4,4,1,5
2025-01-04 04:10:00,TAS1,99.5307,870.44,4,4,1,5
2025-01-04 04:10:00,VIC1,99.0,3864.27,4,4,1,5
2025-01-04 04:15:00,NSW1,101.94307,6248.29,4,4,1,5
2025-01-04 04:15:00,QLD1,99.75,5830.18,4,4,1,5
2025-01-04 04:15:00,SA1,114.28623,1363.01,4,4,1,5
2025-01-04 04:15:00,TAS1,91.0757,865.57,4,4,1,5
2025-01-04 04:15:00,VIC1,99.0,3875.34,4,4,1,5
2025-01-04 04:20:00,NSW1,102.54825,6225.3,4,4,1,5
2025-01-04 04:20:00,QLD1,99.72027,5831.52,4,4,1,5
2025-01-04 04:20:00,SA1,113.55811,1362.0,4,4,1,5
2025-01-04 04:20:00,TAS1,99.5307,873.85,4,4,1,5
2025-01-04 04:20:00,VIC1,99.0,3868.68,4,4,1,5
2025-01-04 04:25:00,NSW1,97.74767,6234.79,4,4,1,5
2025-01-04 04:25:00,QLD1,93.83012,5798.53,4,4,1,5
2025-01-04 04:25:00,SA1,107.50561,1353.31,4,4,1,5
2025-01-04 04:25:00,TAS1,95.78837,881.55,4,4,1,5
2025-01-04 04:25:00,VIC1,95.0508,3905.18,4,4,1,5
2025-01-04 04:30:00,NSW1,96.69263,6176.19,4,4,1,5
2025-01-04 04:30:00,QLD1,94.08178,5894.32,4,4,1,5
2025-01-04 04:30:00,SA1,105.44,1343.88,4,4,1,5
2025-01-04 04:30:00,TAS1,93.84013,876.45,4,4,1,5
2025-01-04 04:30:00,VIC1,93.24842,3890.98,4,4,1,5
2025-01-04 04:35:00,NSW1,97.31496,6201.3,4,4,1,5
2025-01-04 04:35:00,QLD1,94.66744,5870.86,4,4,1,5
2025-01-04 04:35:00,SA1,105.44,1343.98,4,4,1,5
2025-01-04 04:35:00,TAS1,94.69519,871.82,4,4,1,5
2025-01-04 04:35:00,VIC1,93.85806,3891.44,4,4,1,5
2025-01-04 04:40:00,NSW1,97.51665,6187.37,4,4,1,5
2025-01-04 04:40:00,QLD1,94.22166,5845.16,4,4,1,5
2025-01-04 04:40:00,SA1,105.44,1356.85,4,4,1,5
2025-01-04 04:40:00,TAS1,94.78258,854.41,4,4,1,5
2025-01-04 04:40:00,VIC1,94.12825,3913.25,4,4,1,5
2025-01-04 04:45:00,NSW1,96.51009,6179.22,4,4,1,5
2025-01-04 04:45:00,QLD1,93.83012,5851.8,4,4,1,5
2025-01-04 04:45:00,SA1,103.80128,1351.63,4,4,1,5
2025-01-04 04:45:00,TAS1,93.70056,878.34,4,4,1,5
2025-01-04 04:45:00,VIC1,92.39254,3915.0,4,4,1,5
2025-01-04 04:50:00,NSW1,90.40013,6159.68,4,4,1,5
2025-01-04 04:50:00,QLD1,87.78781,5793.83,4,4,1,5
2025-01-04 04:50:00,SA1,97.62762,1347.4,4,4,1,5
2025-01-04 04:50:00,TAS1,90.08,875.09,4,4,1,5
2025-01-04 04:50:00,VIC1,87.20333,3905.47,4,4,1,5
2025-01-04 04:55:00,NSW1,91.32781,6131.65,4,4,1,5
2025-01-04 04:55:00,QLD1,89.73,5782.19,4,4,1,5
2025-01-04 04:55:00,SA1,97.75531,1363.98,4,4,1,5
2025-01-04 04:55:00,TAS1,90.08,874.85,4,4,1,5
2025-01-04 04:55:00,VIC1,87.51651,3911.34,4,4,1,5
2025-01-04 05:00:00,NSW1,91.90377,6193.15,5,4,1,5
2025-01-04 05:00:00,QLD1,89.73,5752.48,5,4,1,5
2025-01-04 05:00:00,SA1,97.54148,1359.14,5,4,1,5
2025-01-04 05:00:00,TAS1,90.08,873.15,5,4,1,5
2025-01-04 05:00:00,VIC1,87.34605,3910.66,5,4,1,5
2025-01-04 05:05:00,NSW1,90.45883,6170.68,5,4,1,5
2025-01-04 05:05:00,QLD1,88.79255,5710.96,5,4,1,5
2025-01-04 05:05:00,SA1,95.85743,1367.29,5,4,1,5
2025-01-04 05:05:00,TAS1,89.29487,875.11,5,4,1,5
2025-01-04 05:05:00,VIC1,86.0,3900.12,5,4,1,5
2025-01-04 05:10:00,NSW1,95.56493,6210.29,5,4,1,5
2025-01-04 05:10:00,QLD1,93.83006,5818.2,5,4,1,5
2025-01-04 05:10:00,SA1,99.44,1385.05,5,4,1,5
2025-01-04 05:10:00,TAS1,91.63166,876.8,5,4,1,5
2025-01-04 05:10:00,VIC1,89.39661,3951.43,5,4,1,5
2025-01-04 05:15:00,NSW1,91.28499,6162.72,5,4,1,5
2025-01-04 05:15:00,QLD1,89.73,5765.61,5,4,1,5
2025-01-04 05:15:00,SA1,94.95292,1353.6,5,4,1,5
2025-01-04 05:15:00,TAS1,89.52382,883.86,5,4,1,5
2025-01-04 05:15:00,VIC1,86.0,3943.12,5,4,1,5
2025-01-04 05:20:00,NSW1,91.21815,6167.51,5,4,1,5
2025-01-04 05:20:00,QLD1,89.73,5759.98,5,4,1,5
2025-01-04 05:20:00,SA1,94.67461,1366.21,5,4,1,5
2025-01-04 05:20:00,TAS1,89.29487,883.94,5,4,1,5
2025-01-04 05:20:00,VIC1,86.0,3967.08,5,4,1,5
2025-01-04 05:25:00,NSW1,87.09955,6180.73,5,4,1,5
2025-01-04 05:25:00,QLD1,86.63,5759.31,5,4,1,5
2025-01-04 05:25:00,SA1,88.67825,1363.74,5,4,1,5
2025-01-04 05:25:00,TAS1,83.91272,882.76,5,4,1,5
2025-01-04 05:25:00,VIC1,80.81645,3945.84,5,4,1,5
2025-01-04 05:30:00,NSW1,81.45221,6157.46,5,4,1,5
2025-01-04 05:30:00,QLD1,81.98822,5762.4,5,4,1,5
2025-01-04 05:30:00,SA1,82.04631,1365.54,5,4,1,5
2025-01-04 05:30:00,TAS1,77.87343,882.91,5,4,1,5
2025-01-04 05:30:00,VIC1,75.0,3932.67,5,4,1,5
2025-01-04 05:35:00,NSW1,76.92496,6121.96,5,4,1,5
2025-01-04 05:35:00,QLD1,77.95,5815.81,5,4,1,5
2025-01-04 05:35:00,SA1,77.77939,1355.82,5,4,1,5
2025-01-04 05:35:00,TAS1,75.03547,882.52,5,4,1,5
2025-01-04 05:35:00,VIC1,71.35203,3899.66,5,4,1,5
2025-01-04 05:40:00,NSW1,75.9,6140.26,5,4,1,5
2025-01-04 05:40:00,QLD1,75.74793,5637.3,5,4,1,5
2025-01-04 05:40:00,SA1,76.13205,1356.08,5,4,1,5
2025-01-04 05:40:00,TAS1,73.63418,884.84,5,4,1,5
2025-01-04 05:40:00,VIC1,69.84273,3903.27,5,4,1,5
2025-01-04 05:45:00,NSW1,55.88355,6116.81,5,4,1,5
2025-01-04 05:45:00,QLD1,55.75,5642.04,5,4,1,5
2025-01-04 05:45:00,SA1,55.85357,1369.39,5,4,1,5
2025-01-04 05:45:00,TAS1,53.94635,901.96,5,4,1,5
2025-01-04 05:45:00,VIC1,51.03975,3893.57,5,4,1,5
2025-01-04 05:50:00,NSW1,53.32292,6024.1,5,4,1,5
2025-01-04 05:50:00,QLD1,53.19733,5678.73,5,4,1,5
2025-01-04 05:50:00,SA1,52.84121,1371.0,5,4,1,5
2025-01-04 05:50:00,TAS1,51.06,879.25,5,4,1,5
2025-01-04 05:50:00,VIC1,48.30891,3904.1,5,4,1,5
2025-01-04 05:55:00,NSW1,45.11451,6004.1,5,4,1,5
2025-01-04 05:55:00,QLD1,44.95,5607.49,5,4,1,5
2025-01-04 05:55:00,SA1,43.97607,1353.42,5,4,1,5
2025-01-04 05:55:00,TAS1,43.6263,889.48,5,4,1,5
2025-01-04 05:55:00,VIC1,40.5081,3903.01,5,4,1,5
2025-01-04 06:00:00,NSW1,4.64326,5963.73,6,4,1,5
2025-01-04 06:00:00,QLD1,4.62037,5543.8,6,4,1,5
2025-01-04 06:00:00,SA1,4.54337,1339.73,6,4,1,5
2025-01-04 06:00:00,TAS1,4.99363,884.95,6,4,1,5
2025-01-04 06:00:00,VIC1,4.19974,3864.3,6,4,1,5
2025-01-04 06:05:00,NSW1,9.90029,5994.57,6,4,1,5
2025-01-04 06:05:00,QLD1,9.6651,5494.33,6,4,1,5
2025-01-04 06:05:00,SA1,9.74769,1329.46,6,4,1,5
2025-01-04 06:05:00,TAS1,10.11499,890.84,6,4,1,5
2025-01-04 06:05:00,VIC1,8.95,3839.41,6,4,1,5
2025-01-04 06:10:00,NSW1,8.80471,5937.68,6,4,1,5
2025-01-04 06:10:00,QLD1,8.38103,5482.16,6,4,1,5
2025-01-04 06:10:00,SA1,8.89567,1321.34,6,4,1,5
2025-01-04 06:10:00,TAS1,9.39205,896.57,6,4,1,5
2025-01-04 06:10:00,VIC1,8.14948,3850.13,6,4,1,5
2025-01-04 06:15:00,NSW1,-19.88342,5965.6,6,4,1,5
2025-01-04 06:15:00,QLD1,-18.81208,5490.18,6,4,1,5
2025-01-04 06:15:00,SA1,-21.0,1334.49,6,4,1,5
2025-01-04 06:15:00,TAS1,-19.42362,896.43,6,4,1,5
2025-01-04 06:15:00,VIC1,-18.83995,3816.81,6,4,1,5
2025-01-04 06:20:00,NSW1,-22.24115,5906.36,6,4,1,5
2025-01-04 06:20:00,QLD1,-20.49,5415.5,6,4,1,5
2025-01-04 06:20:00,SA1,-24.18409,1306.09,6,4,1,5
2025-01-04 06:20:00,TAS1,-22.16909,895.7,6,4,1,5
2025-01-04 06:20:00,VIC1,-21.40519,3775.89,6,4,1,5
2025-01-04 06:25:00,NSW1,-21.55722,5888.44,6,4,1,5
2025-01-04 06:25:00,QLD1,-20.49,5435.69,6,4,1,5
2025-01-04 06:25:00,SA1,-22.75759,1327.07,6,4,1,5
2025-01-04 06:25:00,TAS1,-21.07772,897.44,6,4,1,5
2025-01-04 06:25:00,VIC1,-20.26964,3763.12,6,4,1,5
2025-01-04 06:30:00,NSW1,-25.01,5930.93,6,4,1,5
2025-01-04 06:30:00,QLD1,-23.46855,5401.62,6,4,1,5
2025-01-04 06:30:00,SA1,-25.88993,1296.67,6,4,1,5
2025-01-04 06:30:00,TAS1,-24.71123,896.68,6,4,1,5
2025-01-04 06:30:00,VIC1,-23.64688,3749.33,6,4,1,5
2025-01-04 06:35:00,NSW1,-30.37336,5938.44,6,4,1,5
2025-01-04 06:35:00,QLD1,-26.27315,5366.75,6,4,1,5
2025-01-04 06:35:00,SA1,-34.87845,1250.14,6,4,1,5
2025-01-04 06:35:00,TAS1,-32.3679,895.36,6,4,1,5
2025-01-04 06:35:00,VIC1,-30.75,3716.45,6,4,1,5
2025-01-04 06:40:00,NSW1,-30.78725,5903.87,6,4,1,5
2025-01-04 06:40:00,QLD1,-27.14582,5328.34,6,4,1,5
2025-01-04 06:40:00,SA1,-33.0,1252.5,6,4,1,5
2025-01-04 06:40:00,TAS1,50.05455,912.16,6,4,1,5
2025-01-04 06:40:00,VIC1,-30.23835,3634.42,6,4,1,5
2025-01-04 06:45:00,NSW1,-32.0,5906.44,6,4,1,5
2025-01-04 06:45:00,QLD1,-28.59768,5281.82,6,4,1,5
2025-01-04 06:45:00,SA1,-30.7372,1235.79,6,4,1,5
2025-01-04 06:45:00,TAS1,50.05455,908.51,6,4,1,5
2025-01-04 06:45:00,VIC1,-29.95564,3609.93,6,4,1,5
2025-01-04 06:50:00,NSW1,-32.0,5839.65,6,4,1,5
2025-01-04 06:50:00,QLD1,-27.9295,5216.09,6,4,1,5
2025-01-04 06:50:00,SA1,-31.31014,1242.28,6,4,1,5
2025-01-04 06:50:00,TAS1,50.05455,907.22,6,4,1,5
2025-01-04 06:50:00,VIC1,-30.4177,3600.12,6,4,1,5
2025-01-04 06:55:00,NSW1,-30.05481,5738.26,6,4,1,5
2025-01-04 06:55:00,QLD1,-27.73,5242.55,6,4,1,5
2025-01-04 06:55:00,SA1,-32.49996,1245.78,6,4,1,5
2025-01-04 06:55:00,TAS1,50.17455,906.21,6,4,1,5
2025-01-04 06:55:00,VIC1,-29.92245,3606.83,6,4,1,5
2025-01-04 07:00:00,NSW1,-29.05004,5704.76,7,4,1,5
2025-01-04 07:00:00,QLD1,-27.73,5221.39,7,4,1,5
2025-01-04 07:00:00,SA1,-32.01,1258.01,7,4,1,5
2025-01-04 07:00:00,TAS1,50.06545,913.14,7,4,1,5
2025-01-04 07:00:00,VIC1,-29.62932,3595.98,7,4,1,5
2025-01-04 07:05:00,NSW1,-20.39815,5668.01,7,4,1,5
2025-01-04 07:05:00,QLD1,-29.89535,5170.61,7,4,1,5
2025-01-04 07:05:00,SA1,-21.54789,1268.95,7,4,1,5
2025-01-04 07:05:00,TAS1,53.06,913.08,7,4,1,5
2025-01-04 07:05:00,VIC1,-20.19,3531.31,7,4,1,5
2025-01-04 07:10:00,NSW1,-29.79032,5734.51,7,4,1,5
2025-01-04 07:10:00,QLD1,-28.64804,5189.47,7,4,1,5
2025-01-04 07:10:00,SA1,-32.01,1244.41,7,4,1,5
2025-01-04 07:10:00,TAS1,53.06,914.46,7,4,1,5
2025-01-04 07:10:00,VIC1,-30.56703,3555.8,7,4,1,5
2025-01-04 07:15:00,NSW1,-29.38,5729.11,7,4,1,5
2025-01-04 07:15:00,QLD1,-28.64707,5130.5,7,4,1,5
2025-01-04 07:15:00,SA1,-31.07441,1250.19,7,4,1,5
2025-01-04 07:15:00,TAS1,119.26,918.87,7,4,1,5
2025-01-04 07:15:00,VIC1,-29.94178,3535.42,7,4,1,5
2025-01-04 07:20:00,NSW1,-20.11326,5686.96,7,4,1,5
2025-01-04 07:20:00,QLD1,-29.7554,5092.2,7,4,1,5
2025-01-04 07:20:00,SA1,-20.68481,1251.45,7,4,1,5
2025-01-04 07:20:00,TAS1,119.26,919.89,7,4,1,5
2025-01-04 07:20:00,VIC1,-20.19,3487.74,7,4,1,5
2025-01-04 07:25:00,NSW1,-16.72245,5664.76,7,4,1,5
2025-01-04 07:25:00,QLD1,-29.77011,5004.33,7,4,1,5
2025-01-04 07:25:00,SA1,-17.57165,1196.68,7,4,1,5
2025-01-04 07:25:00,TAS1,119.26,916.14,7,4,1,5
2025-01-04 07:25:00,VIC1,-17.13,3455.51,7,4,1,5
2025-01-04 07:30:00,NSW1,-29.72507,5586.72,7,4,1,5
2025-01-04 07:30:00,QLD1,-28.17095,4994.82,7,4,1,5
2025-01-04 07:30:00,SA1,-32.01,1181.16,7,4,1,5
2025-01-04 07:30:00,TAS1,119.27,916.43,7,4,1,5
2025-01-04 07:30:00,VIC1,-31.34958,3437.41,7,4,1,5
2025-01-04 07:35:00,NSW1,-31.01,5566.55,7,4,1,5
2025-01-04 07:35:00,QLD1,-28.1332,4979.35,7,4,1,5
2025-01-04 07:35:00,SA1,-31.37935,1156.8,7,4,1,5
2025-01-04 07:35:00,TAS1,119.26,908.09,7,4,1,5
2025-01-04 07:35:00,VIC1,-31.93331,3398.51,7,4,1,5
2025-01-04 07:40:00,NSW1,-20.69954,5558.74,7,4,1,5
2025-01-04 07:40:00,QLD1,-29.06515,4982.86,7,4,1,5
2025-01-04 07:40:00,SA1,-19.9,1156.42,7,4,1,5
2025-01-04 07:40:00,TAS1,119.26,901.68,7,4,1,5
2025-01-04 07:40:00,VIC1,-20.51802,3363.65,7,4,1,5
2025-01-04 07:45:00,NSW1,-29.44945,5382.97,7,4,1,5
2025-01-04 07:45:00,QLD1,-28.13542,4938.22,7,4,1,5
2025-01-04 07:45:00,SA1,-30.51693,1127.05,7,4,1,5
2025-01-04 07:45:00,TAS1,119.26,907.67,7,4,1,5
2025-01-04 07:45:00,VIC1,-30.75,3321.37,7,4,1,5
2025-01-04 07:50:00,NSW1,-30.37098,5391.42,7,4,1,5
2025-01-04 07:50:00,QLD1,-28.00656,4964.48,7,4,1,5
2025-01-04 07:50:00,SA1,-31.25917,1146.38,7,4,1,5
2025-01-04 07:50:00,TAS1,119.26,901.91,7,4,1,5
2025-01-04 07:50:00,VIC1,-32.00008,3329.78,7,4,1,5
2025-01-04 07:55:00,NSW1,-19.70961,5405.04,7,4,1,5
2025-01-04 07:55:00,QLD1,-29.53883,4903.8,7,4,1,5
2025-01-04 07:55:00,SA1,-19.83935,1181.12,7,4,1,5
2025-01-04 07:55:00,TAS1,119.26,909.23,7,4,1,5
2025-01-04 07:55:00,VIC1,-20.19,3309.16,7,4,1,5
2025-01-04 08:00:00,NSW1,-28.75255,5251.82,8,4,1,5
2025-01-04 08:00:00,QLD1,-27.80991,4826.47,8,4,1,5
2025-01-04 08:00:00,SA1,-31.42339,1132.93,8,4,1,5
2025-01-04 08:00:00,TAS1,119.26,909.89,8,4,1,5
2025-01-04 08:00:00,VIC1,-30.75,3254.67,8,4,1,5
2025-01-04 08:05:00,NSW1,-29.98987,5222.76,8,4,1,5
2025-01-04 08:05:00,QLD1,-30.75,4798.65,8,4,1,5
2025-01-04 08:05:00,SA1,-32.01,1166.01,8,4,1,5
2025-01-04 08:05:00,TAS1,119.26,904.02,8,4,1,5
2025-01-04 08:05:00,VIC1,-31.38999,3256.04,8,4,1,5
2025-01-04 08:10:00,NSW1,-31.75945,5265.78,8,4,1,5
2025-01-04 08:10:00,QLD1,-30.11,4762.65,8,4,1,5
2025-01-04 08:10:00,SA1,-31.51139,1168.79,8,4,1,5
2025-01-04 08:10:00,TAS1,120.26,908.63,8,4,1,5
2025-01-04 08:10:00,VIC1,-31.99993,3300.87,8,4,1,5
2025-01-04 08:15:00,NSW1,-30.43225,5187.95,8,4,1,5
2025-01-04 08:15:00,QLD1,-30.75,4819.98,8,4,1,5
2025-01-04 08:15:00,SA1,-32.25,1143.43,8,4,1,5
2025-01-04 08:15:00,TAS1,120.26,899.25,8,4,1,5
2025-01-04 08:15:00,VIC1,-31.57327,3297.84,8,4,1,5
2025-01-04 08:20:00,NSW1,-20.93013,5198.43,8,4,1,5
2025-01-04 08:20:00,QLD1,-30.75,4808.59,8,4,1,5
2025-01-04 08:20:00,SA1,-21.49255,1110.63,8,4,1,5
2025-01-04 08:20:00,TAS1,119.26,894.49,8,4,1,5
2025-01-04 08:20:00,VIC1,-21.0,3212.8,8,4,1,5
2025-01-04 08:25:00,NSW1,-30.11037,5112.93,8,4,1,5
2025-01-04 08:25:00,QLD1,-30.75,4801.26,8,4,1,5
2025-01-04 08:25:00,SA1,-32.25,1052.78,8,4,1,5
2025-01-04 08:25:00,TAS1,119.26,888.71,8,4,1,5
2025-01-04 08:25:00,VIC1,-30.78641,3200.65,8,4,1,5
2025-01-04 08:30:00,NSW1,-30.77011,5080.08,8,4,1,5
2025-01-04 08:30:00,QLD1,-30.75,4824.2,8,4,1,5
2025-01-04 08:30:00,SA1,-32.49997,1038.69,8,4,1,5
2025-01-04 08:30:00,TAS1,120.26,892.07,8,4,1,5
2025-01-04 08:30:00,VIC1,-30.94346,3174.85,8,4,1,5
2025-01-04 08:35:00,NSW1,-29.89683,5009.89,8,4,1,5
2025-01-04 08:35:00,QLD1,-30.75,4843.43,8,4,1,5
2025-01-04 08:35:00,SA1,-32.82695,1022.5,8,4,1,5
2025-01-04 08:35:00,TAS1,119.26,877.39,8,4,1,5
2025-01-04 08:35:00,VIC1,-30.75,3180.23,8,4,1,5
2025-01-04 08:40:00,NSW1,-31.58493,5001.61,8,4,1,5
2025-01-04 08:40:00,QLD1,-30.11,4822.2,8,4,1,5
2025-01-04 08:40:00,SA1,-33.50086,1017.97,8,4,1,5
2025-01-04 08:40:00,TAS1,119.26,870.63,8,4,1,5
2025-01-04 08:40:00,VIC1,-31.99993,3152.2,8,4,1,5
2025-01-04 08:45:00,NSW1,-33.40046,4962.22,8,4,1,5
2025-01-04 08:45:00,QLD1,-31.0,4778.8,8,4,1,5
2025-01-04 08:45:00,SA1,-35.0,1019.45,8,4,1,5
2025-01-04 08:45:00,TAS1,119.26,863.87,8,4,1,5
2025-01-04 08:45:00,VIC1,-34.11945,3181.15,8,4,1,5
2025-01-04 08:50:00,NSW1,-37.20893,4886.09,8,4,1,5
2025-01-04 08:50:00,QLD1,-31.11,4785.08,8,4,1,5
2025-01-04 08:50:00,SA1,-39.31351,1012.26,8,4,1,5
2025-01-04 08:50:00,TAS1,119.26,873.6,8,4,1,5
2025-01-04 08:50:00,VIC1,-38.31,3162.23,8,4,1,5
2025-01-04 08:55:00,NSW1,-35.0,4866.31,8,4,1,5
2025-01-04 08:55:00,QLD1,-31.0,4795.23,8,4,1,5
2025-01-04 08:55:00,SA1,-37.19131,1028.51,8,4,1,5
2025-01-04 08:55:00,TAS1,119.26,865.66,8,4,1,5
2025-01-04 08:55:00,VIC1,-35.81136,3128.76,8,4,1,5
2025-01-04 09:00:00,NSW1,-33.58233,4846.03,9,4,1,5
2025-01-04 09:00:00,QLD1,-30.75,4791.18,9,4,1,5
2025-01-04 09:00:00,SA1,-36.11934,1072.74,9,4,1,5
2025-01-04 09:00:00,TAS1,119.26,858.32,9,4,1,5
2025-01-04 09:00:00,VIC1,-34.46,3175.55,9,4,1,5
2025-01-04 09:05:00,NSW1,-32.01,4757.75,9,4,1,5
2025-01-04 09:05:00,QLD1,-28.0932,4740.78,9,4,1,5
2025-01-04 09:05:00,SA1,-35.64187,1148.81,9,4,1,5
2025-01-04 09:05:00,TAS1,119.26,864.51,9,4,1,5
2025-01-04 09:05:00,VIC1,-32.9674,3135.29,9,4,1,5
2025-01-04 09:10:00,NSW1,-31.46624,4933.07,9,4,1,5
2025-01-04 09:10:00,QLD1,-27.71733,4807.29,9,4,1,5
2025-01-04 09:10:00,SA1,-32.01,1179.62,9,4,1,5
2025-01-04 09:10:00,TAS1,119.26,856.22,9,4,1,5
2025-01-04 09:10:00,VIC1,-30.99839,3161.29,9,4,1,5
2025-01-04 09:15:00,NSW1,-30.72714,4912.3,9,4,1,5
2025-01-04 09:15:00,QLD1,-27.67357,4749.6,9,4,1,5
2025-01-04 09:15:00,SA1,-34.82102,1184.09,9,4,1,5
2025-01-04 09:15:00,TAS1,52.06,854.87,9,4,1,5
2025-01-04 09:15:00,VIC1,-32.00008,3141.97,9,4,1,5
2025-01-04 09:20:00,NSW1,-31.00989,4871.68,9,4,1,5
2025-01-04 09:20:00,QLD1,-27.73,4756.1,9,4,1,5
2025-01-04 09:20:00,SA1,-35.62803,1223.07,9,4,1,5
2025-01-04 09:20:00,TAS1,52.06,850.99,9,4,1,5
2025-01-04 09:20:00,VIC1,-32.35288,3126.61,9,4,1,5
2025-01-04 09:25:00,NSW1,-33.01948,4808.96,9,4,1,5
2025-01-04 09:25:00,QLD1,-30.75,4761.9,9,4,1,5
2025-01-04 09:25:00,SA1,-38.0748,1221.88,9,4,1,5
2025-01-04 09:25:00,TAS1,120.26,850.52,9,4,1,5
2025-01-04 09:25:00,VIC1,-34.46,3143.22,9,4,1,5
2025-01-04 09:30:00,NSW1,-33.12904,4805.44,9,4,1,5
2025-01-04 09:30:00,QLD1,-31.0,4824.41,9,4,1,5
2025-01-04 09:30:00,SA1,-37.69703,1171.17,9,4,1,5
2025-01-04 09:30:00,TAS1,52.06,846.95,9,4,1,5
2025-01-04 09:30:00,VIC1,-34.46,3152.76,9,4,1,5
2025-01-04 09:35:00,NSW1,-35.0,4742.85,9,4,1,5
2025-01-04 09:35:00,QLD1,-31.2,4796.3,9,4,1,5
2025-01-04 09:35:00,SA1,-39.42688,1102.2,9,4,1,5
2025-01-04 09:35:00,TAS1,51.06,853.77,9,4,1,5
2025-01-04 09:35:00,VIC1,-36.812,3174.09,9,4,1,5
2025-01-04 09:40:00,NSW1,-38.42943,4686.39,9,4,1,5
2025-01-04 09:40:00,QLD1,-31.99,4749.17,9,4,1,5
2025-01-04 09:40:00,SA1,-41.04601,1057.39,9,4,1,5
2025-01-04 09:40:00,TAS1,51.06,853.47,9,4,1,5
2025-01-04 09:40:00,VIC1,-39.65825,3185.52,9,4,1,5
2025-01-04 09:45:00,NSW1,-37.47563,4650.77,9,4,1,5
2025-01-04 09:45:00,QLD1,-32.0,4789.41,9,4,1,5
2025-01-04 09:45:00,SA1,-37.23243,941.99,9,4,1,5
2025-01-04 09:45:00,TAS1,51.06,846.75,9,4,1,5
2025-01-04 09:45:00,VIC1,-37.23533,3209.47,9,4,1,5
2025-01-04 09:50:00,NSW1,-36.5526,4618.44,9,4,1,5
2025-01-04 09:50:00,QLD1,-31.2,4794.92,9,4,1,5
2025-01-04 09:50:00,SA1,-36.74183,911.02,9,4,1,5
2025-01-04 09:50:00,TAS1,51.06,844.3,9,4,1,5
2025-01-04 09:50:00,VIC1,-36.54233,3192.29,9,4,1,5
2025-01-04 09:55:00,NSW1,-37.0374,4562.05,9,4,1,5
2025-01-04 09:55:00,QLD1,-31.0,4788.75,9,4,1,5
2025-01-04 09:55:00,SA1,-37.4329,921.33,9,4,1,5
2025-01-04 09:55:00,TAS1,51.06,848.97,9,4,1,5
2025-01-04 09:55:00,VIC1,-37.06034,3169.16,9,4,1,5
2025-01-04 10:00:00,NSW1,-37.9074,4491.23,10,4,1,5
2025-01-04 10:00:00,QLD1,-32.95,4773.12,10,4,1,5
2025-01-04 10:00:00,SA1,-37.86482,946.03,10,4,1,5
2025-01-04 10:00:00,TAS1,50.06,847.43,10,4,1,5
2025-01-04 10:00:00,VIC1,-37.70042,3185.12,10,4,1,5
2025-01-04 10:05:00,NSW1,-38.41667,4497.33,10,4,1,5
2025-01-04 10:05:00,QLD1,-32.73643,4745.98,10,4,1,5
2025-01-04 10:05:00,SA1,-38.97987,1005.22,10,4,1,5
2025-01-04 10:05:00,TAS1,52.06,843.09,10,4,1,5
2025-01-04 10:05:00,VIC1,-38.31,3168.12,10,4,1,5
2025-01-04 10:10:00,NSW1,-37.10701,4517.44,10,4,1,5
2025-01-04 10:10:00,QLD1,-30.75,4721.08,10,4,1,5
2025-01-04 10:10:00,SA1,-40.33272,1066.08,10,4,1,5
2025-01-04 10:10:00,TAS1,52.06,854.0,10,4,1,5
2025-01-04 10:10:00,VIC1,-38.31,3210.14,10,4,1,5
2025-01-04 10:15:00,NSW1,-36.22,4445.06,10,4,1,5
2025-01-04 10:15:00,QLD1,-31.2,4643.65,10,4,1,5
2025-01-04 10:15:00,SA1,-40.99324,1082.24,10,4,1,5
2025-01-04 10:15:00,TAS1,50.06,848.54,10,4,1,5
2025-01-04 10:15:00,VIC1,-37.73382,3206.73,10,4,1,5
2025-01-04 10:20:00,NSW1,-35.16925,4479.35,10,4,1,5
2025-01-04 10:20:00,QLD1,-31.11,4730.74,10,4,1,5
2025-01-04 10:20:00,SA1,-39.03205,1102.43,10,4,1,5
2025-01-04 10:20:00,TAS1,50.06,848.24,10,4,1,5
2025-01-04 10:20:00,VIC1,-36.39798,3257.62,10,4,1,5
2025-01-04 10:25:00,NSW1,-36.3894,4458.52,10,4,1,5
2025-01-04 10:25:00,QLD1,-31.2,4655.96,10,4,1,5
2025-01-04 10:25:00,SA1,-41.42991,1122.51,10,4,1,5
2025-01-04 10:25:00,TAS1,50.06,863.93,10,4,1,5
2025-01-04 10:25:00,VIC1,-38.31,3255.96,10,4,1,5
2025-01-04 10:30:00,NSW1,-35.47375,4456.17,10,4,1,5
2025-01-04 10:30:00,QLD1,-30.75,4730.94,10,4,1,5
2025-01-04 10:30:00,SA1,-42.80782,1170.9,10,4,1,5
2025-01-04 10:30:00,TAS1,50.06,849.86,10,4,1,5
2025-01-04 10:30:00,VIC1,-38.31,3249.96,10,4,1,5
2025-01-04 10:35:00,NSW1,-32.82178,4429.12,10,4,1,5
2025-01-04 10:35:00,QLD1,-31.0,4671.83,10,4,1,5
2025-01-04 10:35:00,SA1,-39.55324,1203.09,10,4,1,5
2025-01-04 10:35:00,TAS1,-36.61221,840.89,10,4,1,5
2025-01-04 10:35:00,VIC1,-35.5,3322.5,10,4,1,5
2025-01-04 10:40:00,NSW1,-31.67474,4524.43,10,4,1,5
2025-01-04 10:40:00,QLD1,-30.75,4762.91,10,4,1,5
2025-01-04 10:40:00,SA1,-38.31542,1171.34,10,4,1,5
2025-01-04 10:40:00,TAS1,-35.55807,851.52,10,4,1,5
2025-01-04 10:40:00,VIC1,-34.46,3371.4,10,4,1,5
2025-01-04 10:45:00,NSW1,-32.25639,4479.72,10,4,1,5
2025-01-04 10:45:00,QLD1,-31.2,4635.5,10,4,1,5
2025-01-04 10:45:00,SA1,-38.05387,1123.66,10,4,1,5
2025-01-04 10:45:00,TAS1,50.06,865.81,10,4,1,5
2025-01-04 10:45:00,VIC1,-34.46,3393.07,10,4,1,5
2025-01-04 10:50:00,NSW1,-35.23385,4457.08,10,4,1,5
2025-01-04 10:50:00,QLD1,-32.0,4667.08,10,4,1,5
2025-01-04 10:50:00,SA1,-41.36335,1047.82,10,4,1,5
2025-01-04 10:50:00,TAS1,50.06,856.69,10,4,1,5
2025-01-04 10:50:00,VIC1,-38.31,3465.46,10,4,1,5
2025-01-04 10:55:00,NSW1,-35.87893,4476.77,10,4,1,5
2025-01-04 10:55:00,QLD1,-31.99,4672.76,10,4,1,5
2025-01-04 10:55:00,SA1,-40.28097,1003.48,10,4,1,5
2025-01-04 10:55:00,TAS1,50.06,857.69,10,4,1,5
2025-01-04 10:55:00,VIC1,-38.31,3488.65,10,4,1,5
2025-01-04 11:00:00,NSW1,-35.9217,4452.17,11,4,1,5
2025-01-04 11:00:00,QLD1,-31.0,4713.96,11,4,1,5
2025-01-04 11:00:00,SA1,-40.49873,975.34,11,4,1,5
2025-01-04 11:00:00,TAS1,50.06,861.69,11,4,1,5
2025-01-04 11:00:00,VIC1,-38.31,3492.66,11,4,1,5
2025-01-04 11:05:00,NSW1,-31.00992,4483.52,11,4,1,5
2025-01-04 11:05:00,QLD1,-31.99991,4645.08,11,4,1,5
2025-01-04 11:05:00,SA1,-35.91271,1014.77,11,4,1,5
2025-01-04 11:05:00,TAS1,50.06,863.68,11,4,1,5
2025-01-04 11:05:00,VIC1,-33.13554,3521.76,11,4,1,5
2025-01-04 11:10:00,NSW1,-32.52043,4510.71,11,4,1,5
2025-01-04 11:10:00,QLD1,-32.0,4673.83,11,4,1,5
2025-01-04 11:10:00,SA1,-36.7906,1007.22,11,4,1,5
2025-01-04 11:10:00,TAS1,52.06,887.66,11,4,1,5
2025-01-04 11:10:00,VIC1,-34.46,3579.68,11,4,1,5
2025-01-04 11:15:00,NSW1,-31.00992,4522.81,11,4,1,5
2025-01-04 11:15:00,QLD1,-32.0,4735.22,11,4,1,5
2025-01-04 11:15:00,SA1,-36.24507,1007.52,11,4,1,5
2025-01-04 11:15:00,TAS1,50.06,881.52,11,4,1,5
2025-01-04 11:15:00,VIC1,-33.37923,3603.96,11,4,1,5
2025-01-04 11:20:00,NSW1,-31.00982,4520.97,11,4,1,5
2025-01-04 11:20:00,QLD1,-32.0,4701.93,11,4,1,5
2025-01-04 11:20:00,SA1,-36.3499,1039.14,11,4,1,5
2025-01-04 11:20:00,TAS1,50.06,897.25,11,4,1,5
2025-01-04 11:20:00,VIC1,-33.43492,3612.02,11,4,1,5
2025-01-04 11:25:00,NSW1,-28.46735,4528.11,11,4,1,5
2025-01-04 11:25:00,QLD1,-31.0,4791.36,11,4,1,5
2025-01-04 11:25:00,SA1,-33.13227,1071.38,11,4,1,5
2025-01-04 11:25:00,TAS1,50.06,894.4,11,4,1,5
2025-01-04 11:25:00,VIC1,-30.75,3685.23,11,4,1,5
2025-01-04 11:30:00,NSW1,-31.0099,4577.15,11,4,1,5
2025-01-04 11:30:00,QLD1,-32.0,4649.68,11,4,1,5
2025-01-04 11:30:00,SA1,-33.0,1082.78,11,4,1,5
2025-01-04 11:30:00,TAS1,50.06,895.0,11,4,1,5
2025-01-04 11:30:00,VIC1,-31.08799,3646.5,11,4,1,5
2025-01-04 11:35:00,NSW1,-31.01001,4567.94,11,4,1,5
2025-01-04 11:35:00,QLD1,-31.11,4786.81,11,4,1,5
2025-01-04 11:35:00,SA1,-34.93269,1149.26,11,4,1,5
2025-01-04 11:35:00,TAS1,50.06,897.44,11,4,1,5
2025-01-04 11:35:00,VIC1,-31.99993,3726.31,11,4,1,5
2025-01-04 11:40:00,NSW1,-31.01001,4609.97,11,4,1,5
2025-01-04 11:40:00,QLD1,-30.75,4900.7,11,4,1,5
2025-01-04 11:40:00,SA1,-32.0099,1178.37,11,4,1,5
2025-01-04 11:40:00,TAS1,50.06,898.85,11,4,1,5
2025-01-04 11:40:00,VIC1,-29.8992,3842.1,11,4,1,5
2025-01-04 11:45:00,NSW1,-16.74455,4646.19,11,4,1,5
2025-01-04 11:45:00,QLD1,-31.2,4833.8,11,4,1,5
2025-01-04 11:45:00,SA1,-20.1,1190.9,11,4,1,5
2025-01-04 11:45:00,TAS1,50.06,896.9,11,4,1,5
2025-01-04 11:45:00,VIC1,-18.34516,3909.83,11,4,1,5
2025-01-04 11:50:00,NSW1,-31.0099,4633.78,11,4,1,5
2025-01-04 11:50:00,QLD1,-32.0,4819.16,11,4,1,5
2025-01-04 11:50:00,SA1,-20.1,1215.06,11,4,1,5
2025-01-04 11:50:00,TAS1,50.06,895.39,11,4,1,5
2025-01-04 11:50:00,VIC1,-18.50978,3951.26,11,4,1,5
2025-01-04 11:55:00,NSW1,7.89377,4694.82,11,4,1,5
2025-01-04 11:55:00,QLD1,-33.20171,4846.29,11,4,1,5
2025-01-04 11:55:00,SA1,9.1,1237.05,11,4,1,5
2025-01-04 11:55:00,TAS1,51.06,899.23,11,4,1,5
2025-01-04 11:55:00,VIC1,8.60691,4014.36,11,4,1,5
2025-01-04 12:00:00,NSW1,-6.69615,4680.31,12,4,1,5
2025-01-04 12:00:00,QLD1,-31.2,4906.06,12,4,1,5
2025-01-04 12:00:00,SA1,34.97937,1252.15,12,4,1,5
2025-01-04 12:00:00,TAS1,50.06,900.14,12,4,1,5
2025-01-04 12:00:00,VIC1,33.0,4107.56,12,4,1,5
2025-01-04 12:05:00,NSW1,-31.0099,4705.5,12,4,1,5
2025-01-04 12:05:00,QLD1,-31.0,4862.59,12,4,1,5
2025-01-04 12:05:00,SA1,0.0,1310.55,12,4,1,5
2025-01-04 12:05:00,TAS1,51.06,904.16,12,4,1,5
2025-01-04 12:05:00,VIC1,-2.50449,4149.73,12,4,1,5
2025-01-04 12:10:00,NSW1,39.2688,4781.19,12,4,1,5
2025-01-04 12:10:00,QLD1,-34.14,4861.96,12,4,1,5
2025-01-04 12:10:00,SA1,45.27312,1340.73,12,4,1,5
2025-01-04 12:10:00,TAS1,52.06,906.97,12,4,1,5
2025-01-04 12:10:00,VIC1,42.73318,4264.46,12,4,1,5
2025-01-04 12:15:00,NSW1,20.00004,4772.1,12,4,1,5
2025-01-04 12:15:00,QLD1,-34.73248,4804.22,12,4,1,5
2025-01-04 12:15:00,SA1,91.64,1398.7,12,4,1,5
2025-01-04 12:15:00,TAS1,91.72751,905.05,12,4,1,5
2025-01-04 12:15:00,VIC1,83.96886,4365.2,12,4,1,5
2025-01-04 12:20:00,NSW1,20.00004,4823.62,12,4,1,5
2025-01-04 12:20:00,QLD1,-34.2,4782.77,12,4,1,5
2025-01-04 12:20:00,SA1,270.34,1487.45,12,4,1,5
2025-01-04 12:20:00,TAS1,119.26,910.31,12,4,1,5
2025-01-04 12:20:00,VIC1,106.41059,4418.99,12,4,1,5
2025-01-04 12:25:00,NSW1,20.00004,4947.6,12,4,1,5
2025-01-04 12:25:00,QLD1,-34.73252,4729.24,12,4,1,5
2025-01-04 12:25:00,SA1,199.5135,1467.39,12,4,1,5
2025-01-04 12:25:00,TAS1,119.26,906.61,12,4,1,5
2025-01-04 12:25:00,VIC1,36.24,4503.49,12,4,1,5
2025-01-04 12:30:00,NSW1,10.94873,4908.72,12,4,1,5
2025-01-04 12:30:00,QLD1,-33.87341,4750.06,12,4,1,5
2025-01-04 12:30:00,SA1,13.0642,1455.54,12,4,1,5
2025-01-04 12:30:00,TAS1,53.06,923.14,12,4,1,5
2025-01-04 12:30:00,VIC1,12.0,4499.75,12,4,1,5
2025-01-04 12:35:00,NSW1,15.14341,4926.61,12,4,1,5
2025-01-04 12:35:00,QLD1,-34.2,4737.95,12,4,1,5
2025-01-04 12:35:00,SA1,21.48912,1409.62,12,4,1,5
2025-01-04 12:35:00,TAS1,119.26,947.74,12,4,1,5
2025-01-04 12:35:00,VIC1,20.12998,4542.53,12,4,1,5
2025-01-04 12:40:00,NSW1,1.00006,4965.95,12,4,1,5
2025-01-04 12:40:00,QLD1,-32.5333,4823.15,12,4,1,5
2025-01-04 12:40:00,SA1,9.45828,1373.2,12,4,1,5
2025-01-04 12:40:00,TAS1,119.26,944.16,12,4,1,5
2025-01-04 12:40:00,VIC1,8.99896,4559.41,12,4,1,5
2025-01-04 12:45:00,NSW1,-24.24234,4995.89,12,4,1,5
2025-01-04 12:45:00,QLD1,-31.0,4881.17,12,4,1,5
2025-01-04 12:45:00,SA1,1e-05,1352.29,12,4,1,5
2025-01-04 12:45:00,TAS1,119.26,942.18,12,4,1,5
2025-01-04 12:45:00,VIC1,1e-05,4544.28,12,4,1,5
2025-01-04 12:50:00,NSW1,7.61638,5064.5,12,4,1,5
2025-01-04 12:50:00,QLD1,-33.4924,4905.74,12,4,1,5
2025-01-04 12:50:00,SA1,38.85308,1381.79,12,4,1,5
2025-01-04 12:50:00,TAS1,120.26,957.26,12,4,1,5
2025-01-04 12:50:00,VIC1,36.24,4594.43,12,4,1,5
2025-01-04 12:55:00,NSW1,75.9,5066.66,12,4,1,5
2025-01-04 12:55:00,QLD1,-34.88,4863.19,12,4,1,5
2025-01-04 12:55:00,SA1,88.27594,1401.56,12,4,1,5
2025-01-04 12:55:00,TAS1,119.26,949.26,12,4,1,5
2025-01-04 12:55:00,VIC1,83.51947,4735.46,12,4,1,5
2025-01-04 13:00:00,NSW1,41.88724,5157.81,13,4,1,5
2025-01-04 13:00:00,QLD1,-34.2,4846.19,13,4,1,5
2025-01-04 13:00:00,SA1,48.84491,1376.94,13,4,1,5
2025-01-04 13:00:00,TAS1,120.26,956.27,13,4,1,5
2025-01-04 13:00:00,VIC1,46.02,4803.72,13,4,1,5
2025-01-04 13:05:00,NSW1,99.75712,5183.37,13,4,1,5
2025-01-04 13:05:00,QLD1,-35.1,4849.74,13,4,1,5
2025-01-04 13:05:00,SA1,113.99456,1343.15,13,4,1,5
2025-01-04 13:05:00,TAS1,119.26,957.7,13,4,1,5
2025-01-04 13:05:00,VIC1,108.54043,4920.55,13,4,1,5
2025-01-04 13:10:00,NSW1,118.48,5316.08,13,4,1,5
2025-01-04 13:10:00,QLD1,-32.95,4934.22,13,4,1,5
2025-01-04 13:10:00,SA1,134.17852,1344.36,13,4,1,5
2025-01-04 13:10:00,TAS1,136.6866,951.51,13,4,1,5
2025-01-04 13:10:00,VIC1,127.7136,5052.34,13,4,1,5
2025-01-04 13:15:00,NSW1,20.00023,5269.79,13,4,1,5
2025-01-04 13:15:00,QLD1,-34.2,5010.95,13,4,1,5
2025-01-04 13:15:00,SA1,21.86499,1249.39,13,4,1,5
2025-01-04 13:15:00,TAS1,118.26,953.6,13,4,1,5
2025-01-04 13:15:00,VIC1,21.4467,5107.13,13,4,1,5
2025-01-04 13:20:00,NSW1,20.00023,5338.83,13,4,1,5
2025-01-04 13:20:00,QLD1,-34.14,5023.03,13,4,1,5
2025-01-04 13:20:00,SA1,37.34153,1276.41,13,4,1,5
2025-01-04 13:20:00,TAS1,119.26,954.0,13,4,1,5
2025-01-04 13:20:00,VIC1,36.24,5186.39,13,4,1,5
2025-01-04 13:25:00,NSW1,20.00023,5372.58,13,4,1,5
2025-01-04 13:25:00,QLD1,-34.14,5078.31,13,4,1,5
2025-01-04 13:25:00,SA1,21.02011,1251.47,13,4,1,5
2025-01-04 13:25:00,TAS1,119.26,963.07,13,4,1,5
2025-01-04 13:25:00,VIC1,21.43992,5169.58,13,4,1,5
2025-01-04 13:30:00,NSW1,34.22137,5377.32,13,4,1,5
2025-01-04 13:30:00,QLD1,-32.0,5117.12,13,4,1,5
2025-01-04 13:30:00,SA1,35.21691,1190.47,13,4,1,5
2025-01-04 13:30:00,TAS1,119.26,941.66,13,4,1,5
2025-01-04 13:30:00,VIC1,36.24,5247.17,13,4,1,5
2025-01-04 13:35:00,NSW1,11.54523,5458.13,13,4,1,5
2025-01-04 13:35:00,QLD1,-31.2,5167.24,13,4,1,5
2025-01-04 13:35:00,SA1,11.64499,1185.13,13,4,1,5
2025-01-04 13:35:00,TAS1,120.26,945.54,13,4,1,5
2025-01-04 13:35:00,VIC1,12.42,5330.56,13,4,1,5
2025-01-04 13:40:00,NSW1,43.97572,5529.69,13,4,1,5
2025-01-04 13:40:00,QLD1,-32.0,5176.83,13,4,1,5
2025-01-04 13:40:00,SA1,45.26564,1222.23,13,4,1,5
2025-01-04 13:40:00,TAS1,120.26,955.8,13,4,1,5
2025-01-04 13:40:00,VIC1,46.29,5402.37,13,4,1,5
2025-01-04 13:45:00,NSW1,34.71598,5592.71,13,4,1,5
2025-01-04 13:45:00,QLD1,-31.2,5174.7,13,4,1,5
2025-01-04 13:45:00,SA1,35.52083,1204.92,13,4,1,5
2025-01-04 13:45:00,TAS1,120.26,952.28,13,4,1,5
2025-01-04 13:45:00,VIC1,36.24,5429.83,13,4,1,5
2025-01-04 13:50:00,NSW1,20.00023,5613.27,13,4,1,5
2025-01-04 13:50:00,QLD1,-32.0,5176.12,13,4,1,5
2025-01-04 13:50:00,SA1,35.9229,1250.62,13,4,1,5
2025-01-04 13:50:00,TAS1,120.26,951.4,13,4,1,5
2025-01-04 13:50:00,VIC1,35.83,5449.53,13,4,1,5
2025-01-04 13:55:00,NSW1,36.0003,5702.84,13,4,1,5
2025-01-04 13:55:00,QLD1,-32.0,5208.41,13,4,1,5
2025-01-04 13:55:00,SA1,38.88621,1317.1,13,4,1,5
2025-01-04 13:55:00,TAS1,120.26,962.52,13,4,1,5
2025-01-04 13:55:00,VIC1,38.09119,5423.37,13,4,1,5
2025-01-04 14:00:00,NSW1,34.00558,5809.3,14,4,1,5
2025-01-04 14:00:00,QLD1,-32.0,5158.03,14,4,1,5
2025-01-04 14:00:00,SA1,35.94,1366.63,14,4,1,5
2025-01-04 14:00:00,TAS1,120.26,968.95,14,4,1,5
2025-01-04 14:00:00,VIC1,35.2957,5363.79,14,4,1,5
2025-01-04 14:05:00,NSW1,34.93466,5887.75,14,4,1,5
2025-01-04 14:05:00,QLD1,-32.95,5182.76,14,4,1,5
2025-01-04 14:05:00,SA1,38.34291,1471.61,14,4,1,5
2025-01-04 14:05:00,TAS1,120.26,961.91,14,4,1,5
2025-01-04 14:05:00,VIC1,36.24,5346.25,14,4,1,5
2025-01-04 14:10:00,NSW1,35.24897,5999.86,14,4,1,5
2025-01-04 14:10:00,QLD1,-31.99,5253.25,14,4,1,5
2025-01-04 14:10:00,SA1,38.71921,1577.07,14,4,1,5
2025-01-04 14:10:00,TAS1,120.26,988.8,14,4,1,5
2025-01-04 14:10:00,VIC1,36.24,5337.81,14,4,1,5
2025-01-04 14:15:00,NSW1,98.45457,6186.21,14,4,1,5
2025-01-04 14:15:00,QLD1,-32.0,5228.05,14,4,1,5
2025-01-04 14:15:00,SA1,112.29697,1681.5,14,4,1,5
2025-01-04 14:15:00,TAS1,120.26,993.74,14,4,1,5
2025-01-04 14:15:00,VIC1,100.45029,5271.42,14,4,1,5
2025-01-04 14:20:00,NSW1,35.61161,6269.87,14,4,1,5
2025-01-04 14:20:00,QLD1,-31.2,5240.52,14,4,1,5
2025-01-04 14:20:00,SA1,40.47842,1753.65,14,4,1,5
2025-01-04 14:20:00,TAS1,120.26,1018.26,14,4,1,5
2025-01-04 14:20:00,VIC1,36.24,5200.85,14,4,1,5
2025-01-04 14:25:00,NSW1,32.53277,6415.99,14,4,1,5
2025-01-04 14:25:00,QLD1,-31.2,5194.46,14,4,1,5
2025-01-04 14:25:00,SA1,78.08797,1819.85,14,4,1,5
2025-01-04 14:25:00,TAS1,122.8677,1015.27,14,4,1,5
2025-01-04 14:25:00,VIC1,33.0,5144.84,14,4,1,5
2025-01-04 14:30:00,NSW1,12.88443,6472.57,14,4,1,5
2025-01-04 14:30:00,QLD1,-31.0,5322.04,14,4,1,5
2025-01-04 14:30:00,SA1,138.04,1853.62,14,4,1,5
2025-01-04 14:30:00,TAS1,120.26,1019.11,14,4,1,5
2025-01-04 14:30:00,VIC1,12.9999,5153.5,14,4,1,5
2025-01-04 14:35:00,NSW1,20.00019,6533.17,14,4,1,5
2025-01-04 14:35:00,QLD1,-30.95,5304.53,14,4,1,5
2025-01-04 14:35:00,SA1,230.0,1852.13,14,4,1,5
2025-01-04 14:35:00,TAS1,120.26,1027.57,14,4,1,5
2025-01-04 14:35:00,VIC1,20.01599,5091.25,14,4,1,5
2025-01-04 14:40:00,NSW1,20.00019,6598.08,14,4,1,5
2025-01-04 14:40:00,QLD1,-30.75,5302.16,14,4,1,5
2025-01-04 14:40:00,SA1,21.38015,1764.01,14,4,1,5
2025-01-04 14:40:00,TAS1,120.26,1022.31,14,4,1,5
2025-01-04 14:40:00,VIC1,19.43665,5135.95,14,4,1,5
2025-01-04 14:45:00,NSW1,10.04908,6609.79,14,4,1,5
2025-01-04 14:45:00,QLD1,-24.9999,5451.16,14,4,1,5
2025-01-04 14:45:00,SA1,138.04,1799.1,14,4,1,5
2025-01-04 14:45:00,TAS1,120.26,1025.06,14,4,1,5
2025-01-04 14:45:00,VIC1,9.85,5160.28,14,4,1,5
2025-01-04 14:50:00,NSW1,20.00019,6663.28,14,4,1,5
2025-01-04 14:50:00,QLD1,-30.75,5504.01,14,4,1,5
2025-01-04 14:50:00,SA1,21.16831,1775.03,14,4,1,5
2025-01-04 14:50:00,TAS1,120.26,1019.99,14,4,1,5
2025-01-04 14:50:00,VIC1,19.29914,5119.02,14,4,1,5
2025-01-04 14:55:00,NSW1,34.16674,6820.79,14,4,1,5
2025-01-04 14:55:00,QLD1,-30.95,5542.89,14,4,1,5
2025-01-04 14:55:00,SA1,138.04,1796.86,14,4,1,5
2025-01-04 14:55:00,TAS1,120.26,1017.44,14,4,1,5
2025-01-04 14:55:00,VIC1,33.01,5213.14,14,4,1,5
2025-01-04 15:00:00,NSW1,0.0,6890.04,15,4,1,5
2025-01-04 15:00:00,QLD1,-24.9999,5589.49,15,4,1,5
2025-01-04 15:00:00,SA1,0.0,1761.93,15,4,1,5
2025-01-04 15:00:00,TAS1,120.26,1017.3,15,4,1,5
2025-01-04 15:00:00,VIC1,0.0,5327.61,15,4,1,5
2025-01-04 15:05:00,NSW1,12.57671,6949.46,15,4,1,5
2025-01-04 15:05:00,QLD1,-30.75,5653.0,15,4,1,5
2025-01-04 15:05:00,SA1,13.34476,1745.66,15,4,1,5
2025-01-04 15:05:00,TAS1,120.26,1024.09,15,4,1,5
2025-01-04 15:05:00,VIC1,12.0,5378.77,15,4,1,5
2025-01-04 15:10:00,NSW1,48.95152,7091.1,15,4,1,5
2025-01-04 15:10:00,QLD1,-31.0,5606.13,15,4,1,5
2025-01-04 15:10:00,SA1,51.5684,1721.96,15,4,1,5
2025-01-04 15:10:00,TAS1,120.26,1032.25,15,4,1,5
2025-01-04 15:10:00,VIC1,46.99002,5504.78,15,4,1,5
2025-01-04 15:15:00,NSW1,115.98102,7227.01,15,4,1,5
2025-01-04 15:15:00,QLD1,-24.9999,5710.25,15,4,1,5
2025-01-04 15:15:00,SA1,121.4295,1751.68,15,4,1,5
2025-01-04 15:15:00,TAS1,120.26,1046.36,15,4,1,5
2025-01-04 15:15:00,VIC1,111.3782,5539.67,15,4,1,5
2025-01-04 15:20:00,NSW1,109.02298,7334.51,15,4,1,5
2025-01-04 15:20:00,QLD1,-30.75,5701.85,15,4,1,5
2025-01-04 15:20:00,SA1,120.9303,1761.16,15,4,1,5
2025-01-04 15:20:00,TAS1,120.26,1049.97,15,4,1,5
2025-01-04 15:20:00,VIC1,108.21739,5577.06,15,4,1,5
2025-01-04 15:25:00,NSW1,87.49978,7434.4,15,4,1,5
2025-01-04 15:25:00,QLD1,-30.75,5720.22,15,4,1,5
2025-01-04 15:25:00,SA1,103.13003,1823.6,15,4,1,5
2025-01-04 15:25:00,TAS1,122.8677,1052.06,15,4,1,5
2025-01-04 15:25:00,VIC1,89.92194,5639.81,15,4,1,5
2025-01-04 15:30:00,NSW1,85.0,7603.13,15,4,1,5
2025-01-04 15:30:00,QLD1,-30.75,5802.56,15,4,1,5
2025-01-04 15:30:00,SA1,138.0,1879.16,15,4,1,5
2025-01-04 15:30:00,TAS1,122.8677,1062.15,15,4,1,5
2025-01-04 15:30:00,VIC1,89.60577,5694.77,15,4,1,5
2025-01-04 15:35:00,NSW1,105.54028,7777.84,15,4,1,5
2025-01-04 15:35:00,QLD1,-31.11,5801.44,15,4,1,5
2025-01-04 15:35:00,SA1,138.0,1865.53,15,4,1,5
2025-01-04 15:35:00,TAS1,120.26,1066.64,15,4,1,5
2025-01-04 15:35:00,VIC1,111.28847,5771.62,15,4,1,5
2025-01-04 15:40:00,NSW1,129.58946,7890.92,15,4,1,5
2025-01-04 15:40:00,QLD1,-31.11,5905.1,15,4,1,5
2025-01-04 15:40:00,SA1,153.63,1890.03,15,4,1,5
2025-01-04 15:40:00,TAS1,143.85941,1071.16,15,4,1,5
2025-01-04 15:40:00,VIC1,134.51478,5893.85,15,4,1,5
2025-01-04 15:45:00,NSW1,116.79865,8027.42,15,4,1,5
2025-01-04 15:45:00,QLD1,-30.95,5937.19,15,4,1,5
2025-01-04 15:45:00,SA1,138.04,1911.71,15,4,1,5
2025-01-04 15:45:00,TAS1,130.12159,1074.39,15,4,1,5
2025-01-04 15:45:00,VIC1,121.3582,6037.75,15,4,1,5
2025-01-04 15:50:00,NSW1,154.11743,8107.93,15,4,1,5
2025-01-04 15:50:00,QLD1,-25.0,5942.39,15,4,1,5
2025-01-04 15:50:00,SA1,180.9,1908.05,15,4,1,5
2025-01-04 15:50:00,TAS1,163.29429,1076.4,15,4,1,5
2025-01-04 15:50:00,VIC1,160.0,6201.02,15,4,1,5
2025-01-04 15:55:00,NSW1,85.0,8098.76,15,4,1,5
2025-01-04 15:55:00,QLD1,-25.0,6057.2,15,4,1,5
2025-01-04 15:55:00,SA1,137.8,1859.82,15,4,1,5
2025-01-04 15:55:00,TAS1,120.26,1081.37,15,4,1,5
2025-01-04 15:55:00,VIC1,116.21865,6201.47,15,4,1,5
2025-01-04 16:00:00,NSW1,114.14055,8239.96,16,4,1,5
2025-01-04 16:00:00,QLD1,44.95,6088.77,16,4,1,5
2025-01-04 16:00:00,SA1,138.04,1854.7,16,4,1,5
2025-01-04 16:00:00,TAS1,120.28,1057.58,16,4,1,5
2025-01-04 16:00:00,VIC1,121.81378,6336.87,16,4,1,5
2025-01-04 16:05:00,NSW1,57.01013,8279.66,16,4,1,5
2025-01-04 16:05:00,QLD1,-30.75,6159.4,16,4,1,5
2025-01-04 16:05:00,SA1,138.0,1863.68,16,4,1,5
2025-01-04 16:05:00,TAS1,96.60839,1078.77,16,4,1,5
2025-01-04 16:05:00,VIC1,121.26626,6412.75,16,4,1,5
2025-01-04 16:10:00,NSW1,85.0,8387.54,16,4,1,5
2025-01-04 16:10:00,QLD1,-25.0,6135.95,16,4,1,5
2025-01-04 16:10:00,SA1,138.0,1875.51,16,4,1,5
2025-01-04 16:10:00,TAS1,95.08671,1075.87,16,4,1,5
2025-01-04 16:10:00,VIC1,123.48833,6493.48,16,4,1,5
2025-01-04 16:15:00,NSW1,56.5996,8415.02,16,4,1,5
2025-01-04 16:15:00,QLD1,34.75,6287.95,16,4,1,5
2025-01-04 16:15:00,SA1,138.0,1867.6,16,4,1,5
2025-01-04 16:15:00,TAS1,109.65629,1083.45,16,4,1,5
2025-01-04 16:15:00,VIC1,123.28146,6570.31,16,4,1,5
2025-01-04 16:20:00,NSW1,85.62031,8467.08,16,4,1,5
2025-01-04 16:20:00,QLD1,34.75,6342.33,16,4,1,5
2025-01-04 16:20:00,SA1,138.0,1879.04,16,4,1,5
2025-01-04 16:20:00,TAS1,109.59866,1086.87,16,4,1,5
2025-01-04 16:20:00,VIC1,122.11634,6608.71,16,4,1,5
2025-01-04 16:25:00,NSW1,87.5,8544.42,16,4,1,5
2025-01-04 16:25:00,QLD1,-25.0,6341.44,16,4,1,5
2025-01-04 16:25:00,SA1,170.44,1899.96,16,4,1,5
2025-01-04 16:25:00,TAS1,120.26,1097.07,16,4,1,5
2025-01-04 16:25:00,VIC1,147.04249,6706.15,16,4,1,5
2025-01-04 16:30:00,NSW1,136.0734,8621.34,16,4,1,5
2025-01-04 16:30:00,QLD1,-30.75,6428.36,16,4,1,5
2025-01-04 16:30:00,SA1,138.0,1901.23,16,4,1,5
2025-01-04 16:30:00,TAS1,120.28,1100.75,16,4,1,5
2025-01-04 16:30:00,VIC1,137.96,6775.12,16,4,1,5
2025-01-04 16:35:00,NSW1,87.5,8621.45,16,4,1,5
2025-01-04 16:35:00,QLD1,-25.0,6581.56,16,4,1,5
2025-01-04 16:35:00,SA1,138.04,1925.05,16,4,1,5
2025-01-04 16:35:00,TAS1,120.26,1108.46,16,4,1,5
2025-01-04 16:35:00,VIC1,123.0412,6821.69,16,4,1,5
2025-01-04 16:40:00,NSW1,87.5,8694.75,16,4,1,5
2025-01-04 16:40:00,QLD1,-25.0,6510.33,16,4,1,5
2025-01-04 16:40:00,SA1,138.04,1905.78,16,4,1,5
2025-01-04 16:40:00,TAS1,119.26,1091.12,16,4,1,5
2025-01-04 16:40:00,VIC1,121.62856,6898.13,16,4,1,5
2025-01-04 16:45:00,NSW1,76.00017,8723.1,16,4,1,5
2025-01-04 16:45:00,QLD1,44.63,6633.07,16,4,1,5
2025-01-04 16:45:00,SA1,144.86593,1916.21,16,4,1,5
2025-01-04 16:45:00,TAS1,120.26,1089.76,16,4,1,5
2025-01-04 16:45:00,VIC1,128.67998,6941.17,16,4,1,5
2025-01-04 16:50:00,NSW1,76.00017,8819.7,16,4,1,5
2025-01-04 16:50:00,QLD1,44.63,6632.42,16,4,1,5
2025-01-04 16:50:00,SA1,145.12591,1902.7,16,4,1,5
2025-01-04 16:50:00,TAS1,120.26,1082.47,16,4,1,5
2025-01-04 16:50:00,VIC1,129.34473,6948.62,16,4,1,5
2025-01-04 16:55:00,NSW1,39.97672,8807.7,16,4,1,5
2025-01-04 16:55:00,QLD1,-25.0,6813.7,16,4,1,5
2025-01-04 16:55:00,SA1,145.24676,1926.67,16,4,1,5
2025-01-04 16:55:00,TAS1,120.26,1093.89,16,4,1,5
2025-01-04 16:55:00,VIC1,129.01236,6983.65,16,4,1,5
2025-01-04 17:00:00,NSW1,76.00017,8884.17,17,4,1,5
2025-01-04 17:00:00,QLD1,44.95,6879.98,17,4,1,5
2025-01-04 17:00:00,SA1,141.73819,1941.33,17,4,1,5
2025-01-04 17:00:00,TAS1,120.26,1108.46,17,4,1,5
2025-01-04 17:00:00,VIC1,128.01523,7025.47,17,4,1,5
2025-01-04 17:05:00,NSW1,41.04458,8901.92,17,4,1,5
2025-01-04 17:05:00,QLD1,38.17778,6960.48,17,4,1,5
2025-01-04 17:05:00,SA1,138.0,1971.86,17,4,1,5
2025-01-04 17:05:00,TAS1,118.26,1111.31,17,4,1,5
2025-01-04 17:05:00,VIC1,122.96479,7019.24,17,4,1,5
2025-01-04 17:10:00,NSW1,37.48455,8873.49,17,4,1,5
2025-01-04 17:10:00,QLD1,34.75,6808.75,17,4,1,5
2025-01-04 17:10:00,SA1,138.0,1985.54,17,4,1,5
2025-01-04 17:10:00,TAS1,117.50974,1112.26,17,4,1,5
2025-01-04 17:10:00,VIC1,122.37462,7094.51,17,4,1,5
2025-01-04 17:15:00,NSW1,87.5,8864.67,17,4,1,5
2025-01-04 17:15:00,QLD1,81.75136,6929.43,17,4,1,5
2025-01-04 17:15:00,SA1,138.04,2007.95,17,4,1,5
2025-01-04 17:15:00,TAS1,118.26,1123.69,17,4,1,5
2025-01-04 17:15:00,VIC1,122.19769,7140.34,17,4,1,5
2025-01-04 17:20:00,NSW1,93.27052,8887.75,17,4,1,5
2025-01-04 17:20:00,QLD1,86.83004,7049.59,17,4,1,5
2025-01-04 17:20:00,SA1,138.04,2003.75,17,4,1,5
2025-01-04 17:20:00,TAS1,120.16,1128.99,17,4,1,5
2025-01-04 17:20:00,VIC1,124.04508,7209.24,17,4,1,5
2025-01-04 17:25:00,NSW1,85.0,8940.88,17,4,1,5
2025-01-04 17:25:00,QLD1,78.81911,7129.29,17,4,1,5
2025-01-04 17:25:00,SA1,138.23937,2019.77,17,4,1,5
2025-01-04 17:25:00,TAS1,120.16,1132.2,17,4,1,5
2025-01-04 17:25:00,VIC1,123.71298,7203.64,17,4,1,5
2025-01-04 17:30:00,NSW1,85.0,8956.3,17,4,1,5
2025-01-04 17:30:00,QLD1,77.95,7137.2,17,4,1,5
2025-01-04 17:30:00,SA1,141.94265,2042.44,17,4,1,5
2025-01-04 17:30:00,TAS1,120.26,1141.0,17,4,1,5
2025-01-04 17:30:00,VIC1,127.0181,7264.11,17,4,1,5
2025-01-04 17:35:00,NSW1,110.82301,8959.56,17,4,1,5
2025-01-04 17:35:00,QLD1,99.75,7184.27,17,4,1,5
2025-01-04 17:35:00,SA1,138.04,2050.07,17,4,1,5
2025-01-04 17:35:00,TAS1,120.16,1145.61,17,4,1,5
2025-01-04 17:35:00,VIC1,120.96679,7214.03,17,4,1,5
2025-01-04 17:40:00,NSW1,123.24761,8936.87,17,4,1,5
2025-01-04 17:40:00,QLD1,109.73,7245.23,17,4,1,5
2025-01-04 17:40:00,SA1,150.05471,2055.41,17,4,1,5
2025-01-04 17:40:00,TAS1,120.28,1145.84,17,4,1,5
2025-01-04 17:40:00,VIC1,130.69597,7265.61,17,4,1,5
2025-01-04 17:45:00,NSW1,110.78794,8929.36,17,4,1,5
2025-01-04 17:45:00,QLD1,99.95,7266.42,17,4,1,5
2025-01-04 17:45:00,SA1,170.44,2080.23,17,4,1,5
2025-01-04 17:45:00,TAS1,120.28,1151.24,17,4,1,5
2025-01-04 17:45:00,VIC1,130.36354,7212.2,17,4,1,5
2025-01-04 17:50:00,NSW1,108.64162,8931.94,17,4,1,5
2025-01-04 17:50:00,QLD1,99.95,7321.39,17,4,1,5
2025-01-04 17:50:00,SA1,170.44,2072.6,17,4,1,5
2025-01-04 17:50:00,TAS1,125.08,1149.16,17,4,1,5
2025-01-04 17:50:00,VIC1,138.0,7224.1,17,4,1,5
2025-01-04 17:55:00,NSW1,121.50235,8918.5,17,4,1,5
2025-01-04 17:55:00,QLD1,109.73,7339.55,17,4,1,5
2025-01-04 17:55:00,SA1,158.73658,2062.41,17,4,1,5
2025-01-04 17:55:00,TAS1,124.43342,1153.27,17,4,1,5
2025-01-04 17:55:00,VIC1,137.96,7193.37,17,4,1,5
2025-01-04 18:00:00,NSW1,136.97399,8884.98,18,4,1,5
2025-01-04 18:00:00,QLD1,123.92186,7451.1,18,4,1,5
2025-01-04 18:00:00,SA1,175.05,2078.51,18,4,1,5
2025-01-04 18:00:00,TAS1,125.08,1165.51,18,4,1,5
2025-01-04 18:00:00,VIC1,139.02251,7179.4,18,4,1,5
2025-01-04 18:05:00,NSW1,139.10188,8895.07,18,4,1,5
2025-01-04 18:05:00,QLD1,126.56843,7403.31,18,4,1,5
2025-01-04 18:05:00,SA1,170.44,2090.14,18,4,1,5
2025-01-04 18:05:00,TAS1,124.4695,1167.2,18,4,1,5
2025-01-04 18:05:00,VIC1,138.0,7168.39,18,4,1,5
2025-01-04 18:10:00,NSW1,142.32561,8848.65,18,4,1,5
2025-01-04 18:10:00,QLD1,127.78794,7392.66,18,4,1,5
2025-01-04 18:10:00,SA1,170.44,2084.43,18,4,1,5
2025-01-04 18:10:00,TAS1,125.77128,1172.18,18,4,1,5
2025-01-04 18:10:00,VIC1,141.12,7141.7,18,4,1,5
2025-01-04 18:15:00,NSW1,140.74031,8770.27,18,4,1,5
2025-01-04 18:15:00,QLD1,127.80951,7379.82,18,4,1,5
2025-01-04 18:15:00,SA1,170.44,2071.32,18,4,1,5
2025-01-04 18:15:00,TAS1,125.24,1175.09,18,4,1,5
2025-01-04 18:15:00,VIC1,139.54647,7089.35,18,4,1,5
2025-01-04 18:20:00,NSW1,146.69796,8681.5,18,4,1,5
2025-01-04 18:20:00,QLD1,134.94,7458.43,18,4,1,5
2025-01-04 18:20:00,SA1,163.91251,2070.27,18,4,1,5
2025-01-04 18:20:00,TAS1,128.22797,1174.93,18,4,1,5
2025-01-04 18:20:00,VIC1,143.22992,7137.78,18,4,1,5
2025-01-04 18:25:00,NSW1,146.76882,8717.39,18,4,1,5
2025-01-04 18:25:00,QLD1,135.94,7490.19,18,4,1,5
2025-01-04 18:25:00,SA1,159.23448,2034.08,18,4,1,5
2025-01-04 18:25:00,TAS1,126.33891,1180.63,18,4,1,5
2025-01-04 18:25:00,VIC1,141.12,7035.99,18,4,1,5
2025-01-04 18:30:00,NSW1,145.05637,8600.58,18,4,1,5
2025-01-04 18:30:00,QLD1,136.92072,7555.91,18,4,1,5
2025-01-04 18:30:00,SA1,156.65501,2022.0,18,4,1,5
2025-01-04 18:30:00,TAS1,125.24,1193.98,18,4,1,5
2025-01-04 18:30:00,VIC1,140.23875,7020.25,18,4,1,5
2025-01-04 18:35:00,NSW1,140.90935,8624.96,18,4,1,5
2025-01-04 18:35:00,QLD1,135.58856,7617.91,18,4,1,5
2025-01-04 18:35:00,SA1,157.27926,2013.35,18,4,1,5
2025-01-04 18:35:00,TAS1,125.12,1197.33,18,4,1,5
2025-01-04 18:35:00,VIC1,139.41277,7036.8,18,4,1,5
2025-01-04 18:40:00,NSW1,140.57134,8576.1,18,4,1,5
2025-01-04 18:40:00,QLD1,136.20067,7642.95,18,4,1,5
2025-01-04 18:40:00,SA1,155.72504,2015.69,18,4,1,5
2025-01-04 18:40:00,TAS1,124.15997,1192.75,18,4,1,5
2025-01-04 18:40:00,VIC1,138.0,6987.67,18,4,1,5
2025-01-04 18:45:00,NSW1,141.1096,8618.35,18,4,1,5
2025-01-04 18:45:00,QLD1,134.94,7605.74,18,4,1,5
2025-01-04 18:45:00,SA1,157.39772,2020.89,18,4,1,5
2025-01-04 18:45:00,TAS1,125.12,1192.15,18,4,1,5
2025-01-04 18:45:00,VIC1,139.41277,6997.24,18,4,1,5
2025-01-04 18:50:00,NSW1,144.83926,8636.21,18,4,1,5
2025-01-04 18:50:00,QLD1,138.59122,7635.23,18,4,1,5
2025-01-04 18:50:00,SA1,160.39261,2015.93,18,4,1,5
2025-01-04 18:50:00,TAS1,125.77128,1190.16,18,4,1,5
2025-01-04 18:50:00,VIC1,141.12,6972.5,18,4,1,5
2025-01-04 18:55:00,NSW1,159.22026,8666.45,18,4,1,5
2025-01-04 18:55:00,QLD1,147.73,7610.56,18,4,1,5
2025-01-04 18:55:00,SA1,175.40392,2074.94,18,4,1,5
2025-01-04 18:55:00,TAS1,136.57369,1177.48,18,4,1,5
2025-01-04 18:55:00,VIC1,154.34762,6919.41,18,4,1,5
2025-01-04 19:00:00,NSW1,156.35887,8694.38,19,4,1,5
2025-01-04 19:00:00,QLD1,147.73,7549.41,19,4,1,5
2025-01-04 19:00:00,SA1,170.44,2027.41,19,4,1,5
2025-01-04 19:00:00,TAS1,133.78021,1176.66,19,4,1,5
2025-01-04 19:00:00,VIC1,151.1133,6882.71,19,4,1,5
2025-01-04 19:05:00,NSW1,150.97133,8696.96,19,4,1,5
2025-01-04 19:05:00,QLD1,140.89808,7560.31,19,4,1,5
2025-01-04 19:05:00,SA1,165.76,2026.89,19,4,1,5
2025-01-04 19:05:00,TAS1,130.41609,1185.84,19,4,1,5
2025-01-04 19:05:00,VIC1,147.27683,6823.1,19,4,1,5
2025-01-04 19:10:00,NSW1,149.72403,8747.94,19,4,1,5
2025-01-04 19:10:00,QLD1,139.73,7525.57,19,4,1,5
2025-01-04 19:10:00,SA1,165.76175,2032.12,19,4,1,5
2025-01-04 19:10:00,TAS1,129.39655,1188.21,19,4,1,5
2025-01-04 19:10:00,VIC1,146.12963,6782.33,19,4,1,5
2025-01-04 19:15:00,NSW1,158.27948,8760.08,19,4,1,5
2025-01-04 19:15:00,QLD1,147.73,7514.94,19,4,1,5
2025-01-04 19:15:00,SA1,170.83983,2016.32,19,4,1,5
2025-01-04 19:15:00,TAS1,136.87811,1192.01,19,4,1,5
2025-01-04 19:15:00,VIC1,154.31269,6776.73,19,4,1,5
2025-01-04 19:20:00,NSW1,158.36767,8693.15,19,4,1,5
2025-01-04 19:20:00,QLD1,147.73,7511.77,19,4,1,5
2025-01-04 19:20:00,SA1,170.44,2007.35,19,4,1,5
2025-01-04 19:20:00,TAS1,135.99596,1190.89,19,4,1,5
2025-01-04 19:20:00,VIC1,154.05394,6771.95,19,4,1,5
2025-01-04 19:25:00,NSW1,165.74921,8746.88,19,4,1,5
2025-01-04 19:25:00,QLD1,153.83003,7550.72,19,4,1,5
2025-01-04 19:25:00,SA1,178.76105,1993.04,19,4,1,5
2025-01-04 19:25:00,TAS1,141.03068,1186.07,19,4,1,5
2025-01-04 19:25:00,VIC1,160.0,6723.62,19,4,1,5
2025-01-04 19:30:00,NSW1,153.77027,8674.07,19,4,1,5
2025-01-04 19:30:00,QLD1,142.46459,7477.53,19,4,1,5
2025-01-04 19:30:00,SA1,170.44,1993.32,19,4,1,5
2025-01-04 19:30:00,TAS1,133.20222,1186.46,19,4,1,5
2025-01-04 19:30:00,VIC1,150.90268,6664.63,19,4,1,5
2025-01-04 19:35:00,NSW1,163.29272,8726.67,19,4,1,5
2025-01-04 19:35:00,QLD1,152.36592,7554.49,19,4,1,5
2025-01-04 19:35:00,SA1,178.33941,1995.18,19,4,1,5
2025-01-04 19:35:00,TAS1,136.30292,1183.09,19,4,1,5
2025-01-04 19:35:00,VIC1,160.0,6659.08,19,4,1,5
2025-01-04 19:40:00,NSW1,156.52422,8679.94,19,4,1,5
2025-01-04 19:40:00,QLD1,146.86055,7497.57,19,4,1,5
2025-01-04 19:40:00,SA1,170.44,1955.32,19,4,1,5
2025-01-04 19:40:00,TAS1,129.36723,1176.05,19,4,1,5
2025-01-04 19:40:00,VIC1,153.21365,6630.57,19,4,1,5
2025-01-04 19:45:00,NSW1,151.71042,8700.8,19,4,1,5
2025-01-04 19:45:00,QLD1,141.34512,7452.23,19,4,1,5
2025-01-04 19:45:00,SA1,167.22401,1961.61,19,4,1,5
2025-01-04 19:45:00,TAS1,127.14,1184.47,19,4,1,5
2025-01-04 19:45:00,VIC1,148.58618,6564.07,19,4,1,5
2025-01-04 19:50:00,NSW1,142.62001,8673.23,19,4,1,5
2025-01-04 19:50:00,QLD1,133.5,7394.53,19,4,1,5
2025-01-04 19:50:00,SA1,158.53671,1959.35,19,4,1,5
2025-01-04 19:50:00,TAS1,124.61215,1172.66,19,4,1,5
2025-01-04 19:50:00,VIC1,140.79734,6528.12,19,4,1,5
2025-01-04 19:55:00,NSW1,145.66257,8692.97,19,4,1,5
2025-01-04 19:55:00,QLD1,134.62067,7372.09,19,4,1,5
2025-01-04 19:55:00,SA1,157.9581,1975.28,19,4,1,5
2025-01-04 19:55:00,TAS1,125.12,1174.68,19,4,1,5
2025-01-04 19:55:00,VIC1,141.71459,6513.2,19,4,1,5
2025-01-04 20:00:00,NSW1,148.0,8646.52,20,4,1,5
2025-01-04 20:00:00,QLD1,137.65259,7395.11,20,4,1,5
2025-01-04 20:00:00,SA1,158.45527,1956.42,20,4,1,5
2025-01-04 20:00:00,TAS1,127.14,1177.89,20,4,1,5
2025-01-04 20:00:00,VIC1,144.93465,6476.63,20,4,1,5
2025-01-04 20:05:00,NSW1,148.0,8639.11,20,4,1,5
2025-01-04 20:05:00,QLD1,133.99919,7300.82,20,4,1,5
2025-01-04 20:05:00,SA1,163.13421,1949.04,20,4,1,5
2025-01-04 20:05:00,TAS1,129.21524,1187.73,20,4,1,5
2025-01-04 20:05:00,VIC1,147.15043,6416.77,20,4,1,5
2025-01-04 20:10:00,NSW1,144.60404,8596.58,20,4,1,5
2025-01-04 20:10:00,QLD1,133.5,7360.18,20,4,1,5
2025-01-04 20:10:00,SA1,160.2835,1947.6,20,4,1,5
2025-01-04 20:10:00,TAS1,126.88798,1199.23,20,4,1,5
2025-01-04 20:10:00,VIC1,143.80086,6368.13,20,4,1,5
2025-01-04 20:15:00,NSW1,144.76075,8591.31,20,4,1,5
2025-01-04 20:15:00,QLD1,133.5,7304.49,20,4,1,5
2025-01-04 20:15:00,SA1,158.25717,1931.18,20,4,1,5
2025-01-04 20:15:00,TAS1,125.24,1191.78,20,4,1,5
2025-01-04 20:15:00,VIC1,141.98291,6348.15,20,4,1,5
2025-01-04 20:20:00,NSW1,144.98315,8475.49,20,4,1,5
2025-01-04 20:20:00,QLD1,133.5,7283.31,20,4,1,5
2025-01-04 20:20:00,SA1,162.69068,1944.92,20,4,1,5
2025-01-04 20:20:00,TAS1,125.46471,1178.73,20,4,1,5
2025-01-04 20:20:00,VIC1,143.10378,6281.56,20,4,1,5
2025-01-04 20:25:00,NSW1,148.0,8466.6,20,4,1,5
2025-01-04 20:25:00,QLD1,135.94,7263.71,20,4,1,5
2025-01-04 20:25:00,SA1,166.35604,1953.78,20,4,1,5
2025-01-04 20:25:00,TAS1,128.37154,1182.12,20,4,1,5
2025-01-04 20:25:00,VIC1,146.18387,6252.86,20,4,1,5
2025-01-04 20:30:00,NSW1,138.72557,8392.55,20,4,1,5
2025-01-04 20:30:00,QLD1,129.29535,7298.8,20,4,1,5
2025-01-04 20:30:00,SA1,156.4795,1940.27,20,4,1,5
2025-01-04 20:30:00,TAS1,122.06245,1178.51,20,4,1,5
2025-01-04 20:30:00,VIC1,138.0,6208.85,20,4,1,5
2025-01-04 20:35:00,NSW1,137.15075,8352.05,20,4,1,5
2025-01-04 20:35:00,QLD1,126.01488,7210.56,20,4,1,5
2025-01-04 20:35:00,SA1,152.97907,1933.21,20,4,1,5
2025-01-04 20:35:00,TAS1,120.28,1168.02,20,4,1,5
2025-01-04 20:35:00,VIC1,135.32952,6171.47,20,4,1,5
2025-01-04 20:40:00,NSW1,146.26349,8301.1,20,4,1,5
2025-01-04 20:40:00,QLD1,133.5,7206.39,20,4,1,5
2025-01-04 20:40:00,SA1,160.42591,1939.73,20,4,1,5
2025-01-04 20:40:00,TAS1,125.12,1158.49,20,4,1,5
2025-01-04 20:40:00,VIC1,141.71459,6116.13,20,4,1,5
2025-01-04 20:45:00,NSW1,141.97948,8293.76,20,4,1,5
2025-01-04 20:45:00,QLD1,128.71813,7175.58,20,4,1,5
2025-01-04 20:45:00,SA1,155.20908,1938.18,20,4,1,5
2025-01-04 20:45:00,TAS1,122.08073,1152.3,20,4,1,5
2025-01-04 20:45:00,VIC1,138.0,6107.69,20,4,1,5
2025-01-04 20:50:00,NSW1,137.42825,8233.51,20,4,1,5
2025-01-04 20:50:00,QLD1,124.52095,7162.43,20,4,1,5
2025-01-04 20:50:00,SA1,152.7004,1933.47,20,4,1,5
2025-01-04 20:50:00,TAS1,120.28,1153.79,20,4,1,5
2025-01-04 20:50:00,VIC1,135.66195,6049.89,20,4,1,5
2025-01-04 20:55:00,NSW1,139.91211,8195.14,20,4,1,5
2025-01-04 20:55:00,QLD1,126.77458,7177.93,20,4,1,5
2025-01-04 20:55:00,SA1,155.81081,1919.44,20,4,1,5
2025-01-04 20:55:00,TAS1,122.3806,1152.27,20,4,1,5
2025-01-04 20:55:00,VIC1,138.0,6018.45,20,4,1,5
2025-01-04 21:00:00,NSW1,133.47659,8212.34,21,4,1,5
2025-01-04 21:00:00,QLD1,119.20607,7057.77,21,4,1,5
2025-01-04 21:00:00,SA1,150.03189,1920.04,21,4,1,5
2025-01-04 21:00:00,TAS1,120.26,1151.57,21,4,1,5
2025-01-04 21:00:00,VIC1,132.72,5942.82,21,4,1,5
2025-01-04 21:05:00,NSW1,129.36434,8118.36,21,4,1,5
2025-01-04 21:05:00,QLD1,115.43326,7063.05,21,4,1,5
2025-01-04 21:05:00,SA1,147.38475,1928.71,21,4,1,5
2025-01-04 21:05:00,TAS1,120.26,1148.4,21,4,1,5
2025-01-04 21:05:00,VIC1,130.67424,5842.83,21,4,1,5
2025-01-04 21:10:00,NSW1,132.19317,8114.7,21,4,1,5
2025-01-04 21:10:00,QLD1,119.56995,7124.57,21,4,1,5
2025-01-04 21:10:00,SA1,149.18546,1928.11,21,4,1,5
2025-01-04 21:10:00,TAS1,120.26,1134.86,21,4,1,5
2025-01-04 21:10:00,VIC1,132.33612,5839.29,21,4,1,5
2025-01-04 21:15:00,NSW1,132.37397,8143.77,21,4,1,5
2025-01-04 21:15:00,QLD1,121.41026,7184.4,21,4,1,5
2025-01-04 21:15:00,SA1,146.99726,1889.72,21,4,1,5
2025-01-04 21:15:00,TAS1,120.26,1128.09,21,4,1,5
2025-01-04 21:15:00,VIC1,131.33899,5796.91,21,4,1,5
2025-01-04 21:20:00,NSW1,128.93045,8120.93,21,4,1,5
2025-01-04 21:20:00,QLD1,117.45614,7155.83,21,4,1,5
2025-01-04 21:20:00,SA1,146.2271,1904.03,21,4,1,5
2025-01-04 21:20:00,TAS1,120.26,1122.42,21,4,1,5
2025-01-04 21:20:00,VIC1,130.0,5715.75,21,4,1,5
2025-01-04 21:25:00,NSW1,129.01687,8049.82,21,4,1,5
2025-01-04 21:25:00,QLD1,119.05126,7212.1,21,4,1,5
2025-01-04 21:25:00,SA1,146.19303,1896.97,21,4,1,5
2025-01-04 21:25:00,TAS1,120.26,1128.09,21,4,1,5
2025-01-04 21:25:00,VIC1,130.0,5687.37,21,4,1,5
2025-01-04 21:30:00,NSW1,123.06925,8019.69,21,4,1,5
2025-01-04 21:30:00,QLD1,112.75,7177.25,21,4,1,5
2025-01-04 21:30:00,SA1,138.98477,1862.83,21,4,1,5
2025-01-04 21:30:00,TAS1,117.73192,1124.29,21,4,1,5
2025-01-04 21:30:00,VIC1,124.67355,5665.32,21,4,1,5
2025-01-04 21:35:00,NSW1,123.28307,8030.1,21,4,1,5
2025-01-04 21:35:00,QLD1,112.75,7087.06,21,4,1,5
2025-01-04 21:35:00,SA1,139.0,1861.13,21,4,1,5
2025-01-04 21:35:00,TAS1,118.07077,1121.55,21,4,1,5
2025-01-04 21:35:00,VIC1,124.70603,5601.36,21,4,1,5
2025-01-04 21:40:00,NSW1,125.00049,8005.2,21,4,1,5
2025-01-04 21:40:00,QLD1,115.77778,7118.09,21,4,1,5
2025-01-04 21:40:00,SA1,138.04,1835.35,21,4,1,5
2025-01-04 21:40:00,TAS1,117.94611,1116.51,21,4,1,5
2025-01-04 21:40:00,VIC1,124.57438,5548.84,21,4,1,5
2025-01-04 21:45:00,NSW1,128.08053,8035.12,21,4,1,5
2025-01-04 21:45:00,QLD1,118.62852,7107.67,21,4,1,5
2025-01-04 21:45:00,SA1,138.04,1812.66,21,4,1,5
2025-01-04 21:45:00,TAS1,118.26,1107.35,21,4,1,5
2025-01-04 21:45:00,VIC1,125.52583,5524.55,21,4,1,5
2025-01-04 21:50:00,NSW1,123.46298,8005.78,21,4,1,5
2025-01-04 21:50:00,QLD1,112.75,7034.58,21,4,1,5
2025-01-04 21:50:00,SA1,138.0,1808.06,21,4,1,5
2025-01-04 21:50:00,TAS1,116.68601,1097.92,21,4,1,5
2025-01-04 21:50:00,VIC1,122.92107,5442.99,21,4,1,5
2025-01-04 21:55:00,NSW1,120.00326,7942.77,21,4,1,5
2025-01-04 21:55:00,QLD1,110.83003,7011.76,21,4,1,5
2025-01-04 21:55:00,SA1,135.38259,1791.38,21,4,1,5
2025-01-04 21:55:00,TAS1,113.32495,1099.74,21,4,1,5
2025-01-04 21:55:00,VIC1,119.38072,5407.49,21,4,1,5
2025-01-04 22:00:00,NSW1,119.08603,7906.97,22,4,1,5
2025-01-04 22:00:00,QLD1,112.75,7038.94,22,4,1,5
2025-01-04 22:00:00,SA1,133.80166,1784.39,22,4,1,5
2025-01-04 22:00:00,TAS1,111.58381,1092.86,22,4,1,5
2025-01-04 22:00:00,VIC1,117.54669,5359.57,22,4,1,5
2025-01-04 22:05:00,NSW1,134.04305,7842.26,22,4,1,5
2025-01-04 22:05:00,QLD1,133.90405,6954.09,22,4,1,5
2025-01-04 22:05:00,SA1,141.56622,1789.68,22,4,1,5
2025-01-04 22:05:00,TAS1,120.26,1100.23,22,4,1,5
2025-01-04 22:05:00,VIC1,128.34761,5272.87,22,4,1,5
2025-01-04 22:10:00,NSW1,133.0512,7813.06,22,4,1,5
2025-01-04 22:10:00,QLD1,133.5,6891.49,22,4,1,5
2025-01-04 22:10:00,SA1,139.0,1758.82,22,4,1,5
2025-01-04 22:10:00,TAS1,120.26,1101.13,22,4,1,5
2025-01-04 22:10:00,VIC1,127.58267,5273.68,22,4,1,5
2025-01-04 22:15:00,NSW1,132.6814,7810.24,22,4,1,5
2025-01-04 22:15:00,QLD1,133.8172,6839.23,22,4,1,5
2025-01-04 22:15:00,SA1,138.04,1727.9,22,4,1,5
2025-01-04 22:15:00,TAS1,120.26,1093.17,22,4,1,5
2025-01-04 22:15:00,VIC1,127.4013,5286.64,22,4,1,5
2025-01-04 22:20:00,NSW1,122.08423,7719.85,22,4,1,5
2025-01-04 22:20:00,QLD1,122.95,6785.22,22,4,1,5
2025-01-04 22:20:00,SA1,134.40411,1740.12,22,4,1,5
2025-01-04 22:20:00,TAS1,117.26,1091.95,22,4,1,5
2025-01-04 22:20:00,VIC1,120.13675,5204.23,22,4,1,5
2025-01-04 22:25:00,NSW1,109.55767,7671.52,22,4,1,5
2025-01-04 22:25:00,QLD1,110.83003,6726.7,22,4,1,5
2025-01-04 22:25:00,SA1,121.83688,1729.49,22,4,1,5
2025-01-04 22:25:00,TAS1,107.71746,1084.03,22,4,1,5
2025-01-04 22:25:00,VIC1,108.5898,5192.28,22,4,1,5
2025-01-04 22:30:00,NSW1,100.73444,7663.44,22,4,1,5
2025-01-04 22:30:00,QLD1,103.01052,6661.54,22,4,1,5
2025-01-04 22:30:00,SA1,110.29066,1714.55,22,4,1,5
2025-01-04 22:30:00,TAS1,97.17897,1082.66,22,4,1,5
2025-01-04 22:30:00,VIC1,99.0,5193.05,22,4,1,5
2025-01-04 22:35:00,NSW1,122.20956,7623.18,22,4,1,5
2025-01-04 22:35:00,QLD1,121.18805,6670.77,22,4,1,5
2025-01-04 22:35:00,SA1,138.0,1719.28,22,4,1,5
2025-01-04 22:35:00,TAS1,120.16,1074.95,22,4,1,5
2025-01-04 22:35:00,VIC1,122.0659,5120.27,22,4,1,5
2025-01-04 22:40:00,NSW1,121.69137,7573.99,22,4,1,5
2025-01-04 22:40:00,QLD1,119.01631,6595.02,22,4,1,5
2025-01-04 22:40:00,SA1,138.0,1714.55,22,4,1,5
2025-01-04 22:40:00,TAS1,118.94206,1075.54,22,4,1,5
2025-01-04 22:40:00,VIC1,122.47785,5105.43,22,4,1,5
2025-01-04 22:45:00,NSW1,124.81066,7631.28,22,4,1,5
2025-01-04 22:45:00,QLD1,121.25582,6542.83,22,4,1,5
2025-01-04 22:45:00,SA1,138.0,1690.19,22,4,1,5
2025-01-04 22:45:00,TAS1,120.26,1068.09,22,4,1,5
2025-01-04 22:45:00,VIC1,123.45784,5073.85,22,4,1,5
2025-01-04 22:50:00,NSW1,121.88943,7576.29,22,4,1,5
2025-01-04 22:50:00,QLD1,118.36451,6535.73,22,4,1,5
2025-01-04 22:50:00,SA1,138.0,1681.37,22,4,1,5
2025-01-04 22:50:00,TAS1,120.26,1063.74,22,4,1,5
2025-01-04 22:50:00,VIC1,121.45176,5038.2,22,4,1,5
2025-01-04 22:55:00,NSW1,120.52935,7523.42,22,4,1,5
2025-01-04 22:55:00,QLD1,117.79399,6563.79,22,4,1,5
2025-01-04 22:55:00,SA1,138.0,1687.28,22,4,1,5
2025-01-04 22:55:00,TAS1,117.97939,1059.89,22,4,1,5
2025-01-04 22:55:00,VIC1,121.02272,5012.51,22,4,1,5
2025-01-04 23:00:00,NSW1,111.0017,7481.85,23,4,1,5
2025-01-04 23:00:00,QLD1,109.73,6526.44,23,4,1,5
2025-01-04 23:00:00,SA1,128.76583,1680.62,23,4,1,5
2025-01-04 23:00:00,TAS1,109.71261,1058.87,23,4,1,5
2025-01-04 23:00:00,VIC1,112.24019,4997.89,23,4,1,5
2025-01-04 23:05:00,NSW1,100.47672,7395.72,23,4,1,5
2025-01-04 23:05:00,QLD1,99.75,6459.82,23,4,1,5
2025-01-04 23:05:00,SA1,138.04,1692.54,23,4,1,5
2025-01-04 23:05:00,TAS1,118.26,1043.62,23,4,1,5
2025-01-04 23:05:00,VIC1,121.96424,4962.6,23,4,1,5
2025-01-04 23:10:00,NSW1,93.41588,7367.13,23,4,1,5
2025-01-04 23:10:00,QLD1,93.83012,6453.41,23,4,1,5
2025-01-04 23:10:00,SA1,142.06382,1658.18,23,4,1,5
2025-01-04 23:10:00,TAS1,120.26,1049.75,23,4,1,5
2025-01-04 23:10:00,VIC1,128.01523,5081.95,23,4,1,5
2025-01-04 23:15:00,NSW1,92.78572,7292.62,23,4,1,5
2025-01-04 23:15:00,QLD1,93.83012,6515.09,23,4,1,5
2025-01-04 23:15:00,SA1,140.50508,1644.29,23,4,1,5
2025-01-04 23:15:00,TAS1,120.26,1053.28,23,4,1,5
2025-01-04 23:15:00,VIC1,128.01523,5107.1,23,4,1,5
2025-01-04 23:20:00,NSW1,85.00018,7306.62,23,4,1,5
2025-01-04 23:20:00,QLD1,86.63,6421.48,23,4,1,5
2025-01-04 23:20:00,SA1,146.6055,1624.65,23,4,1,5
2025-01-04 23:20:00,TAS1,125.08,1063.09,23,4,1,5
2025-01-04 23:20:00,VIC1,134.52844,5094.6,23,4,1,5
2025-01-04 23:25:00,NSW1,87.4999,7241.67,23,4,1,5
2025-01-04 23:25:00,QLD1,89.93217,6439.99,23,4,1,5
2025-01-04 23:25:00,SA1,140.29147,1657.74,23,4,1,5
2025-01-04 23:25:00,TAS1,120.26,1060.77,23,4,1,5
2025-01-04 23:25:00,VIC1,129.01236,5084.57,23,4,1,5
2025-01-04 23:30:00,NSW1,90.89,7227.77,23,4,1,5
2025-01-04 23:30:00,QLD1,93.30667,6378.6,23,4,1,5
2025-01-04 23:30:00,SA1,138.04,1653.14,23,4,1,5
2025-01-04 23:30:00,TAS1,120.26,1057.59,23,4,1,5
2025-01-04 23:30:00,VIC1,127.27107,5050.95,23,4,1,5
2025-01-04 23:35:00,NSW1,87.5001,7178.38,23,4,1,5
2025-01-04 23:35:00,QLD1,89.16389,6331.69,23,4,1,5
2025-01-04 23:35:00,SA1,138.04,1660.17,23,4,1,5
2025-01-04 23:35:00,TAS1,120.26,1047.34,23,4,1,5
2025-01-04 23:35:00,VIC1,126.59927,4988.26,23,4,1,5
2025-01-04 23:40:00,NSW1,93.20185,7182.44,23,4,1,5
2025-01-04 23:40:00,QLD1,93.83006,6341.97,23,4,1,5
2025-01-04 23:40:00,SA1,138.04,1671.33,23,4,1,5
2025-01-04 23:40:00,TAS1,120.26,1050.75,23,4,1,5
2025-01-04 23:40:00,VIC1,126.00953,4985.21,23,4,1,5
2025-01-04 23:45:00,NSW1,89.18472,7150.3,23,4,1,5
2025-01-04 23:45:00,QLD1,89.73,6316.65,23,4,1,5
2025-01-04 23:45:00,SA1,138.0,1639.26,23,4,1,5
2025-01-04 23:45:00,TAS1,120.26,1049.19,23,4,1,5
2025-01-04 23:45:00,VIC1,125.11582,4915.3,23,4,1,5
2025-01-04 23:50:00,NSW1,95.02681,7144.49,23,4,1,5
2025-01-04 23:50:00,QLD1,93.83006,6300.28,23,4,1,5
2025-01-04 23:50:00,SA1,138.0,1634.56,23,4,1,5
2025-01-04 23:50:00,TAS1,120.26,1049.89,23,4,1,5
2025-01-04 23:50:00,VIC1,124.78345,4863.34,23,4,1,5
2025-01-04 23:55:00,NSW1,101.69226,7081.24,23,4,1,5
2025-01-04 23:55:00,QLD1,99.75,6296.18,23,4,1,5
2025-01-04 23:55:00,SA1,138.0,1619.63,23,4,1,5
2025-01-04 23:55:00,TAS1,119.42847,1051.75,23,4,1,5
2025-01-04 23:55:00,VIC1,123.86561,4818.64,23,4,1,5
2025-01-05 00:00:00,NSW1,96.90215,7102.03,0,5,1,6
2025-01-05 00:00:00,QLD1,93.83012,6252.4,0,5,1,6
2025-01-05 00:00:00,SA1,137.11448,1609.75,0,5,1,6
2025-01-05 00:00:00,TAS1,118.26,1048.37,0,5,1,6
2025-01-05 00:00:00,VIC1,122.69886,4797.44,0,5,1,6
2025-01-05 00:05:00,NSW1,95.21625,7006.44,0,5,1,6
2025-01-05 00:05:00,QLD1,93.83006,6244.17,0,5,1,6
2025-01-05 00:05:00,SA1,138.0,1602.09,0,5,1,6
2025-01-05 00:05:00,TAS1,120.26,1046.9,0,5,1,6
2025-01-05 00:05:00,VIC1,124.39734,4814.64,0,5,1,6
2025-01-05 00:10:00,NSW1,87.71468,7012.49,0,5,1,6
2025-01-05 00:10:00,QLD1,86.82992,6156.52,0,5,1,6
2025-01-05 00:10:00,SA1,120.97216,1620.86,0,5,1,6
2025-01-05 00:10:00,TAS1,103.50637,1040.43,0,5,1,6
2025-01-05 00:10:00,VIC1,107.32128,4718.25,0,5,1,6
2025-01-05 00:15:00,NSW1,85.0,6955.98,0,5,1,6
2025-01-05 00:15:00,QLD1,84.43617,6037.87,0,5,1,6
2025-01-05 00:15:00,SA1,123.86139,1619.92,0,5,1,6
2025-01-05 00:15:00,TAS1,106.00576,1037.77,0,5,1,6
2025-01-05 00:15:00,VIC1,109.87523,4709.06,0,5,1,6
2025-01-05 00:20:00,NSW1,86.27923,6850.82,0,5,1,6
2025-01-05 00:20:00,QLD1,86.83,6131.04,0,5,1,6
2025-01-05 00:20:00,SA1,120.9746,1612.56,0,5,1,6
2025-01-05 00:20:00,TAS1,104.24545,1037.62,0,5,1,6
2025-01-05 00:20:00,VIC1,108.03025,4674.34,0,5,1,6
2025-01-05 00:25:00,NSW1,85.80386,6815.97,0,5,1,6
2025-01-05 00:25:00,QLD1,86.83004,6107.16,0,5,1,6
2025-01-05 00:25:00,SA1,121.54093,1610.42,0,5,1,6
2025-01-05 00:25:00,TAS1,104.66842,1048.35,0,5,1,6
2025-01-05 00:25:00,VIC1,108.48134,4640.82,0,5,1,6
2025-01-05 00:30:00,NSW1,85.0,6819.27,0,5,1,6
2025-01-05 00:30:00,QLD1,86.83004,6024.04,0,5,1,6
2025-01-05 00:30:00,SA1,123.57188,1613.24,0,5,1,6
2025-01-05 00:30:00,TAS1,119.26,1047.0,0,5,1,6
2025-01-05 00:30:00,VIC1,110.5739,4590.82,0,5,1,6
2025-01-05 00:35:00,NSW1,87.10619,6781.31,0,5,1,6
2025-01-05 00:35:00,QLD1,86.83004,5963.18,0,5,1,6
2025-01-05 00:35:00,SA1,125.01,1596.27,0,5,1,6
2025-01-05 00:35:00,TAS1,118.26,1037.8,0,5,1,6
2025-01-05 00:35:00,VIC1,113.83702,4586.85,0,5,1,6
2025-01-05 00:40:00,NSW1,87.5,6749.22,0,5,1,6
2025-01-05 00:40:00,QLD1,86.83004,5985.07,0,5,1,6
2025-01-05 00:40:00,SA1,125.01,1588.96,0,5,1,6
2025-01-05 00:40:00,TAS1,116.61233,1029.4,0,5,1,6
2025-01-05 00:40:00,VIC1,114.63661,4582.0,0,5,1,6
2025-01-05 00:45:00,NSW1,87.66854,6671.18,0,5,1,6
2025-01-05 00:45:00,QLD1,86.83004,5984.73,0,5,1,6
2025-01-05 00:45:00,SA1,115.41452,1579.53,0,5,1,6
2025-01-05 00:45:00,TAS1,106.7812,1004.02,0,5,1,6
2025-01-05 00:45:00,VIC1,106.18978,4542.51,0,5,1,6
2025-01-05 00:50:00,NSW1,91.22168,6694.35,0,5,1,6
2025-01-05 00:50:00,QLD1,89.73,5949.41,0,5,1,6
2025-01-05 00:50:00,SA1,104.07353,1574.44,0,5,1,6
2025-01-05 00:50:00,TAS1,95.2495,1006.5,0,5,1,6
2025-01-05 00:50:00,VIC1,94.77157,4516.2,0,5,1,6
2025-01-05 00:55:00,NSW1,87.4999,6637.82,0,5,1,6
2025-01-05 00:55:00,QLD1,86.83004,5923.16,0,5,1,6
2025-01-05 00:55:00,SA1,99.44,1572.46,0,5,1,6
2025-01-05 00:55:00,TAS1,90.58637,1001.94,0,5,1,6
2025-01-05 00:55:00,VIC1,90.21175,4477.36,0,5,1,6
2025-01-05 01:00:00,NSW1,87.4999,6645.31,1,5,1,6
2025-01-05 01:00:00,QLD1,86.83004,5935.24,1,5,1,6
2025-01-05 01:00:00,SA1,97.79193,1575.21,1,5,1,6
2025-01-05 01:00:00,TAS1,90.22,1007.99,1,5,1,6
2025-01-05 01:00:00,VIC1,88.98591,4431.97,1,5,1,6
2025-01-05 01:05:00,NSW1,87.88375,6574.57,1,5,1,6
2025-01-05 01:05:00,QLD1,86.83004,5902.42,1,5,1,6
2025-01-05 01:05:00,SA1,116.86872,1567.43,1,5,1,6
2025-01-05 01:05:00,TAS1,109.52942,1006.01,1,5,1,6
2025-01-05 01:05:00,VIC1,106.03164,4428.33,1,5,1,6
2025-01-05 01:10:00,NSW1,87.84567,6586.51,1,5,1,6
2025-01-05 01:10:00,QLD1,86.83004,5937.69,1,5,1,6
2025-01-05 01:10:00,SA1,105.44,1568.78,1,5,1,6
2025-01-05 01:10:00,TAS1,99.55228,1009.85,1,5,1,6
2025-01-05 01:10:00,VIC1,96.37312,4419.42,1,5,1,6
2025-01-05 01:15:00,NSW1,94.1059,6580.64,1,5,1,6
2025-01-05 01:15:00,QLD1,94.20269,5939.28,1,5,1,6
2025-01-05 01:15:00,SA1,105.44,1534.1,1,5,1,6
2025-01-05 01:15:00,TAS1,99.23005,1010.77,1,5,1,6
2025-01-05 01:15:00,VIC1,96.06117,4347.19,1,5,1,6
2025-01-05 01:20:00,NSW1,88.75813,6527.54,1,5,1,6
2025-01-05 01:20:00,QLD1,88.71056,5870.55,1,5,1,6
2025-01-05 01:20:00,SA1,99.44,1534.33,1,5,1,6
2025-01-05 01:20:00,TAS1,93.34707,1011.94,1,5,1,6
2025-01-05 01:20:00,VIC1,90.59956,4339.18,1,5,1,6
2025-01-05 01:25:00,NSW1,87.4999,6493.07,1,5,1,6
2025-01-05 01:25:00,QLD1,87.99892,5900.57,1,5,1,6
2025-01-05 01:25:00,SA1,95.92109,1522.66,1,5,1,6
2025-01-05 01:25:00,TAS1,90.3059,1008.07,1,5,1,6
2025-01-05 01:25:00,VIC1,87.87496,4309.5,1,5,1,6
2025-01-05 01:30:00,NSW1,92.65909,6510.73,1,5,1,6
2025-01-05 01:30:00,QLD1,93.83006,5967.15,1,5,1,6
2025-01-05 01:30:00,SA1,100.30434,1535.17,1,5,1,6
2025-01-05 01:30:00,TAS1,94.87327,1007.06,1,5,1,6
2025-01-05 01:30:00,VIC1,92.31938,4306.45,1,5,1,6
2025-01-05 01:35:00,NSW1,98.58509,6425.46,1,5,1,6
2025-01-05 01:35:00,QLD1,97.98536,5944.77,1,5,1,6
2025-01-05 01:35:00,SA1,105.80478,1515.84,1,5,1,6
2025-01-05 01:35:00,TAS1,105.16494,1011.92,1,5,1,6
2025-01-05 01:35:00,VIC1,99.0,4267.98,1,5,1,6
2025-01-05 01:40:00,NSW1,99.41502,6396.19,1,5,1,6
2025-01-05 01:40:00,QLD1,98.83078,5974.69,1,5,1,6
2025-01-05 01:40:00,SA1,105.44,1504.47,1,5,1,6
2025-01-05 01:40:00,TAS1,105.16494,986.39,1,5,1,6
2025-01-05 01:40:00,VIC1,99.0,4244.74,1,5,1,6
2025-01-05 01:45:00,NSW1,100.21393,6377.75,1,5,1,6
2025-01-05 01:45:00,QLD1,99.54355,5951.37,1,5,1,6
2025-01-05 01:45:00,SA1,105.44,1500.44,1,5,1,6
2025-01-05 01:45:00,TAS1,105.4285,1002.17,1,5,1,6
2025-01-05 01:45:00,VIC1,99.0,4213.28,1,5,1,6
2025-01-05 01:50:00,NSW1,101.02012,6394.12,1,5,1,6
2025-01-05 01:50:00,QLD1,99.66259,5906.0,1,5,1,6
2025-01-05 01:50:00,SA1,105.44,1495.04,1,5,1,6
2025-01-05 01:50:00,TAS1,106.25206,994.77,1,5,1,6
2025-01-05 01:50:00,VIC1,99.0,4217.31,1,5,1,6
2025-01-05 01:55:00,NSW1,94.59229,6312.39,1,5,1,6
2025-01-05 01:55:00,QLD1,93.83006,5900.74,1,5,1,6
2025-01-05 01:55:00,SA1,98.47936,1470.99,1,5,1,6
2025-01-05 01:55:00,TAS1,99.88584,996.16,1,5,1,6
2025-01-05 01:55:00,VIC1,92.57518,4171.29,1,5,1,6
2025-01-05 02:00:00,NSW1,87.4999,6295.64,2,5,1,6
2025-01-05 02:00:00,QLD1,87.85358,5919.35,2,5,1,6
2025-01-05 02:00:00,SA1,90.59513,1482.27,2,5,1,6
2025-01-05 02:00:00,TAS1,91.58173,996.35,2,5,1,6
2025-01-05 02:00:00,VIC1,85.04648,4128.08,2,5,1,6
2025-01-05 02:05:00,NSW1,89.38553,6306.81,2,5,1,6
2025-01-05 02:05:00,QLD1,89.73,5905.68,2,5,1,6
2025-01-05 02:05:00,SA1,91.73572,1467.4,2,5,1,6
2025-01-05 02:05:00,TAS1,98.5713,994.97,2,5,1,6
2025-01-05 02:05:00,VIC1,86.79359,4146.74,2,5,1,6
2025-01-05 02:10:00,NSW1,94.6683,6321.42,2,5,1,6
2025-01-05 02:10:00,QLD1,93.83006,5862.88,2,5,1,6
2025-01-05 02:10:00,SA1,98.50511,1460.04,2,5,1,6
2025-01-05 02:10:00,TAS1,109.66636,1002.22,2,5,1,6
2025-01-05 02:10:00,VIC1,92.59976,4134.06,2,5,1,6
2025-01-05 02:15:00,NSW1,88.85187,6310.0,2,5,1,6
2025-01-05 02:15:00,QLD1,86.83004,5760.67,2,5,1,6
2025-01-05 02:15:00,SA1,93.08705,1458.63,2,5,1,6
2025-01-05 02:15:00,TAS1,97.66821,1007.09,2,5,1,6
2025-01-05 02:15:00,VIC1,87.53666,4118.29,2,5,1,6
2025-01-05 02:20:00,NSW1,95.97972,6304.96,2,5,1,6
2025-01-05 02:20:00,QLD1,93.83006,5796.16,2,5,1,6
2025-01-05 02:20:00,SA1,98.85248,1444.73,2,5,1,6
2025-01-05 02:20:00,TAS1,106.80126,1001.59,2,5,1,6
2025-01-05 02:20:00,VIC1,93.71872,4156.43,2,5,1,6
2025-01-05 02:25:00,NSW1,91.81837,6282.77,2,5,1,6
2025-01-05 02:25:00,QLD1,89.73,5765.95,2,5,1,6
2025-01-05 02:25:00,SA1,93.87373,1435.18,2,5,1,6
2025-01-05 02:25:00,TAS1,101.49872,999.45,2,5,1,6
2025-01-05 02:25:00,VIC1,89.61829,4130.18,2,5,1,6
2025-01-05 02:30:00,NSW1,87.5001,6276.62,2,5,1,6
2025-01-05 02:30:00,QLD1,86.63,5691.81,2,5,1,6
2025-01-05 02:30:00,SA1,87.8653,1438.32,2,5,1,6
2025-01-05 02:30:00,TAS1,93.94064,1002.16,2,5,1,6
2025-01-05 02:30:00,VIC1,84.10403,4103.02,2,5,1,6
2025-01-05 02:35:00,NSW1,88.75369,6241.26,2,5,1,6
2025-01-05 02:35:00,QLD1,86.83004,5698.69,2,5,1,6
2025-01-05 02:35:00,SA1,90.17596,1442.97,2,5,1,6
2025-01-05 02:35:00,TAS1,119.26,1005.19,2,5,1,6
2025-01-05 02:35:00,VIC1,86.0,4102.92,2,5,1,6
2025-01-05 02:40:00,NSW1,91.38655,6208.88,2,5,1,6
2025-01-05 02:40:00,QLD1,89.73,5723.4,2,5,1,6
2025-01-05 02:40:00,SA1,92.51177,1453.28,2,5,1,6
2025-01-05 02:40:00,TAS1,96.0744,1000.82,2,5,1,6
2025-01-05 02:40:00,VIC1,87.90149,4107.15,2,5,1,6
2025-01-05 02:45:00,NSW1,96.10761,6215.53,2,5,1,6
2025-01-05 02:45:00,QLD1,93.83006,5750.89,2,5,1,6
2025-01-05 02:45:00,SA1,96.68699,1433.76,2,5,1,6
2025-01-05 02:45:00,TAS1,119.26,1001.24,2,5,1,6
2025-01-05 02:45:00,VIC1,92.31124,4108.82,2,5,1,6
2025-01-05 02:50:00,NSW1,88.5361,6205.34,2,5,1,6
2025-01-05 02:50:00,QLD1,86.83004,5669.21,2,5,1,6
2025-01-05 02:50:00,SA1,89.41568,1436.21,2,5,1,6
2025-01-05 02:50:00,TAS1,92.97854,1001.39,2,5,1,6
2025-01-05 02:50:00,VIC1,85.05059,4085.32,2,5,1,6
2025-01-05 02:55:00,NSW1,97.4155,6249.0,2,5,1,6
2025-01-05 02:55:00,QLD1,93.83006,5674.76,2,5,1,6
2025-01-05 02:55:00,SA1,98.76024,1440.36,2,5,1,6
2025-01-05 02:55:00,TAS1,107.23497,1005.04,2,5,1,6
2025-01-05 02:55:00,VIC1,93.58381,4066.36,2,5,1,6
2025-01-05 03:00:00,NSW1,96.12791,6237.1,3,5,1,6
2025-01-05 03:00:00,QLD1,93.83006,5729.43,3,5,1,6
2025-01-05 03:00:00,SA1,97.32465,1434.75,3,5,1,6
2025-01-05 03:00:00,TAS1,101.16492,1003.72,3,5,1,6
2025-01-05 03:00:00,VIC1,91.59468,4034.07,3,5,1,6
2025-01-05 03:05:00,NSW1,98.24962,6192.13,3,5,1,6
2025-01-05 03:05:00,QLD1,95.27764,5729.14,3,5,1,6
2025-01-05 03:05:00,SA1,99.44,1425.32,3,5,1,6
2025-01-05 03:05:00,TAS1,103.22053,997.97,3,5,1,6
2025-01-05 03:05:00,VIC1,94.29801,4047.18,3,5,1,6
2025-01-05 03:10:00,NSW1,102.68661,6151.12,3,5,1,6
2025-01-05 03:10:00,QLD1,99.75,5780.92,3,5,1,6
2025-01-05 03:10:00,SA1,103.54511,1418.65,3,5,1,6
2025-01-05 03:10:00,TAS1,117.26,998.23,3,5,1,6
2025-01-05 03:10:00,VIC1,98.54522,4051.72,3,5,1,6
2025-01-05 03:15:00,NSW1,102.84267,6199.45,3,5,1,6
2025-01-05 03:15:00,QLD1,99.75,5730.93,3,5,1,6
2025-01-05 03:15:00,SA1,102.43155,1405.03,3,5,1,6
2025-01-05 03:15:00,TAS1,119.26,1004.58,3,5,1,6
2025-01-05 03:15:00,VIC1,97.864,4040.81,3,5,1,6
2025-01-05 03:20:00,NSW1,96.18963,6146.27,3,5,1,6
2025-01-05 03:20:00,QLD1,93.83006,5735.16,3,5,1,6
2025-01-05 03:20:00,SA1,96.77518,1405.79,3,5,1,6
2025-01-05 03:20:00,TAS1,119.26,995.78,3,5,1,6
2025-01-05 03:20:00,VIC1,91.53964,4056.38,3,5,1,6
2025-01-05 03:25:00,NSW1,91.12324,6173.67,3,5,1,6
2025-01-05 03:25:00,QLD1,88.82383,5688.5,3,5,1,6
2025-01-05 03:25:00,SA1,90.9067,1398.9,3,5,1,6
2025-01-05 03:25:00,TAS1,119.26,1000.31,3,5,1,6
2025-01-05 03:25:00,VIC1,86.0,4031.56,3,5,1,6
2025-01-05 03:30:00,NSW1,91.18938,6178.65,3,5,1,6
2025-01-05 03:30:00,QLD1,88.86081,5675.26,3,5,1,6
2025-01-05 03:30:00,SA1,89.91163,1386.57,3,5,1,6
2025-01-05 03:30:00,TAS1,119.26,1001.0,3,5,1,6
2025-01-05 03:30:00,VIC1,86.0,4047.3,3,5,1,6
2025-01-05 03:35:00,NSW1,88.05991,6128.72,3,5,1,6
2025-01-05 03:35:00,QLD1,86.83004,5671.95,3,5,1,6
2025-01-05 03:35:00,SA1,86.2501,1387.16,3,5,1,6
2025-01-05 03:35:00,TAS1,119.26,995.84,3,5,1,6
2025-01-05 03:35:00,VIC1,82.43121,4015.6,3,5,1,6
2025-01-05 03:40:00,NSW1,87.5001,6140.33,3,5,1,6
2025-01-05 03:40:00,QLD1,86.83004,5701.61,3,5,1,6
2025-01-05 03:40:00,SA1,84.97273,1387.68,3,5,1,6
2025-01-05 03:40:00,TAS1,119.26,996.46,3,5,1,6
2025-01-05 03:40:00,VIC1,81.2375,4021.99,3,5,1,6
2025-01-05 03:45:00,NSW1,87.5001,6182.4,3,5,1,6
2025-01-05 03:45:00,QLD1,86.83004,5646.2,3,5,1,6
2025-01-05 03:45:00,SA1,83.96717,1382.8,3,5,1,6
2025-01-05 03:45:00,TAS1,119.26,994.18,3,5,1,6
2025-01-05 03:45:00,VIC1,80.55994,3996.88,3,5,1,6
2025-01-05 03:50:00,NSW1,86.91523,6154.46,3,5,1,6
2025-01-05 03:50:00,QLD1,86.83004,5720.17,3,5,1,6
2025-01-05 03:50:00,SA1,82.71381,1379.31,3,5,1,6
2025-01-05 03:50:00,TAS1,119.26,998.3,3,5,1,6
2025-01-05 03:50:00,VIC1,79.37324,3995.94,3,5,1,6
2025-01-05 03:55:00,NSW1,85.76947,6082.99,3,5,1,6
2025-01-05 03:55:00,QLD1,86.63,5665.39,3,5,1,6
2025-01-05 03:55:00,SA1,81.25574,1373.01,3,5,1,6
2025-01-05 03:55:00,TAS1,119.26,994.11,3,5,1,6
2025-01-05 03:55:00,VIC1,78.29062,4002.15,3,5,1,6
2025-01-05 04:00:00,NSW1,86.43466,6101.38,4,5,1,6
2025-01-05 04:00:00,QLD1,86.83004,5705.4,4,5,1,6
2025-01-05 04:00:00,SA1,81.15111,1361.6,4,5,1,6
2025-01-05 04:00:00,TAS1,119.26,1002.8,4,5,1,6
2025-01-05 04:00:00,VIC1,78.22199,3995.6,4,5,1,6
2025-01-05 04:05:00,NSW1,88.67837,6171.48,4,5,1,6
2025-01-05 04:05:00,QLD1,86.83004,5608.41,4,5,1,6
2025-01-05 04:05:00,SA1,84.01043,1372.9,4,5,1,6
2025-01-05 04:05:00,TAS1,119.26,1005.43,4,5,1,6
2025-01-05 04:05:00,VIC1,80.33318,3976.02,4,5,1,6
2025-01-05 04:10:00,NSW1,102.02,6200.0,4,5,1,6
2025-01-05 04:10:00,QLD1,99.44872,5683.8,4,5,1,6
2025-01-05 04:10:00,SA1,98.76413,1394.26,4,5,1,6
2025-01-05 04:10:00,TAS1,119.26,999.3,4,5,1,6
2025-01-05 04:10:00,VIC1,93.18851,4028.27,4,5,1,6
2025-01-05 04:15:00,NSW1,96.23968,6178.27,4,5,1,6
2025-01-05 04:15:00,QLD1,93.83006,5677.93,4,5,1,6
2025-01-05 04:15:00,SA1,93.50051,1387.78,4,5,1,6
2025-01-05 04:15:00,TAS1,119.26,1002.71,4,5,1,6
2025-01-05 04:15:00,VIC1,87.92186,4019.41,4,5,1,6
2025-01-05 04:20:00,NSW1,92.04913,6160.67,4,5,1,6
2025-01-05 04:20:00,QLD1,89.73,5683.14,4,5,1,6
2025-01-05 04:20:00,SA1,88.63393,1386.33,4,5,1,6
2025-01-05 04:20:00,TAS1,119.26,1003.74,4,5,1,6
2025-01-05 04:20:00,VIC1,83.38868,4020.8,4,5,1,6
2025-01-05 04:25:00,NSW1,88.57942,6183.69,4,5,1,6
2025-01-05 04:25:00,QLD1,86.83004,5636.38,4,5,1,6
2025-01-05 04:25:00,SA1,85.15987,1375.47,4,5,1,6
2025-01-05 04:25:00,TAS1,119.26,1001.83,4,5,1,6
2025-01-05 04:25:00,VIC1,80.17758,4017.72,4,5,1,6
2025-01-05 04:30:00,NSW1,88.03195,6137.03,4,5,1,6
2025-01-05 04:30:00,QLD1,86.83004,5665.06,4,5,1,6
2025-01-05 04:30:00,SA1,85.41225,1394.61,4,5,1,6
2025-01-05 04:30:00,TAS1,119.26,999.99,4,5,1,6
2025-01-05 04:30:00,VIC1,79.77983,4009.33,4,5,1,6
2025-01-05 04:35:00,NSW1,88.06105,6169.47,4,5,1,6
2025-01-05 04:35:00,QLD1,86.83004,5629.15,4,5,1,6
2025-01-05 04:35:00,SA1,85.28413,1385.86,4,5,1,6
2025-01-05 04:35:00,TAS1,118.26,990.39,4,5,1,6
2025-01-05 04:35:00,VIC1,79.72813,4010.69,4,5,1,6
2025-01-05 04:40:00,NSW1,87.96601,6218.92,4,5,1,6
2025-01-05 04:40:00,QLD1,86.83004,5656.05,4,5,1,6
2025-01-05 04:40:00,SA1,84.56631,1383.15,4,5,1,6
2025-01-05 04:40:00,TAS1,118.26,994.21,4,5,1,6
2025-01-05 04:40:00,VIC1,79.02603,3997.3,4,5,1,6
2025-01-05 04:45:00,NSW1,87.5001,6211.05,4,5,1,6
2025-01-05 04:45:00,QLD1,86.83004,5658.27,4,5,1,6
2025-01-05 04:45:00,SA1,84.77678,1379.86,4,5,1,6
2025-01-05 04:45:00,TAS1,96.12,993.81,4,5,1,6
2025-01-05 04:45:00,VIC1,78.64552,3984.44,4,5,1,6
2025-01-05 04:50:00,NSW1,87.5001,6110.62,4,5,1,6
2025-01-05 04:50:00,QLD1,86.83004,5617.02,4,5,1,6
2025-01-05 04:50:00,SA1,85.63615,1373.91,4,5,1,6
2025-01-05 04:50:00,TAS1,96.12,993.88,4,5,1,6
2025-01-05 04:50:00,VIC1,79.24435,4014.33,4,5,1,6
2025-01-05 04:55:00,NSW1,87.5001,6098.29,4,5,1,6
2025-01-05 04:55:00,QLD1,86.83004,5656.79,4,5,1,6
2025-01-05 04:55:00,SA1,85.93121,1382.99,4,5,1,6
2025-01-05 04:55:00,TAS1,118.26,1011.14,4,5,1,6
2025-01-05 04:55:00,VIC1,79.25266,4039.53,4,5,1,6
2025-01-05 05:00:00,NSW1,87.5001,6151.61,5,5,1,6
2025-01-05 05:00:00,QLD1,86.88125,5696.25,5,5,1,6
2025-01-05 05:00:00,SA1,86.13217,1379.86,5,5,1,6
2025-01-05 05:00:00,TAS1,96.12,1009.07,5,5,1,6
2025-01-05 05:00:00,VIC1,78.63587,4018.96,5,5,1,6
2025-01-05 05:05:00,NSW1,87.47556,6088.57,5,5,1,6
2025-01-05 05:05:00,QLD1,86.83004,5669.23,5,5,1,6
2025-01-05 05:05:00,SA1,85.95762,1389.85,5,5,1,6
2025-01-05 05:05:00,TAS1,96.12,1011.73,5,5,1,6
2025-01-05 05:05:00,VIC1,78.67521,4005.76,5,5,1,6
2025-01-05 05:10:00,NSW1,94.84864,6110.61,5,5,1,6
2025-01-05 05:10:00,QLD1,93.62935,5729.27,5,5,1,6
2025-01-05 05:10:00,SA1,94.92492,1396.57,5,5,1,6
2025-01-05 05:10:00,TAS1,118.26,1004.12,5,5,1,6
2025-01-05 05:10:00,VIC1,86.0,4027.63,5,5,1,6
2025-01-05 05:15:00,NSW1,88.64022,6103.52,5,5,1,6
2025-01-05 05:15:00,QLD1,86.83004,5608.08,5,5,1,6
2025-01-05 05:15:00,SA1,91.03516,1398.38,5,5,1,6
2025-01-05 05:15:00,TAS1,119.26,1012.71,5,5,1,6
2025-01-05 05:15:00,VIC1,81.67362,4016.56,5,5,1,6
2025-01-05 05:20:00,NSW1,89.75456,6109.28,5,5,1,6
2025-01-05 05:20:00,QLD1,86.83004,5599.31,5,5,1,6
2025-01-05 05:20:00,SA1,92.61715,1398.16,5,5,1,6
2025-01-05 05:20:00,TAS1,119.26,1012.0,5,5,1,6
2025-01-05 05:20:00,VIC1,83.3493,4024.42,5,5,1,6
2025-01-05 05:25:00,NSW1,88.10392,6101.55,5,5,1,6
2025-01-05 05:25:00,QLD1,86.83004,5608.61,5,5,1,6
2025-01-05 05:25:00,SA1,89.24925,1397.25,5,5,1,6
2025-01-05 05:25:00,TAS1,119.26,1013.22,5,5,1,6
2025-01-05 05:25:00,VIC1,81.14909,4035.58,5,5,1,6
2025-01-05 05:30:00,NSW1,87.4076,6074.68,5,5,1,6
2025-01-05 05:30:00,QLD1,86.63,5604.32,5,5,1,6
2025-01-05 05:30:00,SA1,88.09764,1377.24,5,5,1,6
2025-01-05 05:30:00,TAS1,119.26,1014.24,5,5,1,6
2025-01-05 05:30:00,VIC1,80.43864,4043.09,5,5,1,6
2025-01-05 05:35:00,NSW1,76.02726,6069.97,5,5,1,6
2025-01-05 05:35:00,QLD1,75.25,5543.66,5,5,1,6
2025-01-05 05:35:00,SA1,73.70442,1371.89,5,5,1,6
2025-01-05 05:35:00,TAS1,120.26,1013.95,5,5,1,6
2025-01-05 05:35:00,VIC1,68.85206,3984.34,5,5,1,6
2025-01-05 05:40:00,NSW1,82.14325,6047.64,5,5,1,6
2025-01-05 05:40:00,QLD1,80.8211,5579.24,5,5,1,6
2025-01-05 05:40:00,SA1,81.09847,1368.47,5,5,1,6
2025-01-05 05:40:00,TAS1,120.26,1020.49,5,5,1,6
2025-01-05 05:40:00,VIC1,75.0,4017.65,5,5,1,6
2025-01-05 05:45:00,NSW1,57.50292,5991.21,5,5,1,6
2025-01-05 05:45:00,QLD1,55.75,5455.39,5,5,1,6
2025-01-05 05:45:00,SA1,56.73554,1370.2,5,5,1,6
2025-01-05 05:45:00,TAS1,120.26,1017.05,5,5,1,6
2025-01-05 05:45:00,VIC1,52.09036,3957.82,5,5,1,6
2025-01-05 05:50:00,NSW1,57.46732,5943.2,5,5,1,6
2025-01-05 05:50:00,QLD1,55.75,5518.54,5,5,1,6
2025-01-05 05:50:00,SA1,57.15715,1374.03,5,5,1,6
2025-01-05 05:50:00,TAS1,120.26,1017.64,5,5,1,6
2025-01-05 05:50:00,VIC1,52.48697,4010.7,5,5,1,6
2025-01-05 05:55:00,NSW1,13.24145,5912.32,5,5,1,6
2025-01-05 05:55:00,QLD1,12.82379,5422.29,5,5,1,6
2025-01-05 05:55:00,SA1,13.07654,1372.88,5,5,1,6
2025-01-05 05:55:00,TAS1,120.26,1018.08,5,5,1,6
2025-01-05 05:55:00,VIC1,12.0,3974.5,5,5,1,6
2025-01-05 06:00:00,NSW1,13.03308,5864.96,6,5,1,6
2025-01-05 06:00:00,QLD1,12.37239,5362.52,6,5,1,6
2025-01-05 06:00:00,SA1,13.11607,1372.63,6,5,1,6
2025-01-05 06:00:00,TAS1,120.26,1022.34,6,5,1,6
2025-01-05 06:00:00,VIC1,12.0,3999.5,6,5,1,6
2025-01-05 06:05:00,NSW1,13.03295,5823.88,6,5,1,6
2025-01-05 06:05:00,QLD1,12.04685,5266.97,6,5,1,6
2025-01-05 06:05:00,SA1,13.24966,1380.73,6,5,1,6
2025-01-05 06:05:00,TAS1,120.26,1023.28,6,5,1,6
2025-01-05 06:05:00,VIC1,12.0,3985.13,6,5,1,6
2025-01-05 06:10:00,NSW1,57.00985,5895.11,6,5,1,6
2025-01-05 06:10:00,QLD1,51.16081,5354.23,6,5,1,6
2025-01-05 06:10:00,SA1,58.34375,1378.72,6,5,1,6
2025-01-05 06:10:00,TAS1,120.26,1024.45,6,5,1,6
2025-01-05 06:10:00,VIC1,52.8779,3991.75,6,5,1,6
2025-01-05 06:15:00,NSW1,9.51231,5837.92,6,5,1,6
2025-01-05 06:15:00,QLD1,8.59051,5337.99,6,5,1,6
2025-01-05 06:15:00,SA1,9.82588,1348.65,6,5,1,6
2025-01-05 06:15:00,TAS1,120.26,1031.64,6,5,1,6
2025-01-05 06:15:00,VIC1,8.95,3999.69,6,5,1,6
2025-01-05 06:20:00,NSW1,9.42763,5849.85,6,5,1,6
2025-01-05 06:20:00,QLD1,8.30097,5319.59,6,5,1,6
2025-01-05 06:20:00,SA1,9.93765,1337.17,6,5,1,6
2025-01-05 06:20:00,TAS1,120.26,1027.33,6,5,1,6
2025-01-05 06:20:00,VIC1,9.0,3984.9,6,5,1,6
2025-01-05 06:25:00,NSW1,8.41506,5824.77,6,5,1,6
2025-01-05 06:25:00,QLD1,7.17533,5307.13,6,5,1,6
2025-01-05 06:25:00,SA1,9.1,1327.85,6,5,1,6
2025-01-05 06:25:00,TAS1,120.26,1028.31,6,5,1,6
2025-01-05 06:25:00,VIC1,8.2177,3967.48,6,5,1,6
2025-01-05 06:30:00,NSW1,9.36335,5822.86,6,5,1,6
2025-01-05 06:30:00,QLD1,-20.49,5185.92,6,5,1,6
2025-01-05 06:30:00,SA1,9.9649,1314.1,6,5,1,6
2025-01-05 06:30:00,TAS1,120.26,1024.26,6,5,1,6
2025-01-05 06:30:00,VIC1,9.0,3936.77,6,5,1,6
2025-01-05 06:35:00,NSW1,34.87419,5822.03,6,5,1,6
2025-01-05 06:35:00,QLD1,-25.91997,5124.34,6,5,1,6
2025-01-05 06:35:00,SA1,36.80071,1312.13,6,5,1,6
2025-01-05 06:35:00,TAS1,120.26,1029.74,6,5,1,6
2025-01-05 06:35:00,VIC1,33.0,3901.9,6,5,1,6
2025-01-05 06:40:00,NSW1,56.98003,5761.15,6,5,1,6
2025-01-05 06:40:00,QLD1,-30.75,5216.64,6,5,1,6
2025-01-05 06:40:00,SA1,62.43715,1314.85,6,5,1,6
2025-01-05 06:40:00,TAS1,120.26,1033.65,6,5,1,6
2025-01-05 06:40:00,VIC1,54.35718,3948.56,6,5,1,6
2025-01-05 06:45:00,NSW1,81.16131,5732.66,6,5,1,6
2025-01-05 06:45:00,QLD1,-30.75,5113.02,6,5,1,6
2025-01-05 06:45:00,SA1,105.44,1350.15,6,5,1,6
2025-01-05 06:45:00,TAS1,150.06,1031.67,6,5,1,6
2025-01-05 06:45:00,VIC1,78.86227,3890.35,6,5,1,6
2025-01-05 06:50:00,NSW1,56.98,5690.27,6,5,1,6
2025-01-05 06:50:00,QLD1,-31.0,5053.99,6,5,1,6
2025-01-05 06:50:00,SA1,61.35787,1272.98,6,5,1,6
2025-01-05 06:50:00,TAS1,120.26,1037.41,6,5,1,6
2025-01-05 06:50:00,VIC1,53.82382,3858.84,6,5,1,6
2025-01-05 06:55:00,NSW1,9.48097,5633.25,6,5,1,6
2025-01-05 06:55:00,QLD1,-31.2,5070.09,6,5,1,6
2025-01-05 06:55:00,SA1,10.12997,1256.58,6,5,1,6
2025-01-05 06:55:00,TAS1,121.62357,1045.65,6,5,1,6
2025-01-05 06:55:00,VIC1,8.95,3865.27,6,5,1,6
2025-01-05 07:00:00,NSW1,8.46297,5595.62,7,5,1,6
2025-01-05 07:00:00,QLD1,-32.0,5036.4,7,5,1,6
2025-01-05 07:00:00,SA1,9.1,1241.2,7,5,1,6
2025-01-05 07:00:00,TAS1,120.26,1043.48,7,5,1,6
2025-01-05 07:00:00,VIC1,8.04364,3828.69,7,5,1,6
2025-01-05 07:05:00,NSW1,9.6409,5582.56,7,5,1,6
2025-01-05 07:05:00,QLD1,-31.2,5046.68,7,5,1,6
2025-01-05 07:05:00,SA1,10.06164,1235.72,7,5,1,6
2025-01-05 07:05:00,TAS1,150.06,1045.7,7,5,1,6
2025-01-05 07:05:00,VIC1,8.94996,3813.27,7,5,1,6
2025-01-05 07:10:00,NSW1,57.01018,5595.24,7,5,1,6
2025-01-05 07:10:00,QLD1,-31.2,4916.83,7,5,1,6
2025-01-05 07:10:00,SA1,60.15848,1228.57,7,5,1,6
2025-01-05 07:10:00,TAS1,150.06,1049.92,7,5,1,6
2025-01-05 07:10:00,VIC1,52.86372,3796.2,7,5,1,6
2025-01-05 07:15:00,NSW1,56.98,5609.52,7,5,1,6
2025-01-05 07:15:00,QLD1,-31.11,4939.44,7,5,1,6
2025-01-05 07:15:00,SA1,61.13351,1241.71,7,5,1,6
2025-01-05 07:15:00,TAS1,120.26,1041.71,7,5,1,6
2025-01-05 07:15:00,VIC1,53.69047,3822.27,7,5,1,6
2025-01-05 07:20:00,NSW1,35.10568,5526.14,7,5,1,6
2025-01-05 07:20:00,QLD1,-32.95,4878.26,7,5,1,6
2025-01-05 07:20:00,SA1,37.55373,1204.67,7,5,1,6
2025-01-05 07:20:00,TAS1,120.26,1047.53,7,5,1,6
2025-01-05 07:20:00,VIC1,33.0,3793.53,7,5,1,6
2025-01-05 07:25:00,NSW1,24.95358,5512.36,7,5,1,6
2025-01-05 07:25:00,QLD1,-34.14,4789.51,7,5,1,6
2025-01-05 07:25:00,SA1,26.79179,1193.12,7,5,1,6
2025-01-05 07:25:00,TAS1,120.26,1046.51,7,5,1,6
2025-01-05 07:25:00,VIC1,23.61,3809.26,7,5,1,6
2025-01-05 07:30:00,NSW1,18.91381,5489.01,7,5,1,6
2025-01-05 07:30:00,QLD1,-32.95,4790.43,7,5,1,6
2025-01-05 07:30:00,SA1,20.0,1172.2,7,5,1,6
2025-01-05 07:30:00,TAS1,120.26,1035.17,7,5,1,6
2025-01-05 07:30:00,VIC1,17.59301,3824.52,7,5,1,6
2025-01-05 07:35:00,NSW1,8.46994,5438.37,7,5,1,6
2025-01-05 07:35:00,QLD1,-33.43517,4731.02,7,5,1,6
2025-01-05 07:35:00,SA1,9.1,1171.24,7,5,1,6
2025-01-05 07:35:00,TAS1,120.26,1040.17,7,5,1,6
2025-01-05 07:35:00,VIC1,7.94516,3778.59,7,5,1,6
2025-01-05 07:40:00,NSW1,8.66908,5503.05,7,5,1,6
2025-01-05 07:40:00,QLD1,-33.49245,4670.29,7,5,1,6
2025-01-05 07:40:00,SA1,9.1,1173.02,7,5,1,6
2025-01-05 07:40:00,TAS1,120.26,1045.34,7,5,1,6
2025-01-05 07:40:00,VIC1,8.07201,3772.69,7,5,1,6
2025-01-05 07:45:00,NSW1,20.27729,5415.99,7,5,1,6
2025-01-05 07:45:00,QLD1,-34.76021,4629.55,7,5,1,6
2025-01-05 07:45:00,SA1,21.78794,1182.5,7,5,1,6
2025-01-05 07:45:00,TAS1,120.26,1048.42,7,5,1,6
2025-01-05 07:45:00,VIC1,19.19013,3771.27,7,5,1,6
2025-01-05 07:50:00,NSW1,9.36373,5379.65,7,5,1,6
2025-01-05 07:50:00,QLD1,-33.32721,4573.29,7,5,1,6
2025-01-05 07:50:00,SA1,10.17805,1174.47,7,5,1,6
2025-01-05 07:50:00,TAS1,120.26,1049.38,7,5,1,6
2025-01-05 07:50:00,VIC1,9.0,3797.93,7,5,1,6
2025-01-05 07:55:00,NSW1,56.98,5359.8,7,5,1,6
2025-01-05 07:55:00,QLD1,-35.1,4558.07,7,5,1,6
2025-01-05 07:55:00,SA1,99.44,1197.6,7,5,1,6
2025-01-05 07:55:00,TAS1,120.26,1053.26,7,5,1,6
2025-01-05 07:55:00,VIC1,55.6941,3815.36,7,5,1,6
2025-01-05 08:00:00,NSW1,56.98003,5336.04,8,5,1,6
2025-01-05 08:00:00,QLD1,-35.1,4542.07,8,5,1,6
2025-01-05 08:00:00,SA1,62.94812,1199.71,8,5,1,6
2025-01-05 08:00:00,TAS1,120.26,1049.99,8,5,1,6
2025-01-05 08:00:00,VIC1,54.86351,3823.93,8,5,1,6
2025-01-05 08:05:00,NSW1,33.93249,5272.28,8,5,1,6
2025-01-05 08:05:00,QLD1,-35.1,4500.53,8,5,1,6
2025-01-05 08:05:00,SA1,137.8,1226.64,8,5,1,6
2025-01-05 08:05:00,TAS1,120.26,1048.3,8,5,1,6
2025-01-05 08:05:00,VIC1,33.0,3817.76,8,5,1,6
2025-01-05 08:10:00,NSW1,56.98,5376.8,8,5,1,6
2025-01-05 08:10:00,QLD1,-35.1,4528.82,8,5,1,6
2025-01-05 08:10:00,SA1,99.44,1183.22,8,5,1,6
2025-01-05 08:10:00,TAS1,120.26,1051.58,8,5,1,6
2025-01-05 08:10:00,VIC1,56.05955,3861.61,8,5,1,6
2025-01-05 08:15:00,NSW1,23.74294,5333.09,8,5,1,6
2025-01-05 08:15:00,QLD1,-35.1,4530.49,8,5,1,6
2025-01-05 08:15:00,SA1,99.44,1138.89,8,5,1,6
2025-01-05 08:15:00,TAS1,120.26,1058.03,8,5,1,6
2025-01-05 08:15:00,VIC1,23.4887,3810.92,8,5,1,6
2025-01-05 08:20:00,NSW1,9.08543,5342.91,8,5,1,6
2025-01-05 08:20:00,QLD1,-34.0,4489.33,8,5,1,6
2025-01-05 08:20:00,SA1,9.99568,1074.19,8,5,1,6
2025-01-05 08:20:00,TAS1,120.26,1050.98,8,5,1,6
2025-01-05 08:20:00,VIC1,8.94993,3769.89,8,5,1,6
2025-01-05 08:25:00,NSW1,-20.5885,5256.34,8,5,1,6
2025-01-05 08:25:00,QLD1,-34.0,4505.56,8,5,1,6
2025-01-05 08:25:00,SA1,-23.45281,1015.44,8,5,1,6
2025-01-05 08:25:00,TAS1,120.26,1046.03,8,5,1,6
2025-01-05 08:25:00,VIC1,-21.0,3762.5,8,5,1,6
2025-01-05 08:30:00,NSW1,-3.86116,5237.18,8,5,1,6
2025-01-05 08:30:00,QLD1,-32.95,4478.15,8,5,1,6
2025-01-05 08:30:00,SA1,-4.42113,1012.31,8,5,1,6
2025-01-05 08:30:00,TAS1,120.26,1042.64,8,5,1,6
2025-01-05 08:30:00,VIC1,-4.0,3823.65,8,5,1,6
2025-01-05 08:35:00,NSW1,2e-05,5178.58,8,5,1,6
2025-01-05 08:35:00,QLD1,-32.95,4512.26,8,5,1,6
2025-01-05 08:35:00,SA1,20.0,1004.9,8,5,1,6
2025-01-05 08:35:00,TAS1,120.26,1046.45,8,5,1,6
2025-01-05 08:35:00,VIC1,2e-05,3828.52,8,5,1,6
2025-01-05 08:40:00,NSW1,8.30674,5330.3,8,5,1,6
2025-01-05 08:40:00,QLD1,-34.14,4493.19,8,5,1,6
2025-01-05 08:40:00,SA1,10.53224,1004.61,8,5,1,6
2025-01-05 08:40:00,TAS1,120.26,1043.13,8,5,1,6
2025-01-05 08:40:00,VIC1,8.52999,3891.61,8,5,1,6
2025-01-05 08:45:00,NSW1,6.34448,5235.74,8,5,1,6
2025-01-05 08:45:00,QLD1,-34.14,4464.42,8,5,1,6
2025-01-05 08:45:00,SA1,9.1,1021.53,8,5,1,6
2025-01-05 08:45:00,TAS1,120.26,1044.26,8,5,1,6
2025-01-05 08:45:00,VIC1,6.67396,3938.23,8,5,1,6
2025-01-05 08:50:00,NSW1,-31.00993,5184.32,8,5,1,6
2025-01-05 08:50:00,QLD1,-34.86,4456.78,8,5,1,6
2025-01-05 08:50:00,SA1,9.95885,1051.47,8,5,1,6
2025-01-05 08:50:00,TAS1,120.26,1029.31,8,5,1,6
2025-01-05 08:50:00,VIC1,8.94998,3926.85,8,5,1,6
2025-01-05 08:55:00,NSW1,-41.55947,5140.07,8,5,1,6
2025-01-05 08:55:00,QLD1,-34.88,4496.31,8,5,1,6
2025-01-05 08:55:00,SA1,9.1,1080.19,8,5,1,6
2025-01-05 08:55:00,TAS1,120.26,1037.01,8,5,1,6
2025-01-05 08:55:00,VIC1,0.0,3979.74,8,5,1,6
2025-01-05 09:00:00,NSW1,-38.98616,5030.61,9,5,1,6
2025-01-05 09:00:00,QLD1,-32.95,4585.05,9,5,1,6
2025-01-05 09:00:00,SA1,0.0,1055.88,9,5,1,6
2025-01-05 09:00:00,TAS1,120.26,1037.37,9,5,1,6
2025-01-05 09:00:00,VIC1,0.0,4024.59,9,5,1,6
2025-01-05 09:05:00,NSW1,-40.94427,5012.75,9,5,1,6
2025-01-05 09:05:00,QLD1,-34.14,4543.46,9,5,1,6
2025-01-05 09:05:00,SA1,21.20263,1180.33,9,5,1,6
2025-01-05 09:05:00,TAS1,121.62357,1044.94,9,5,1,6
2025-01-05 09:05:00,VIC1,19.19035,3996.81,9,5,1,6
2025-01-05 09:10:00,NSW1,-35.81,5090.21,9,5,1,6
2025-01-05 09:10:00,QLD1,-32.95,4621.68,9,5,1,6
2025-01-05 09:10:00,SA1,99.44,1268.32,9,5,1,6
2025-01-05 09:10:00,TAS1,120.26,1049.86,9,5,1,6
2025-01-05 09:10:00,VIC1,20.04,4058.52,9,5,1,6
2025-01-05 09:15:00,NSW1,-35.81,4956.53,9,5,1,6
2025-01-05 09:15:00,QLD1,-32.95,4710.49,9,5,1,6
2025-01-05 09:15:00,SA1,137.8,1337.04,9,5,1,6
2025-01-05 09:15:00,TAS1,120.26,1038.46,9,5,1,6
2025-01-05 09:15:00,VIC1,11.77483,3983.38,9,5,1,6
2025-01-05 09:20:00,NSW1,-36.22,4914.6,9,5,1,6
2025-01-05 09:20:00,QLD1,-34.2,4649.53,9,5,1,6
2025-01-05 09:20:00,SA1,170.44,1430.28,9,5,1,6
2025-01-05 09:20:00,TAS1,120.26,1039.9,9,5,1,6
2025-01-05 09:20:00,VIC1,-0.58998,3970.91,9,5,1,6
2025-01-05 09:25:00,NSW1,-37.7703,4838.51,9,5,1,6
2025-01-05 09:25:00,QLD1,-35.1,4597.32,9,5,1,6
2025-01-05 09:25:00,SA1,230.0,1491.67,9,5,1,6
2025-01-05 09:25:00,TAS1,96.14,1035.63,9,5,1,6
2025-01-05 09:25:00,VIC1,-19.99,3989.1,9,5,1,6
2025-01-05 09:30:00,NSW1,-36.16381,4861.26,9,5,1,6
2025-01-05 09:30:00,QLD1,-32.95,4655.12,9,5,1,6
2025-01-05 09:30:00,SA1,230.0,1501.54,9,5,1,6
2025-01-05 09:30:00,TAS1,96.12,1039.92,9,5,1,6
2025-01-05 09:30:00,VIC1,-30.75,3971.09,9,5,1,6
2025-01-05 09:35:00,NSW1,-39.89,4770.79,9,5,1,6
2025-01-05 09:35:00,QLD1,-35.1,4648.03,9,5,1,6
2025-01-05 09:35:00,SA1,555.55,1540.81,9,5,1,6
2025-01-05 09:35:00,TAS1,96.28,1031.09,9,5,1,6
2025-01-05 09:35:00,VIC1,-31.99993,3934.38,9,5,1,6
2025-01-05 09:40:00,NSW1,-39.48559,4822.37,9,5,1,6
2025-01-05 09:40:00,QLD1,-32.95,4648.22,9,5,1,6
2025-01-05 09:40:00,SA1,170.44,1489.54,9,5,1,6
2025-01-05 09:40:00,TAS1,96.28,1038.3,9,5,1,6
2025-01-05 09:40:00,VIC1,-31.99993,3933.19,9,5,1,6
2025-01-05 09:45:00,NSW1,-40.74386,4811.43,9,5,1,6
2025-01-05 09:45:00,QLD1,-34.2,4613.43,9,5,1,6
2025-01-05 09:45:00,SA1,170.44,1468.56,9,5,1,6
2025-01-05 09:45:00,TAS1,120.26,1025.68,9,5,1,6
2025-01-05 09:45:00,VIC1,-20.92,3872.89,9,5,1,6
2025-01-05 09:50:00,NSW1,-41.01114,4779.05,9,5,1,6
2025-01-05 09:50:00,QLD1,-34.14,4520.02,9,5,1,6
2025-01-05 09:50:00,SA1,137.8,1416.74,9,5,1,6
2025-01-05 09:50:00,TAS1,120.26,1034.13,9,5,1,6
2025-01-05 09:50:00,VIC1,-12.4992,3861.61,9,5,1,6
2025-01-05 09:55:00,NSW1,-39.04033,4798.21,9,5,1,6
2025-01-05 09:55:00,QLD1,-32.95,4584.96,9,5,1,6
2025-01-05 09:55:00,SA1,170.44,1424.25,9,5,1,6
2025-01-05 09:55:00,TAS1,120.26,1011.13,9,5,1,6
2025-01-05 09:55:00,VIC1,-1.25986,3866.48,9,5,1,6
2025-01-05 10:00:00,NSW1,-41.13563,4727.66,10,5,1,6
2025-01-05 10:00:00,QLD1,-35.1,4515.34,10,5,1,6
2025-01-05 10:00:00,SA1,105.44,1403.89,10,5,1,6
2025-01-05 10:00:00,TAS1,120.26,1010.38,10,5,1,6
2025-01-05 10:00:00,VIC1,-19.99,3827.78,10,5,1,6
2025-01-05 10:05:00,NSW1,-40.83176,4771.28,10,5,1,6
2025-01-05 10:05:00,QLD1,-34.84,4522.42,10,5,1,6
2025-01-05 10:05:00,SA1,9.1,1373.75,10,5,1,6
2025-01-05 10:05:00,TAS1,120.26,1004.07,10,5,1,6
2025-01-05 10:05:00,VIC1,-1.90985,3827.37,10,5,1,6
2025-01-05 10:10:00,NSW1,-39.93271,4797.05,10,5,1,6
2025-01-05 10:10:00,QLD1,-34.14,4622.64,10,5,1,6
2025-01-05 10:10:00,SA1,9.1,1358.53,10,5,1,6
2025-01-05 10:10:00,TAS1,120.26,996.2,10,5,1,6
2025-01-05 10:10:00,VIC1,-1.84987,3805.15,10,5,1,6
2025-01-05 10:15:00,NSW1,-41.37,4790.35,10,5,1,6
2025-01-05 10:15:00,QLD1,-34.64741,4510.91,10,5,1,6
2025-01-05 10:15:00,SA1,9.1,1294.93,10,5,1,6
2025-01-05 10:15:00,TAS1,120.26,1003.9,10,5,1,6
2025-01-05 10:15:00,VIC1,-20.19,3751.94,10,5,1,6
2025-01-05 10:20:00,NSW1,-40.88515,4788.65,10,5,1,6
2025-01-05 10:20:00,QLD1,-35.1,4458.24,10,5,1,6
2025-01-05 10:20:00,SA1,9.1,1263.62,10,5,1,6
2025-01-05 10:20:00,TAS1,120.26,1003.19,10,5,1,6
2025-01-05 10:20:00,VIC1,-19.99,3786.18,10,5,1,6
2025-01-05 10:25:00,NSW1,-41.42303,4854.41,10,5,1,6
2025-01-05 10:25:00,QLD1,-34.88,4434.55,10,5,1,6
2025-01-05 10:25:00,SA1,9.1,1206.73,10,5,1,6
2025-01-05 10:25:00,TAS1,120.26,1004.11,10,5,1,6
2025-01-05 10:25:00,VIC1,-20.81,3773.56,10,5,1,6
2025-01-05 10:30:00,NSW1,-40.90309,4875.56,10,5,1,6
2025-01-05 10:30:00,QLD1,-35.1,4397.23,10,5,1,6
2025-01-05 10:30:00,SA1,-20.1,1124.13,10,5,1,6
2025-01-05 10:30:00,TAS1,120.26,998.0,10,5,1,6
2025-01-05 10:30:00,VIC1,-18.40785,3893.43,10,5,1,6
2025-01-05 10:35:00,NSW1,-41.19241,4955.54,10,5,1,6
2025-01-05 10:35:00,QLD1,-35.1,4378.14,10,5,1,6
2025-01-05 10:35:00,SA1,-22.06282,1142.91,10,5,1,6
2025-01-05 10:35:00,TAS1,120.26,1002.93,10,5,1,6
2025-01-05 10:35:00,VIC1,-20.19,3910.13,10,5,1,6
2025-01-05 10:40:00,NSW1,-40.66254,4942.73,10,5,1,6
2025-01-05 10:40:00,QLD1,-34.2,4368.03,10,5,1,6
2025-01-05 10:40:00,SA1,-1.06061,1220.63,10,5,1,6
2025-01-05 10:40:00,TAS1,120.26,1005.09,10,5,1,6
2025-01-05 10:40:00,VIC1,-0.95998,3939.3,10,5,1,6
2025-01-05 10:45:00,NSW1,-41.34512,5057.36,10,5,1,6
2025-01-05 10:45:00,QLD1,-34.84,4375.9,10,5,1,6
2025-01-05 10:45:00,SA1,-8.95059,1289.24,10,5,1,6
2025-01-05 10:45:00,TAS1,120.26,991.07,10,5,1,6
2025-01-05 10:45:00,VIC1,-7.88,3977.34,10,5,1,6
2025-01-05 10:50:00,NSW1,-36.16381,5088.58,10,5,1,6
2025-01-05 10:50:00,QLD1,-32.0,4441.76,10,5,1,6
2025-01-05 10:50:00,SA1,9.1,1357.87,10,5,1,6
2025-01-05 10:50:00,TAS1,120.26,994.44,10,5,1,6
2025-01-05 10:50:00,VIC1,-1.42998,4023.28,10,5,1,6
2025-01-05 10:55:00,NSW1,-40.28,5036.1,10,5,1,6
2025-01-05 10:55:00,QLD1,-33.75,4417.6,10,5,1,6
2025-01-05 10:55:00,SA1,105.44,1394.86,10,5,1,6
2025-01-05 10:55:00,TAS1,120.26,982.8,10,5,1,6
2025-01-05 10:55:00,VIC1,0.0,4115.39,10,5,1,6
2025-01-05 11:00:00,NSW1,-35.99,5061.26,11,5,1,6
2025-01-05 11:00:00,QLD1,-34.14,4389.62,11,5,1,6
2025-01-05 11:00:00,SA1,270.0,1448.11,11,5,1,6
2025-01-05 11:00:00,TAS1,120.26,965.19,11,5,1,6
2025-01-05 11:00:00,VIC1,0.00015,4217.87,11,5,1,6
2025-01-05 11:05:00,NSW1,-35.81,5086.98,11,5,1,6
2025-01-05 11:05:00,QLD1,-34.14,4351.41,11,5,1,6
2025-01-05 11:05:00,SA1,270.0,1463.83,11,5,1,6
2025-01-05 11:05:00,TAS1,120.26,960.16,11,5,1,6
2025-01-05 11:05:00,VIC1,8.95,4290.56,11,5,1,6
2025-01-05 11:10:00,NSW1,-35.81,5157.95,11,5,1,6
2025-01-05 11:10:00,QLD1,-34.2,4388.44,11,5,1,6
2025-01-05 11:10:00,SA1,286.89,1497.6,11,5,1,6
2025-01-05 11:10:00,TAS1,120.26,948.97,11,5,1,6
2025-01-05 11:10:00,VIC1,0.00024,4356.52,11,5,1,6
2025-01-05 11:15:00,NSW1,-33.20447,5238.0,11,5,1,6
2025-01-05 11:15:00,QLD1,-34.2,4440.67,11,5,1,6
2025-01-05 11:15:00,SA1,270.0,1478.69,11,5,1,6
2025-01-05 11:15:00,TAS1,120.26,933.54,11,5,1,6
2025-01-05 11:15:00,VIC1,0.00024,4412.74,11,5,1,6
2025-01-05 11:20:00,NSW1,-33.22111,5184.93,11,5,1,6
2025-01-05 11:20:00,QLD1,-35.1,4438.33,11,5,1,6
2025-01-05 11:20:00,SA1,984.68,1476.68,11,5,1,6
2025-01-05 11:20:00,TAS1,120.26,931.84,11,5,1,6
2025-01-05 11:20:00,VIC1,0.0,4406.38,11,5,1,6
2025-01-05 11:25:00,NSW1,-31.01,5292.19,11,5,1,6
2025-01-05 11:25:00,QLD1,-35.1,4357.66,11,5,1,6
2025-01-05 11:25:00,SA1,200.0,1501.79,11,5,1,6
2025-01-05 11:25:00,TAS1,120.26,932.89,11,5,1,6
2025-01-05 11:25:00,VIC1,-21.0,4427.04,11,5,1,6
2025-01-05 11:30:00,NSW1,-11.26,5327.61,11,5,1,6
2025-01-05 11:30:00,QLD1,-34.2,4440.41,11,5,1,6
2025-01-05 11:30:00,SA1,166.2184,1547.09,11,5,1,6
2025-01-05 11:30:00,TAS1,120.26,932.79,11,5,1,6
2025-01-05 11:30:00,VIC1,-12.51701,4411.68,11,5,1,6
2025-01-05 11:35:00,NSW1,-22.0,5368.56,11,5,1,6
2025-01-05 11:35:00,QLD1,-35.1,4462.38,11,5,1,6
2025-01-05 11:35:00,SA1,138.0,1555.25,11,5,1,6
2025-01-05 11:35:00,TAS1,120.26,934.15,11,5,1,6
2025-01-05 11:35:00,VIC1,0.00024,4433.68,11,5,1,6
2025-01-05 11:40:00,NSW1,18.40373,5489.19,11,5,1,6
2025-01-05 11:40:00,QLD1,-35.1,4383.15,11,5,1,6
2025-01-05 11:40:00,SA1,152.13862,1487.29,11,5,1,6
2025-01-05 11:40:00,TAS1,120.26,926.98,11,5,1,6
2025-01-05 11:40:00,VIC1,20.04,4470.25,11,5,1,6
2025-01-05 11:45:00,NSW1,8.25221,5504.7,11,5,1,6
2025-01-05 11:45:00,QLD1,-34.92,4482.0,11,5,1,6
2025-01-05 11:45:00,SA1,138.0,1403.77,11,5,1,6
2025-01-05 11:45:00,TAS1,120.26,905.43,11,5,1,6
2025-01-05 11:45:00,VIC1,9.0,4520.95,11,5,1,6
2025-01-05 11:50:00,NSW1,2.20566,5602.03,11,5,1,6
2025-01-05 11:50:00,QLD1,-35.1,4412.66,11,5,1,6
2025-01-05 11:50:00,SA1,105.44,1333.43,11,5,1,6
2025-01-05 11:50:00,TAS1,120.26,900.81,11,5,1,6
2025-01-05 11:50:00,VIC1,12.42,4626.27,11,5,1,6
2025-01-05 11:55:00,NSW1,8.34169,5675.54,11,5,1,6
2025-01-05 11:55:00,QLD1,-34.86,4399.38,11,5,1,6
2025-01-05 11:55:00,SA1,9.69647,1277.99,11,5,1,6
2025-01-05 11:55:00,TAS1,120.26,899.41,11,5,1,6
2025-01-05 11:55:00,VIC1,8.95021,4692.53,11,5,1,6
2025-01-05 12:00:00,NSW1,8.58949,5713.23,12,5,1,6
2025-01-05 12:00:00,QLD1,-35.1,4495.63,12,5,1,6
2025-01-05 12:00:00,SA1,9.59744,1256.71,12,5,1,6
2025-01-05 12:00:00,TAS1,120.26,889.26,12,5,1,6
2025-01-05 12:00:00,VIC1,9.0,4821.13,12,5,1,6
2025-01-05 12:05:00,NSW1,19.18501,5784.35,12,5,1,6
2025-01-05 12:05:00,QLD1,-35.1,4483.86,12,5,1,6
2025-01-05 12:05:00,SA1,21.79871,1318.8,12,5,1,6
2025-01-05 12:05:00,TAS1,119.26,886.05,12,5,1,6
2025-01-05 12:05:00,VIC1,20.04,4904.0,12,5,1,6
2025-01-05 12:10:00,NSW1,57.0102,5792.84,12,5,1,6
2025-01-05 12:10:00,QLD1,-38.64384,4542.79,12,5,1,6
2025-01-05 12:10:00,SA1,99.44,1406.82,12,5,1,6
2025-01-05 12:10:00,TAS1,119.26,869.19,12,5,1,6
2025-01-05 12:10:00,VIC1,60.79338,4993.18,12,5,1,6
2025-01-05 12:15:00,NSW1,57.01004,5903.57,12,5,1,6
2025-01-05 12:15:00,QLD1,-38.75624,4526.26,12,5,1,6
2025-01-05 12:15:00,SA1,70.02,1328.58,12,5,1,6
2025-01-05 12:15:00,TAS1,119.26,863.53,12,5,1,6
2025-01-05 12:15:00,VIC1,59.9937,5115.78,12,5,1,6
2025-01-05 12:20:00,NSW1,56.98,5926.2,12,5,1,6
2025-01-05 12:20:00,QLD1,-38.116,4509.18,12,5,1,6
2025-01-05 12:20:00,SA1,62.59394,1250.59,12,5,1,6
2025-01-05 12:20:00,TAS1,119.26,866.08,12,5,1,6
2025-01-05 12:20:00,VIC1,58.78345,5142.82,12,5,1,6
2025-01-05 12:25:00,NSW1,56.98,6009.42,12,5,1,6
2025-01-05 12:25:00,QLD1,-38.61124,4564.49,12,5,1,6
2025-01-05 12:25:00,SA1,62.61766,1284.98,12,5,1,6
2025-01-05 12:25:00,TAS1,119.26,857.54,12,5,1,6
2025-01-05 12:25:00,VIC1,58.41149,5256.23,12,5,1,6
2025-01-05 12:30:00,NSW1,88.80077,6054.12,12,5,1,6
2025-01-05 12:30:00,QLD1,-40.97295,4567.3,12,5,1,6
2025-01-05 12:30:00,SA1,94.16586,1349.77,12,5,1,6
2025-01-05 12:30:00,TAS1,119.26,863.9,12,5,1,6
2025-01-05 12:30:00,VIC1,90.0,5332.46,12,5,1,6
2025-01-05 12:35:00,NSW1,32.93208,6128.1,12,5,1,6
2025-01-05 12:35:00,QLD1,-38.0,4603.44,12,5,1,6
2025-01-05 12:35:00,SA1,70.02,1399.36,12,5,1,6
2025-01-05 12:35:00,TAS1,119.26,868.26,12,5,1,6
2025-01-05 12:35:00,VIC1,33.0,5441.89,12,5,1,6
2025-01-05 12:40:00,NSW1,36.00015,6188.63,12,5,1,6
2025-01-05 12:40:00,QLD1,-38.0,4516.19,12,5,1,6
2025-01-05 12:40:00,SA1,70.02,1417.25,12,5,1,6
2025-01-05 12:40:00,TAS1,119.26,868.11,12,5,1,6
2025-01-05 12:40:00,VIC1,35.837,5512.84,12,5,1,6
2025-01-05 12:45:00,NSW1,36.00015,6201.59,12,5,1,6
2025-01-05 12:45:00,QLD1,-38.0,4525.66,12,5,1,6
2025-01-05 12:45:00,SA1,70.02,1391.81,12,5,1,6
2025-01-05 12:45:00,TAS1,119.26,859.54,12,5,1,6
2025-01-05 12:45:00,VIC1,36.04734,5563.07,12,5,1,6
2025-01-05 12:50:00,NSW1,36.00015,6276.65,12,5,1,6
2025-01-05 12:50:00,QLD1,-37.99994,4612.37,12,5,1,6
2025-01-05 12:50:00,SA1,35.56491,1256.76,12,5,1,6
2025-01-05 12:50:00,TAS1,119.26,860.27,12,5,1,6
2025-01-05 12:50:00,VIC1,34.63362,5580.91,12,5,1,6
2025-01-05 12:55:00,NSW1,72.41635,6353.92,12,5,1,6
2025-01-05 12:55:00,QLD1,-39.83011,4530.02,12,5,1,6
2025-01-05 12:55:00,SA1,70.02,1177.6,12,5,1,6
2025-01-05 12:55:00,TAS1,119.26,861.66,12,5,1,6
2025-01-05 12:55:00,VIC1,69.29669,5642.21,12,5,1,6
2025-01-05 13:00:00,NSW1,57.01002,6417.74,13,5,1,6
2025-01-05 13:00:00,QLD1,-38.45944,4539.57,13,5,1,6
2025-01-05 13:00:00,SA1,53.84284,1098.12,13,5,1,6
2025-01-05 13:00:00,TAS1,120.26,870.26,13,5,1,6
2025-01-05 13:00:00,VIC1,54.2235,5716.64,13,5,1,6
2025-01-05 13:05:00,NSW1,72.25129,6521.51,13,5,1,6
2025-01-05 13:05:00,QLD1,-39.80378,4537.05,13,5,1,6
2025-01-05 13:05:00,SA1,70.02,1144.51,13,5,1,6
2025-01-05 13:05:00,TAS1,119.26,867.97,13,5,1,6
2025-01-05 13:05:00,VIC1,69.94504,5797.56,13,5,1,6
2025-01-05 13:10:00,NSW1,65.89013,6633.41,13,5,1,6
2025-01-05 13:10:00,QLD1,-39.27307,4623.2,13,5,1,6
2025-01-05 13:10:00,SA1,64.10427,1203.47,13,5,1,6
2025-01-05 13:10:00,TAS1,120.26,875.43,13,5,1,6
2025-01-05 13:10:00,VIC1,64.0122,5766.28,13,5,1,6
2025-01-05 13:15:00,NSW1,59.9999,6711.68,13,5,1,6
2025-01-05 13:15:00,QLD1,-38.0,4599.42,13,5,1,6
2025-01-05 13:15:00,SA1,59.99948,1246.06,13,5,1,6
2025-01-05 13:15:00,TAS1,119.26,879.04,13,5,1,6
2025-01-05 13:15:00,VIC1,58.95578,5843.49,13,5,1,6
2025-01-05 13:20:00,NSW1,59.9999,6740.96,13,5,1,6
2025-01-05 13:20:00,QLD1,-38.0,4667.04,13,5,1,6
2025-01-05 13:20:00,SA1,58.45719,1251.79,13,5,1,6
2025-01-05 13:20:00,TAS1,118.26,852.79,13,5,1,6
2025-01-05 13:20:00,VIC1,59.01,6029.0,13,5,1,6
2025-01-05 13:25:00,NSW1,57.01001,6834.47,13,5,1,6
2025-01-05 13:25:00,QLD1,-38.0,4624.1,13,5,1,6
2025-01-05 13:25:00,SA1,47.88119,1223.2,13,5,1,6
2025-01-05 13:25:00,TAS1,117.26,853.33,13,5,1,6
2025-01-05 13:25:00,VIC1,57.90991,6097.43,13,5,1,6
2025-01-05 13:30:00,NSW1,77.40007,6964.75,13,5,1,6
2025-01-05 13:30:00,QLD1,-38.0,4620.47,13,5,1,6
2025-01-05 13:30:00,SA1,40.42715,1136.78,13,5,1,6
2025-01-05 13:30:00,TAS1,97.19193,844.96,13,5,1,6
2025-01-05 13:30:00,VIC1,92.86366,6174.21,13,5,1,6
2025-01-05 13:35:00,NSW1,57.01001,7028.62,13,5,1,6
2025-01-05 13:35:00,QLD1,-38.0,4653.06,13,5,1,6
2025-01-05 13:35:00,SA1,25.98718,1096.87,13,5,1,6
2025-01-05 13:35:00,TAS1,64.39007,856.45,13,5,1,6
2025-01-05 13:35:00,VIC1,68.15982,6233.58,13,5,1,6
2025-01-05 13:40:00,NSW1,85.84,7222.57,13,5,1,6
2025-01-05 13:40:00,QLD1,-38.0,4685.71,13,5,1,6
2025-01-05 13:40:00,SA1,44.68075,1164.6,13,5,1,6
2025-01-05 13:40:00,TAS1,96.66909,859.75,13,5,1,6
2025-01-05 13:40:00,VIC1,103.36565,6336.35,13,5,1,6
2025-01-05 13:45:00,NSW1,113.84458,7341.75,13,5,1,6
2025-01-05 13:45:00,QLD1,-38.0,4700.97,13,5,1,6
2025-01-05 13:45:00,SA1,100.0,1216.65,13,5,1,6
2025-01-05 13:45:00,TAS1,114.68624,867.04,13,5,1,6
2025-01-05 13:45:00,VIC1,108.781,6394.9,13,5,1,6
2025-01-05 13:50:00,NSW1,99.88162,7420.82,13,5,1,6
2025-01-05 13:50:00,QLD1,-38.0,4717.04,13,5,1,6
2025-01-05 13:50:00,SA1,85.03912,1254.69,13,5,1,6
2025-01-05 13:50:00,TAS1,96.14,859.04,13,5,1,6
2025-01-05 13:50:00,VIC1,93.552,6443.7,13,5,1,6
2025-01-05 13:55:00,NSW1,110.56129,7561.96,13,5,1,6
2025-01-05 13:55:00,QLD1,-38.0,4671.5,13,5,1,6
2025-01-05 13:55:00,SA1,99.44,1342.06,13,5,1,6
2025-01-05 13:55:00,TAS1,108.69394,871.17,13,5,1,6
2025-01-05 13:55:00,VIC1,105.768,6467.9,13,5,1,6
2025-01-05 14:00:00,NSW1,85.0,7672.6,14,5,1,6
2025-01-05 14:00:00,QLD1,-37.99994,4752.71,14,5,1,6
2025-01-05 14:00:00,SA1,76.86557,1404.62,14,5,1,6
2025-01-05 14:00:00,TAS1,86.52385,875.07,14,5,1,6
2025-01-05 14:00:00,VIC1,82.27646,6453.75,14,5,1,6
2025-01-05 14:05:00,NSW1,108.16985,7771.82,14,5,1,6
2025-01-05 14:05:00,QLD1,-38.0,4824.85,14,5,1,6
2025-01-05 14:05:00,SA1,99.44,1480.2,14,5,1,6
2025-01-05 14:05:00,TAS1,106.72752,894.88,14,5,1,6
2025-01-05 14:05:00,VIC1,105.21725,6472.58,14,5,1,6
2025-01-05 14:10:00,NSW1,111.30566,7905.14,14,5,1,6
2025-01-05 14:10:00,QLD1,-38.0,4860.75,14,5,1,6
2025-01-05 14:10:00,SA1,100.0,1458.01,14,5,1,6
2025-01-05 14:10:00,TAS1,109.68431,911.29,14,5,1,6
2025-01-05 14:10:00,VIC1,108.12457,6379.41,14,5,1,6
2025-01-05 14:15:00,NSW1,125.38574,8064.58,14,5,1,6
2025-01-05 14:15:00,QLD1,-38.0,4891.27,14,5,1,6
2025-01-05 14:15:00,SA1,105.44,1404.43,14,5,1,6
2025-01-05 14:15:00,TAS1,78.77256,918.38,14,5,1,6
2025-01-05 14:15:00,VIC1,118.57387,6442.15,14,5,1,6
2025-01-05 14:20:00,NSW1,87.5,8240.08,14,5,1,6
2025-01-05 14:20:00,QLD1,-37.99994,4886.58,14,5,1,6
2025-01-05 14:20:00,SA1,72.45281,1410.34,14,5,1,6
2025-01-05 14:20:00,TAS1,82.71407,923.04,14,5,1,6
2025-01-05 14:20:00,VIC1,81.47399,6415.78,14,5,1,6
2025-01-05 14:25:00,NSW1,115.3562,8404.56,14,5,1,6
2025-01-05 14:25:00,QLD1,-37.99994,4905.87,14,5,1,6
2025-01-05 14:25:00,SA1,99.44,1424.04,14,5,1,6
2025-01-05 14:25:00,TAS1,111.32954,925.81,14,5,1,6
2025-01-05 14:25:00,VIC1,109.13161,6535.4,14,5,1,6
2025-01-05 14:30:00,NSW1,133.2647,8627.84,14,5,1,6
2025-01-05 14:30:00,QLD1,-38.0,4862.95,14,5,1,6
2025-01-05 14:30:00,SA1,105.44,1356.43,14,5,1,6
2025-01-05 14:30:00,TAS1,120.26,940.96,14,5,1,6
2025-01-05 14:30:00,VIC1,121.50269,6539.89,14,5,1,6
2025-01-05 14:35:00,NSW1,87.5,8782.79,14,5,1,6
2025-01-05 14:35:00,QLD1,-38.0,4915.22,14,5,1,6
2025-01-05 14:35:00,SA1,71.24421,1233.08,14,5,1,6
2025-01-05 14:35:00,TAS1,81.97091,962.27,14,5,1,6
2025-01-05 14:35:00,VIC1,81.66619,6626.93,14,5,1,6
2025-01-05 14:40:00,NSW1,124.38473,9003.0,14,5,1,6
2025-01-05 14:40:00,QLD1,-38.0,4935.98,14,5,1,6
2025-01-05 14:40:00,SA1,99.44,1149.31,14,5,1,6
2025-01-05 14:40:00,TAS1,75.75305,955.63,14,5,1,6
2025-01-05 14:40:00,VIC1,113.4958,6621.02,14,5,1,6
2025-01-05 14:45:00,NSW1,128.02085,9076.7,14,5,1,6
2025-01-05 14:45:00,QLD1,-37.99994,5055.78,14,5,1,6
2025-01-05 14:45:00,SA1,99.79554,1125.48,14,5,1,6
2025-01-05 14:45:00,TAS1,97.12,969.75,14,5,1,6
2025-01-05 14:45:00,VIC1,115.62,6772.36,14,5,1,6
2025-01-05 14:50:00,NSW1,133.24314,9192.53,14,5,1,6
2025-01-05 14:50:00,QLD1,-34.2,5079.37,14,5,1,6
2025-01-05 14:50:00,SA1,105.44,1075.35,14,5,1,6
2025-01-05 14:50:00,TAS1,118.51014,978.67,14,5,1,6
2025-01-05 14:50:00,VIC1,120.91203,6861.12,14,5,1,6
2025-01-05 14:55:00,NSW1,160.02,9256.83,14,5,1,6
2025-01-05 14:55:00,QLD1,-34.14,5162.61,14,5,1,6
2025-01-05 14:55:00,SA1,133.47365,1188.51,14,5,1,6
2025-01-05 14:55:00,TAS1,144.33177,981.03,14,5,1,6
2025-01-05 14:55:00,VIC1,148.4515,6946.35,14,5,1,6
2025-01-05 15:00:00,NSW1,160.38104,9342.9,15,5,1,6
2025-01-05 15:00:00,QLD1,-34.14,5226.33,15,5,1,6
2025-01-05 15:00:00,SA1,143.83608,1293.55,15,5,1,6
2025-01-05 15:00:00,TAS1,148.75124,997.84,15,5,1,6
2025-01-05 15:00:00,VIC1,153.40792,6951.75,15,5,1,6
2025-01-05 15:05:00,NSW1,169.75131,9327.44,15,5,1,6
2025-01-05 15:05:00,QLD1,-32.95,5312.05,15,5,1,6
2025-01-05 15:05:00,SA1,154.37272,1445.31,15,5,1,6
2025-01-05 15:05:00,TAS1,151.88707,997.72,15,5,1,6
2025-01-05 15:05:00,VIC1,160.0,7072.13,15,5,1,6
2025-01-05 15:10:00,NSW1,172.4394,9263.12,15,5,1,6
2025-01-05 15:10:00,QLD1,-32.95,5433.54,15,5,1,6
2025-01-05 15:10:00,SA1,155.89376,1556.69,15,5,1,6
2025-01-05 15:10:00,TAS1,146.50538,988.2,15,5,1,6
2025-01-05 15:10:00,VIC1,160.0,7108.07,15,5,1,6
2025-01-05 15:15:00,NSW1,167.55881,9342.76,15,5,1,6
2025-01-05 15:15:00,QLD1,-32.95,5512.2,15,5,1,6
2025-01-05 15:15:00,SA1,156.10499,1629.34,15,5,1,6
2025-01-05 15:15:00,TAS1,146.50538,1012.39,15,5,1,6
2025-01-05 15:15:00,VIC1,160.0,7112.44,15,5,1,6
2025-01-05 15:20:00,NSW1,11.41632,9366.51,15,5,1,6
2025-01-05 15:20:00,QLD1,-32.0,5572.41,15,5,1,6
2025-01-05 15:20:00,SA1,9.1,1658.12,15,5,1,6
2025-01-05 15:20:00,TAS1,118.26,1033.35,15,5,1,6
2025-01-05 15:20:00,VIC1,13.0198,7256.37,15,5,1,6
2025-01-05 15:25:00,NSW1,99.66,9395.28,15,5,1,6
2025-01-05 15:25:00,QLD1,-31.99991,5618.01,15,5,1,6
2025-01-05 15:25:00,SA1,70.02,1724.85,15,5,1,6
2025-01-05 15:25:00,TAS1,150.28,1062.24,15,5,1,6
2025-01-05 15:25:00,VIC1,128.54011,7386.09,15,5,1,6
2025-01-05 15:30:00,NSW1,125.31521,9417.15,15,5,1,6
2025-01-05 15:30:00,QLD1,-32.95,5734.13,15,5,1,6
2025-01-05 15:30:00,SA1,114.24112,1791.16,15,5,1,6
2025-01-05 15:30:00,TAS1,125.71857,1075.33,15,5,1,6
2025-01-05 15:30:00,VIC1,135.26219,7427.31,15,5,1,6
2025-01-05 15:35:00,NSW1,124.73741,9415.65,15,5,1,6
2025-01-05 15:35:00,QLD1,-31.2,5793.21,15,5,1,6
2025-01-05 15:35:00,SA1,127.1561,1756.32,15,5,1,6
2025-01-05 15:35:00,TAS1,120.26,1075.71,15,5,1,6
2025-01-05 15:35:00,VIC1,124.78345,7527.17,15,5,1,6
2025-01-05 15:40:00,NSW1,60.0001,9376.67,15,5,1,6
2025-01-05 15:40:00,QLD1,-31.2,5859.66,15,5,1,6
2025-01-05 15:40:00,SA1,92.06954,1725.62,15,5,1,6
2025-01-05 15:40:00,TAS1,85.29897,1075.35,15,5,1,6
2025-01-05 15:40:00,VIC1,89.45,7582.54,15,5,1,6
2025-01-05 15:45:00,NSW1,-31.01012,9293.47,15,5,1,6
2025-01-05 15:45:00,QLD1,-29.62617,5984.76,15,5,1,6
2025-01-05 15:45:00,SA1,105.44,1688.4,15,5,1,6
2025-01-05 15:45:00,TAS1,123.18,1092.16,15,5,1,6
2025-01-05 15:45:00,VIC1,128.47713,7646.55,15,5,1,6
2025-01-05 15:50:00,NSW1,-33.0,9324.55,15,5,1,6
2025-01-05 15:50:00,QLD1,-29.63196,5991.74,15,5,1,6
2025-01-05 15:50:00,SA1,131.15277,1664.4,15,5,1,6
2025-01-05 15:50:00,TAS1,150.28,1124.62,15,5,1,6
2025-01-05 15:50:00,VIC1,130.09456,7744.4,15,5,1,6
2025-01-05 15:55:00,NSW1,-33.0,9399.47,15,5,1,6
2025-01-05 15:55:00,QLD1,-29.47791,6004.27,15,5,1,6
2025-01-05 15:55:00,SA1,156.70125,1663.55,15,5,1,6
2025-01-05 15:55:00,TAS1,150.3,1139.96,15,5,1,6
2025-01-05 15:55:00,VIC1,157.23908,7796.07,15,5,1,6
2025-01-05 16:00:00,NSW1,-15.77109,9365.78,16,5,1,6
2025-01-05 16:00:00,QLD1,-30.75,6083.14,16,5,1,6
2025-01-05 16:00:00,SA1,140.1107,1679.06,16,5,1,6
2025-01-05 16:00:00,TAS1,126.68021,1149.18,16,5,1,6
2025-01-05 16:00:00,VIC1,138.0,7805.36,16,5,1,6
2025-01-05 16:05:00,NSW1,28.79879,9437.08,16,5,1,6
2025-01-05 16:05:00,QLD1,-31.2,6197.18,16,5,1,6
2025-01-05 16:05:00,SA1,130.16856,1706.89,16,5,1,6
2025-01-05 16:05:00,TAS1,120.26,1095.11,16,5,1,6
2025-01-05 16:05:00,VIC1,129.34473,7832.14,16,5,1,6
2025-01-05 16:10:00,NSW1,31.21541,9496.29,16,5,1,6
2025-01-05 16:10:00,QLD1,-32.95,6295.55,16,5,1,6
2025-01-05 16:10:00,SA1,72.84427,1702.56,16,5,1,6
2025-01-05 16:10:00,TAS1,119.8609,1108.5,16,5,1,6
2025-01-05 16:10:00,VIC1,128.25298,7863.45,16,5,1,6
2025-01-05 16:15:00,NSW1,39.99999,9504.25,16,5,1,6
2025-01-05 16:15:00,QLD1,-32.95,6359.38,16,5,1,6
2025-01-05 16:15:00,SA1,101.30551,1694.88,16,5,1,6
2025-01-05 16:15:00,TAS1,98.23179,1137.72,16,5,1,6
2025-01-05 16:15:00,VIC1,102.90404,7892.55,16,5,1,6
2025-01-05 16:20:00,NSW1,33.5102,9501.9,16,5,1,6
2025-01-05 16:20:00,QLD1,-31.99,6494.76,16,5,1,6
2025-01-05 16:20:00,SA1,101.60045,1686.64,16,5,1,6
2025-01-05 16:20:00,TAS1,96.28,1137.85,16,5,1,6
2025-01-05 16:20:00,VIC1,100.74085,7826.51,16,5,1,6
2025-01-05 16:25:00,NSW1,72.71246,9523.66,16,5,1,6
2025-01-05 16:25:00,QLD1,-31.2,6509.34,16,5,1,6
2025-01-05 16:25:00,SA1,86.66742,1665.04,16,5,1,6
2025-01-05 16:25:00,TAS1,88.19029,1131.48,16,5,1,6
2025-01-05 16:25:00,VIC1,89.45,7870.18,16,5,1,6
2025-01-05 16:30:00,NSW1,85.0,9558.12,16,5,1,6
2025-01-05 16:30:00,QLD1,-31.0,6627.63,16,5,1,6
2025-01-05 16:30:00,SA1,85.82214,1677.21,16,5,1,6
2025-01-05 16:30:00,TAS1,96.28,1142.98,16,5,1,6
2025-01-05 16:30:00,VIC1,89.45,7854.84,16,5,1,6
2025-01-05 16:35:00,NSW1,80.65766,9489.04,16,5,1,6
2025-01-05 16:35:00,QLD1,-30.75,6634.16,16,5,1,6
2025-01-05 16:35:00,SA1,85.32913,1688.94,16,5,1,6
2025-01-05 16:35:00,TAS1,82.43909,1146.16,16,5,1,6
2025-01-05 16:35:00,VIC1,86.0,7823.01,16,5,1,6
2025-01-05 16:40:00,NSW1,95.76432,9478.72,16,5,1,6
2025-01-05 16:40:00,QLD1,-15.74,6784.0,16,5,1,6
2025-01-05 16:40:00,SA1,97.83652,1690.73,16,5,1,6
2025-01-05 16:40:00,TAS1,95.7767,1158.09,16,5,1,6
2025-01-05 16:40:00,VIC1,99.0,7841.28,16,5,1,6
2025-01-05 16:45:00,NSW1,126.13862,9566.51,16,5,1,6
2025-01-05 16:45:00,QLD1,-25.0,6856.55,16,5,1,6
2025-01-05 16:45:00,SA1,122.34572,1675.26,16,5,1,6
2025-01-05 16:45:00,TAS1,120.26,1178.48,16,5,1,6
2025-01-05 16:45:00,VIC1,127.35048,7831.32,16,5,1,6
2025-01-05 16:50:00,NSW1,124.2793,9475.66,16,5,1,6
2025-01-05 16:50:00,QLD1,-25.92,6926.75,16,5,1,6
2025-01-05 16:50:00,SA1,119.61999,1688.12,16,5,1,6
2025-01-05 16:50:00,TAS1,119.26,1208.26,16,5,1,6
2025-01-05 16:50:00,VIC1,124.67654,7798.27,16,5,1,6
2025-01-05 16:55:00,NSW1,99.46631,9458.45,16,5,1,6
2025-01-05 16:55:00,QLD1,44.63,7041.46,16,5,1,6
2025-01-05 16:55:00,SA1,94.98482,1695.07,16,5,1,6
2025-01-05 16:55:00,TAS1,98.21186,1211.91,16,5,1,6
2025-01-05 16:55:00,VIC1,99.0,7794.81,16,5,1,6
2025-01-05 17:00:00,NSW1,95.70207,9497.59,17,5,1,6
2025-01-05 17:00:00,QLD1,89.73,7192.62,17,5,1,6
2025-01-05 17:00:00,SA1,94.98482,1691.59,17,5,1,6
2025-01-05 17:00:00,TAS1,100.29588,1213.7,17,5,1,6
2025-01-05 17:00:00,VIC1,99.0,7787.18,17,5,1,6
2025-01-05 17:05:00,NSW1,97.87854,9483.63,17,5,1,6
2025-01-05 17:05:00,QLD1,86.83004,7263.05,17,5,1,6
2025-01-05 17:05:00,SA1,93.34682,1693.93,17,5,1,6
2025-01-05 17:05:00,TAS1,96.12,1208.3,17,5,1,6
2025-01-05 17:05:00,VIC1,99.0,7813.47,17,5,1,6
2025-01-05 17:10:00,NSW1,98.6233,9554.28,17,5,1,6
2025-01-05 17:10:00,QLD1,75.01,7252.03,17,5,1,6
2025-01-05 17:10:00,SA1,95.03543,1694.0,17,5,1,6
2025-01-05 17:10:00,TAS1,95.00586,1158.39,17,5,1,6
2025-01-05 17:10:00,VIC1,99.0,7760.25,17,5,1,6
2025-01-05 17:15:00,NSW1,99.25456,9645.19,17,5,1,6
2025-01-05 17:15:00,QLD1,75.01,7303.02,17,5,1,6
2025-01-05 17:15:00,SA1,96.19905,1728.41,17,5,1,6
2025-01-05 17:15:00,TAS1,94.76502,1147.03,17,5,1,6
2025-01-05 17:15:00,VIC1,99.0,7742.69,17,5,1,6
2025-01-05 17:20:00,NSW1,100.74417,9761.58,17,5,1,6
2025-01-05 17:20:00,QLD1,77.95,7345.37,17,5,1,6
2025-01-05 17:20:00,SA1,96.58502,1736.0,17,5,1,6
2025-01-05 17:20:00,TAS1,95.00586,1153.11,17,5,1,6
2025-01-05 17:20:00,VIC1,99.0,7795.25,17,5,1,6
2025-01-05 17:25:00,NSW1,99.82247,9768.22,17,5,1,6
2025-01-05 17:25:00,QLD1,86.83004,7434.71,17,5,1,6
2025-01-05 17:25:00,SA1,97.69783,1755.7,17,5,1,6
2025-01-05 17:25:00,TAS1,95.00586,1149.23,17,5,1,6
2025-01-05 17:25:00,VIC1,99.0,7804.72,17,5,1,6
2025-01-05 17:30:00,NSW1,101.41846,9895.35,17,5,1,6
2025-01-05 17:30:00,QLD1,93.60841,7497.17,17,5,1,6
2025-01-05 17:30:00,SA1,96.65134,1766.73,17,5,1,6
2025-01-05 17:30:00,TAS1,94.36968,1147.18,17,5,1,6
2025-01-05 17:30:00,VIC1,99.0,7819.5,17,5,1,6
2025-01-05 17:35:00,NSW1,102.92618,9894.22,17,5,1,6
2025-01-05 17:35:00,QLD1,93.83012,7595.1,17,5,1,6
2025-01-05 17:35:00,SA1,95.75927,1778.94,17,5,1,6
2025-01-05 17:35:00,TAS1,96.22,1145.48,17,5,1,6
2025-01-05 17:35:00,VIC1,99.0,7781.08,17,5,1,6
2025-01-05 17:40:00,NSW1,109.34263,9910.58,17,5,1,6
2025-01-05 17:40:00,QLD1,99.95,7624.95,17,5,1,6
2025-01-05 17:40:00,SA1,99.37927,1774.59,17,5,1,6
2025-01-05 17:40:00,TAS1,97.23536,1144.53,17,5,1,6
2025-01-05 17:40:00,VIC1,103.50775,7780.09,17,5,1,6
2025-01-05 17:45:00,NSW1,107.75842,9875.07,17,5,1,6
2025-01-05 17:45:00,QLD1,99.75,7637.84,17,5,1,6
2025-01-05 17:45:00,SA1,95.84739,1744.86,17,5,1,6
2025-01-05 17:45:00,TAS1,96.28,1147.67,17,5,1,6
2025-01-05 17:45:00,VIC1,101.17232,7683.27,17,5,1,6
2025-01-05 17:50:00,NSW1,107.27343,9893.56,17,5,1,6
2025-01-05 17:50:00,QLD1,99.95,7688.76,17,5,1,6
2025-01-05 17:50:00,SA1,93.42353,1718.85,17,5,1,6
2025-01-05 17:50:00,TAS1,95.99573,1148.69,17,5,1,6
2025-01-05 17:50:00,VIC1,99.78,7653.59,17,5,1,6
2025-01-05 17:55:00,NSW1,118.34213,9888.62,17,5,1,6
2025-01-05 17:55:00,QLD1,110.5,7772.04,17,5,1,6
2025-01-05 17:55:00,SA1,96.1594,1692.37,17,5,1,6
2025-01-05 17:55:00,TAS1,98.44005,1146.97,17,5,1,6
2025-01-05 17:55:00,VIC1,104.79003,7618.46,17,5,1,6
2025-01-05 18:00:00,NSW1,130.6555,9810.35,18,5,1,6
2025-01-05 18:00:00,QLD1,120.5,7803.96,18,5,1,6
2025-01-05 18:00:00,SA1,105.44,1693.16,18,5,1,6
2025-01-05 18:00:00,TAS1,109.8724,1144.93,18,5,1,6
2025-01-05 18:00:00,VIC1,115.72352,7577.31,18,5,1,6
2025-01-05 18:05:00,NSW1,116.96949,9784.13,18,5,1,6
2025-01-05 18:05:00,QLD1,110.5,7774.64,18,5,1,6
2025-01-05 18:05:00,SA1,91.21906,1697.11,18,5,1,6
2025-01-05 18:05:00,TAS1,96.28,1151.18,18,5,1,6
2025-01-05 18:05:00,VIC1,100.87381,7537.36,18,5,1,6
2025-01-05 18:10:00,NSW1,130.01,9734.42,18,5,1,6
2025-01-05 18:10:00,QLD1,121.33161,7814.99,18,5,1,6
2025-01-05 18:10:00,SA1,104.99691,1738.14,18,5,1,6
2025-01-05 18:10:00,TAS1,108.04916,1147.75,18,5,1,6
2025-01-05 18:10:00,VIC1,114.42073,7517.99,18,5,1,6
2025-01-05 18:15:00,NSW1,130.01,9744.54,18,5,1,6
2025-01-05 18:15:00,QLD1,121.29782,7794.27,18,5,1,6
2025-01-05 18:15:00,SA1,105.1509,1735.33,18,5,1,6
2025-01-05 18:15:00,TAS1,107.92594,1140.97,18,5,1,6
2025-01-05 18:15:00,VIC1,114.58855,7476.78,18,5,1,6
2025-01-05 18:20:00,NSW1,117.17349,9584.69,18,5,1,6
2025-01-05 18:20:00,QLD1,112.75,7854.18,18,5,1,6
2025-01-05 18:20:00,SA1,91.05606,1716.39,18,5,1,6
2025-01-05 18:20:00,TAS1,96.22,1137.89,18,5,1,6
2025-01-05 18:20:00,VIC1,101.49678,7460.97,18,5,1,6
2025-01-05 18:25:00,NSW1,130.01,9568.86,18,5,1,6
2025-01-05 18:25:00,QLD1,125.9181,7886.71,18,5,1,6
2025-01-05 18:25:00,SA1,102.30651,1722.62,18,5,1,6
2025-01-05 18:25:00,TAS1,106.40991,1145.41,18,5,1,6
2025-01-05 18:25:00,VIC1,112.68497,7413.02,18,5,1,6
2025-01-05 18:30:00,NSW1,135.89,9536.1,18,5,1,6
2025-01-05 18:30:00,QLD1,132.26313,7833.14,18,5,1,6
2025-01-05 18:30:00,SA1,105.99171,1739.86,18,5,1,6
2025-01-05 18:30:00,TAS1,111.04197,1126.6,18,5,1,6
2025-01-05 18:30:00,VIC1,118.81733,7450.37,18,5,1,6
2025-01-05 18:35:00,NSW1,160.02,9495.77,18,5,1,6
2025-01-05 18:35:00,QLD1,161.76306,7914.88,18,5,1,6
2025-01-05 18:35:00,SA1,116.99,1731.83,18,5,1,6
2025-01-05 18:35:00,TAS1,120.26,1117.26,18,5,1,6
2025-01-05 18:35:00,VIC1,130.66064,7429.28,18,5,1,6
2025-01-05 18:40:00,NSW1,160.47346,9485.26,18,5,1,6
2025-01-05 18:40:00,QLD1,159.3,7918.34,18,5,1,6
2025-01-05 18:40:00,SA1,122.25461,1742.63,18,5,1,6
2025-01-05 18:40:00,TAS1,120.26,1128.9,18,5,1,6
2025-01-05 18:40:00,VIC1,138.0,7394.13,18,5,1,6
2025-01-05 18:45:00,NSW1,160.02,9490.82,18,5,1,6
2025-01-05 18:45:00,QLD1,155.91458,7875.23,18,5,1,6
2025-01-05 18:45:00,SA1,122.29856,1718.5,18,5,1,6
2025-01-05 18:45:00,TAS1,122.8411,1119.23,18,5,1,6
2025-01-05 18:45:00,VIC1,137.55275,7361.88,18,5,1,6
2025-01-05 18:50:00,NSW1,167.69475,9457.12,18,5,1,6
2025-01-05 18:50:00,QLD1,163.38462,7872.25,18,5,1,6
2025-01-05 18:50:00,SA1,129.54,1699.5,18,5,1,6
2025-01-05 18:50:00,TAS1,120.65789,1109.79,18,5,1,6
2025-01-05 18:50:00,VIC1,146.34801,7328.31,18,5,1,6
2025-01-05 18:55:00,NSW1,160.02,9444.36,18,5,1,6
2025-01-05 18:55:00,QLD1,153.83003,7824.91,18,5,1,6
2025-01-05 18:55:00,SA1,122.06813,1690.12,18,5,1,6
2025-01-05 18:55:00,TAS1,120.26,1112.94,18,5,1,6
2025-01-05 18:55:00,VIC1,138.4446,7298.79,18,5,1,6
2025-01-05 19:00:00,NSW1,155.59456,9379.93,19,5,1,6
2025-01-05 19:00:00,QLD1,151.56643,7870.17,19,5,1,6
2025-01-05 19:00:00,SA1,119.48588,1681.99,19,5,1,6
2025-01-05 19:00:00,TAS1,120.26,1108.11,19,5,1,6
2025-01-05 19:00:00,VIC1,135.61389,7292.79,19,5,1,6
2025-01-05 19:05:00,NSW1,159.07,9336.51,19,5,1,6
2025-01-05 19:05:00,QLD1,152.92183,7844.23,19,5,1,6
2025-01-05 19:05:00,SA1,120.78074,1682.11,19,5,1,6
2025-01-05 19:05:00,TAS1,120.26,1115.28,19,5,1,6
2025-01-05 19:05:00,VIC1,136.44928,7223.63,19,5,1,6
2025-01-05 19:10:00,NSW1,158.3106,9328.76,19,5,1,6
2025-01-05 19:10:00,QLD1,153.24714,7890.93,19,5,1,6
2025-01-05 19:10:00,SA1,120.81033,1676.57,19,5,1,6
2025-01-05 19:10:00,TAS1,120.26,1116.3,19,5,1,6
2025-01-05 19:10:00,VIC1,134.66275,7226.71,19,5,1,6
2025-01-05 19:15:00,NSW1,160.02,9333.59,19,5,1,6
2025-01-05 19:15:00,QLD1,157.75182,7934.2,19,5,1,6
2025-01-05 19:15:00,SA1,125.10759,1688.86,19,5,1,6
2025-01-05 19:15:00,TAS1,120.26,1131.38,19,5,1,6
2025-01-05 19:15:00,VIC1,136.0321,7255.25,19,5,1,6
2025-01-05 19:20:00,NSW1,163.58865,9301.92,19,5,1,6
2025-01-05 19:20:00,QLD1,160.29593,7916.39,19,5,1,6
2025-01-05 19:20:00,SA1,126.11851,1675.49,19,5,1,6
2025-01-05 19:20:00,TAS1,120.26,1118.38,19,5,1,6
2025-01-05 19:20:00,VIC1,138.0,7185.63,19,5,1,6
2025-01-05 19:25:00,NSW1,160.02,9316.26,19,5,1,6
2025-01-05 19:25:00,QLD1,154.70445,7851.79,19,5,1,6
2025-01-05 19:25:00,SA1,128.02022,1684.25,19,5,1,6
2025-01-05 19:25:00,TAS1,120.26,1119.24,19,5,1,6
2025-01-05 19:25:00,VIC1,138.42008,7178.16,19,5,1,6
2025-01-05 19:30:00,NSW1,200.9,9323.56,19,5,1,6
2025-01-05 19:30:00,QLD1,194.23896,7844.17,19,5,1,6
2025-01-05 19:30:00,SA1,159.35627,1678.47,19,5,1,6
2025-01-05 19:30:00,TAS1,120.26,1096.71,19,5,1,6
2025-01-05 19:30:00,VIC1,175.18858,7110.76,19,5,1,6
2025-01-05 19:35:00,NSW1,207.07201,9297.68,19,5,1,6
2025-01-05 19:35:00,QLD1,200.0,7810.1,19,5,1,6
2025-01-05 19:35:00,SA1,162.05146,1678.26,19,5,1,6
2025-01-05 19:35:00,TAS1,120.26,1072.36,19,5,1,6
2025-01-05 19:35:00,VIC1,180.61264,7091.42,19,5,1,6
2025-01-05 19:40:00,NSW1,190.0,9276.42,19,5,1,6
2025-01-05 19:40:00,QLD1,184.67572,7841.19,19,5,1,6
2025-01-05 19:40:00,SA1,143.82164,1655.64,19,5,1,6
2025-01-05 19:40:00,TAS1,120.26,1075.36,19,5,1,6
2025-01-05 19:40:00,VIC1,161.53262,7053.57,19,5,1,6
2025-01-05 19:45:00,NSW1,160.40749,9269.35,19,5,1,6
2025-01-05 19:45:00,QLD1,153.83003,7775.73,19,5,1,6
2025-01-05 19:45:00,SA1,123.36241,1654.89,19,5,1,6
2025-01-05 19:45:00,TAS1,120.26,1102.85,19,5,1,6
2025-01-05 19:45:00,VIC1,137.50745,7023.97,19,5,1,6
2025-01-05 19:50:00,NSW1,160.02,9202.5,19,5,1,6
2025-01-05 19:50:00,QLD1,152.53579,7809.9,19,5,1,6
2025-01-05 19:50:00,SA1,129.07314,1666.16,19,5,1,6
2025-01-05 19:50:00,TAS1,125.04355,1133.06,19,5,1,6
2025-01-05 19:50:00,VIC1,140.65077,7008.76,19,5,1,6
2025-01-05 19:55:00,NSW1,155.20588,9181.95,19,5,1,6
2025-01-05 19:55:00,QLD1,147.73,7729.12,19,5,1,6
2025-01-05 19:55:00,SA1,127.46694,1673.63,19,5,1,6
2025-01-05 19:55:00,TAS1,124.17416,1138.33,19,5,1,6
2025-01-05 19:55:00,VIC1,138.70215,6956.12,19,5,1,6
2025-01-05 20:00:00,NSW1,155.3644,9149.16,20,5,1,6
2025-01-05 20:00:00,QLD1,147.73,7691.67,20,5,1,6
2025-01-05 20:00:00,SA1,125.50866,1672.43,20,5,1,6
2025-01-05 20:00:00,TAS1,122.47235,1132.32,20,5,1,6
2025-01-05 20:00:00,VIC1,138.0,6943.19,20,5,1,6
2025-01-05 20:05:00,NSW1,155.72914,9118.29,20,5,1,6
2025-01-05 20:05:00,QLD1,147.73,7652.02,20,5,1,6
2025-01-05 20:05:00,SA1,124.61358,1663.04,20,5,1,6
2025-01-05 20:05:00,TAS1,122.64678,1143.57,20,5,1,6
2025-01-05 20:05:00,VIC1,138.0,6908.81,20,5,1,6
2025-01-05 20:10:00,NSW1,160.02,9045.83,20,5,1,6
2025-01-05 20:10:00,QLD1,151.12984,7720.52,20,5,1,6
2025-01-05 20:10:00,SA1,134.12418,1692.09,20,5,1,6
2025-01-05 20:10:00,TAS1,129.13578,1146.31,20,5,1,6
2025-01-05 20:10:00,VIC1,145.2952,6869.99,20,5,1,6
2025-01-05 20:15:00,NSW1,147.68408,9007.39,20,5,1,6
2025-01-05 20:15:00,QLD1,140.99979,7626.92,20,5,1,6
2025-01-05 20:15:00,SA1,123.22566,1655.35,20,5,1,6
2025-01-05 20:15:00,TAS1,120.26,1137.87,20,5,1,6
2025-01-05 20:15:00,VIC1,133.998,6820.63,20,5,1,6
2025-01-05 20:20:00,NSW1,151.29505,8944.61,20,5,1,6
2025-01-05 20:20:00,QLD1,144.3693,7624.25,20,5,1,6
2025-01-05 20:20:00,SA1,121.97465,1648.97,20,5,1,6
2025-01-05 20:20:00,TAS1,120.26,1134.14,20,5,1,6
2025-01-05 20:20:00,VIC1,133.998,6767.19,20,5,1,6
2025-01-05 20:25:00,NSW1,144.22306,8913.06,20,5,1,6
2025-01-05 20:25:00,QLD1,136.56511,7556.31,20,5,1,6
2025-01-05 20:25:00,SA1,118.5777,1670.55,20,5,1,6
2025-01-05 20:25:00,TAS1,120.26,1140.18,20,5,1,6
2025-01-05 20:25:00,VIC1,130.0,6720.3,20,5,1,6
2025-01-05 20:30:00,NSW1,125.9198,8895.15,20,5,1,6
2025-01-05 20:30:00,QLD1,118.19533,7423.35,20,5,1,6
2025-01-05 20:30:00,SA1,105.44,1658.21,20,5,1,6
2025-01-05 20:30:00,TAS1,107.1303,1136.17,20,5,1,6
2025-01-05 20:30:00,VIC1,114.33603,6652.95,20,5,1,6
2025-01-05 20:35:00,NSW1,148.97337,8813.27,20,5,1,6
2025-01-05 20:35:00,QLD1,139.97544,7526.02,20,5,1,6
2025-01-05 20:35:00,SA1,120.47534,1655.26,20,5,1,6
2025-01-05 20:35:00,TAS1,120.26,1122.17,20,5,1,6
2025-01-05 20:35:00,VIC1,131.00661,6585.5,20,5,1,6
2025-01-05 20:40:00,NSW1,144.21796,8790.51,20,5,1,6
2025-01-05 20:40:00,QLD1,133.5,7397.49,20,5,1,6
2025-01-05 20:40:00,SA1,119.29997,1675.69,20,5,1,6
2025-01-05 20:40:00,TAS1,120.26,1116.82,20,5,1,6
2025-01-05 20:40:00,VIC1,129.05484,6555.04,20,5,1,6
2025-01-05 20:45:00,NSW1,138.91941,8736.69,20,5,1,6
2025-01-05 20:45:00,QLD1,128.59815,7428.37,20,5,1,6
2025-01-05 20:45:00,SA1,116.99,1683.27,20,5,1,6
2025-01-05 20:45:00,TAS1,118.26,1116.81,20,5,1,6
2025-01-05 20:45:00,VIC1,125.40977,6479.81,20,5,1,6
2025-01-05 20:50:00,NSW1,129.51573,8700.9,20,5,1,6
2025-01-05 20:50:00,QLD1,120.5,7375.3,20,5,1,6
2025-01-05 20:50:00,SA1,109.54971,1659.88,20,5,1,6
2025-01-05 20:50:00,TAS1,109.66663,1110.09,20,5,1,6
2025-01-05 20:50:00,VIC1,116.73962,6466.2,20,5,1,6
2025-01-05 20:55:00,NSW1,121.08836,8659.74,20,5,1,6
2025-01-05 20:55:00,QLD1,112.75,7365.86,20,5,1,6
2025-01-05 20:55:00,SA1,105.44,1666.63,20,5,1,6
2025-01-05 20:55:00,TAS1,103.31048,1103.11,20,5,1,6
2025-01-05 20:55:00,VIC1,109.97412,6410.46,20,5,1,6
2025-01-05 21:00:00,NSW1,115.18282,8639.59,21,5,1,6
2025-01-05 21:00:00,QLD1,109.73,7335.67,21,5,1,6
2025-01-05 21:00:00,SA1,100.34511,1663.53,21,5,1,6
2025-01-05 21:00:00,TAS1,97.27879,1091.24,21,5,1,6
2025-01-05 21:00:00,VIC1,103.55398,6339.15,21,5,1,6
2025-01-05 21:05:00,NSW1,132.40539,8536.72,21,5,1,6
2025-01-05 21:05:00,QLD1,120.5,7265.91,21,5,1,6
2025-01-05 21:05:00,SA1,120.80622,1654.21,21,5,1,6
2025-01-05 21:05:00,TAS1,117.42382,1094.92,21,5,1,6
2025-01-05 21:05:00,VIC1,124.99639,6275.65,21,5,1,6
2025-01-05 21:10:00,NSW1,136.73432,8563.86,21,5,1,6
2025-01-05 21:10:00,QLD1,123.75125,7301.39,21,5,1,6
2025-01-05 21:10:00,SA1,125.6042,1643.54,21,5,1,6
2025-01-05 21:10:00,TAS1,120.26,1096.53,21,5,1,6
2025-01-05 21:10:00,VIC1,129.01236,6224.7,21,5,1,6
2025-01-05 21:15:00,NSW1,131.55043,8547.69,21,5,1,6
2025-01-05 21:15:00,QLD1,120.5,7274.13,21,5,1,6
2025-01-05 21:15:00,SA1,120.19208,1623.33,21,5,1,6
2025-01-05 21:15:00,TAS1,115.88874,1096.27,21,5,1,6
2025-01-05 21:15:00,VIC1,123.04216,6161.93,21,5,1,6
2025-01-05 21:20:00,NSW1,123.24613,8515.31,21,5,1,6
2025-01-05 21:20:00,QLD1,112.75,7231.32,21,5,1,6
2025-01-05 21:20:00,SA1,113.0342,1617.24,21,5,1,6
2025-01-05 21:20:00,TAS1,109.10008,1096.52,21,5,1,6
2025-01-05 21:20:00,VIC1,115.23198,6085.94,21,5,1,6
2025-01-05 21:25:00,NSW1,118.52111,8446.93,21,5,1,6
2025-01-05 21:25:00,QLD1,110.5,7271.69,21,5,1,6
2025-01-05 21:25:00,SA1,108.89504,1617.22,21,5,1,6
2025-01-05 21:25:00,TAS1,104.97651,1090.85,21,5,1,6
2025-01-05 21:25:00,VIC1,110.87704,6028.72,21,5,1,6
2025-01-05 21:30:00,NSW1,116.32362,8408.22,21,5,1,6
2025-01-05 21:30:00,QLD1,109.73,7242.82,21,5,1,6
2025-01-05 21:30:00,SA1,105.91819,1597.01,21,5,1,6
2025-01-05 21:30:00,TAS1,101.86297,1079.5,21,5,1,6
2025-01-05 21:30:00,VIC1,107.87033,5992.64,21,5,1,6
2025-01-05 21:35:00,NSW1,122.24252,8409.04,21,5,1,6
2025-01-05 21:35:00,QLD1,110.83003,7112.65,21,5,1,6
2025-01-05 21:35:00,SA1,116.9716,1593.54,21,5,1,6
2025-01-05 21:35:00,TAS1,111.31845,1068.83,21,5,1,6
2025-01-05 21:35:00,VIC1,117.88249,5972.26,21,5,1,6
2025-01-05 21:40:00,NSW1,118.75165,8334.87,21,5,1,6
2025-01-05 21:40:00,QLD1,109.73,7157.94,21,5,1,6
2025-01-05 21:40:00,SA1,111.99532,1582.81,21,5,1,6
2025-01-05 21:40:00,TAS1,107.26494,1069.75,21,5,1,6
2025-01-05 21:40:00,VIC1,113.59033,5923.77,21,5,1,6
2025-01-05 21:45:00,NSW1,111.41486,8311.51,21,5,1,6
2025-01-05 21:45:00,QLD1,104.20886,7163.56,21,5,1,6
2025-01-05 21:45:00,SA1,105.44,1575.28,21,5,1,6
2025-01-05 21:45:00,TAS1,99.83796,1072.43,21,5,1,6
2025-01-05 21:45:00,VIC1,105.7261,5836.1,21,5,1,6
2025-01-05 21:50:00,NSW1,103.60423,8245.61,21,5,1,6
2025-01-05 21:50:00,QLD1,96.69847,7077.51,21,5,1,6
2025-01-05 21:50:00,SA1,98.72289,1561.0,21,5,1,6
2025-01-05 21:50:00,TAS1,96.16,1066.36,21,5,1,6
2025-01-05 21:50:00,VIC1,99.0,5769.3,21,5,1,6
2025-01-05 21:55:00,NSW1,104.44901,8201.37,21,5,1,6
2025-01-05 21:55:00,QLD1,98.69916,7117.86,21,5,1,6
2025-01-05 21:55:00,SA1,98.80431,1551.22,21,5,1,6
2025-01-05 21:55:00,TAS1,96.16,1063.38,21,5,1,6
2025-01-05 21:55:00,VIC1,99.0,5704.4,21,5,1,6
2025-01-05 22:00:00,NSW1,102.05935,8156.73,22,5,1,6
2025-01-05 22:00:00,QLD1,95.07069,7033.75,22,5,1,6
2025-01-05 22:00:00,SA1,99.44,1546.3,22,5,1,6
2025-01-05 22:00:00,TAS1,96.17014,1061.44,22,5,1,6
2025-01-05 22:00:00,VIC1,99.0,5650.05,22,5,1,6
2025-01-05 22:05:00,NSW1,128.66656,8100.6,22,5,1,6
2025-01-05 22:05:00,QLD1,120.5,7004.95,22,5,1,6
2025-01-05 22:05:00,SA1,129.05193,1551.36,22,5,1,6
2025-01-05 22:05:00,TAS1,118.99214,1073.46,22,5,1,6
2025-01-05 22:05:00,VIC1,124.77745,5576.89,22,5,1,6
2025-01-05 22:10:00,NSW1,135.34205,8087.13,22,5,1,6
2025-01-05 22:10:00,QLD1,129.8689,6986.8,22,5,1,6
2025-01-05 22:10:00,SA1,130.19656,1528.11,22,5,1,6
2025-01-05 22:10:00,TAS1,120.26,1078.91,22,5,1,6
2025-01-05 22:10:00,VIC1,129.01236,5512.38,22,5,1,6
2025-01-05 22:15:00,NSW1,132.5575,8019.64,22,5,1,6
2025-01-05 22:15:00,QLD1,125.34123,6897.3,22,5,1,6
2025-01-05 22:15:00,SA1,132.39391,1523.83,22,5,1,6
2025-01-05 22:15:00,TAS1,120.26,1080.11,22,5,1,6
2025-01-05 22:15:00,VIC1,129.34473,5476.62,22,5,1,6
2025-01-05 22:20:00,NSW1,127.14934,7975.99,22,5,1,6
2025-01-05 22:20:00,QLD1,117.73957,6790.67,22,5,1,6
2025-01-05 22:20:00,SA1,129.42042,1522.18,22,5,1,6
2025-01-05 22:20:00,TAS1,119.26,1082.12,22,5,1,6
2025-01-05 22:20:00,VIC1,125.96199,5427.38,22,5,1,6
2025-01-05 22:25:00,NSW1,134.37272,7976.02,22,5,1,6
2025-01-05 22:25:00,QLD1,127.58433,6807.09,22,5,1,6
2025-01-05 22:25:00,SA1,135.38072,1519.99,22,5,1,6
2025-01-05 22:25:00,TAS1,120.26,1068.36,22,5,1,6
2025-01-05 22:25:00,VIC1,130.0,5409.08,22,5,1,6
2025-01-05 22:30:00,NSW1,130.46911,7907.3,22,5,1,6
2025-01-05 22:30:00,QLD1,124.39944,6732.38,22,5,1,6
2025-01-05 22:30:00,SA1,131.17305,1515.37,22,5,1,6
2025-01-05 22:30:00,TAS1,119.26,1065.82,22,5,1,6
2025-01-05 22:30:00,VIC1,126.2916,5345.62,22,5,1,6
2025-01-05 22:35:00,NSW1,133.17296,7833.4,22,5,1,6
2025-01-05 22:35:00,QLD1,128.3389,6684.75,22,5,1,6
2025-01-05 22:35:00,SA1,135.57901,1542.36,22,5,1,6
2025-01-05 22:35:00,TAS1,120.26,1062.48,22,5,1,6
2025-01-05 22:35:00,VIC1,130.0,5345.77,22,5,1,6
2025-01-05 22:40:00,NSW1,133.2634,7879.96,22,5,1,6
2025-01-05 22:40:00,QLD1,127.62225,6659.74,22,5,1,6
2025-01-05 22:40:00,SA1,135.5341,1528.19,22,5,1,6
2025-01-05 22:40:00,TAS1,120.26,1087.13,22,5,1,6
2025-01-05 22:40:00,VIC1,130.0,5320.31,22,5,1,6
2025-01-05 22:45:00,NSW1,134.40369,7771.46,22,5,1,6
2025-01-05 22:45:00,QLD1,131.13028,6704.47,22,5,1,6
2025-01-05 22:45:00,SA1,135.92908,1505.31,22,5,1,6
2025-01-05 22:45:00,TAS1,120.26,1094.67,22,5,1,6
2025-01-05 22:45:00,VIC1,130.0,5286.67,22,5,1,6
2025-01-05 22:50:00,NSW1,127.8087,7762.62,22,5,1,6
2025-01-05 22:50:00,QLD1,122.95,6629.84,22,5,1,6
2025-01-05 22:50:00,SA1,130.91207,1495.17,22,5,1,6
2025-01-05 22:50:00,TAS1,118.88537,1084.02,22,5,1,6
2025-01-05 22:50:00,VIC1,125.56634,5248.98,22,5,1,6
2025-01-05 22:55:00,NSW1,107.34135,7732.12,22,5,1,6
2025-01-05 22:55:00,QLD1,105.12089,6616.61,22,5,1,6
2025-01-05 22:55:00,SA1,105.44,1475.51,22,5,1,6
2025-01-05 22:55:00,TAS1,97.21457,1078.2,22,5,1,6
2025-01-05 22:55:00,VIC1,102.94826,5250.5,22,5,1,6
2025-01-05 23:00:00,NSW1,102.05136,7647.71,23,5,1,6
2025-01-05 23:00:00,QLD1,99.75,6537.96,23,5,1,6
2025-01-05 23:00:00,SA1,99.44,1454.84,23,5,1,6
2025-01-05 23:00:00,TAS1,94.81752,1066.13,23,5,1,6
2025-01-05 23:00:00,VIC1,99.0,5231.69,23,5,1,6
2025-01-05 23:05:00,NSW1,101.8045,7633.42,23,5,1,6
2025-01-05 23:05:00,QLD1,99.75,6513.33,23,5,1,6
2025-01-05 23:05:00,SA1,96.10516,1436.48,23,5,1,6
2025-01-05 23:05:00,TAS1,95.06762,1077.07,23,5,1,6
2025-01-05 23:05:00,VIC1,99.0,5277.8,23,5,1,6
2025-01-05 23:10:00,NSW1,103.64897,7706.42,23,5,1,6
2025-01-05 23:10:00,QLD1,100.88043,6537.67,23,5,1,6
2025-01-05 23:10:00,SA1,97.8478,1474.37,23,5,1,6
2025-01-05 23:10:00,TAS1,96.12,1082.06,23,5,1,6
2025-01-05 23:10:00,VIC1,100.09247,5340.68,23,5,1,6
2025-01-05 23:15:00,NSW1,99.39959,7518.92,23,5,1,6
2025-01-05 23:15:00,QLD1,96.33221,6453.51,23,5,1,6
2025-01-05 23:15:00,SA1,94.98482,1445.49,23,5,1,6
2025-01-05 23:15:00,TAS1,94.81752,1066.67,23,5,1,6
2025-01-05 23:15:00,VIC1,99.0,5385.51,23,5,1,6
2025-01-05 23:20:00,NSW1,100.9773,7522.8,23,5,1,6
2025-01-05 23:20:00,QLD1,99.03663,6447.99,23,5,1,6
2025-01-05 23:20:00,SA1,94.98482,1439.77,23,5,1,6
2025-01-05 23:20:00,TAS1,95.06762,1074.19,23,5,1,6
2025-01-05 23:20:00,VIC1,99.0,5367.17,23,5,1,6
2025-01-05 23:25:00,NSW1,101.01265,7492.76,23,5,1,6
2025-01-05 23:25:00,QLD1,99.065,6460.52,23,5,1,6
2025-01-05 23:25:00,SA1,94.98482,1433.4,23,5,1,6
2025-01-05 23:25:00,TAS1,94.52019,1066.42,23,5,1,6
2025-01-05 23:25:00,VIC1,99.0,5339.76,23,5,1,6
2025-01-05 23:30:00,NSW1,95.8436,7480.94,23,5,1,6
2025-01-05 23:30:00,QLD1,93.82988,6358.57,23,5,1,6
2025-01-05 23:30:00,SA1,90.86666,1463.0,23,5,1,6
2025-01-05 23:30:00,TAS1,90.17765,1052.81,23,5,1,6
2025-01-05 23:30:00,VIC1,94.12543,5272.85,23,5,1,6
2025-01-05 23:35:00,NSW1,88.75005,7403.11,23,5,1,6
2025-01-05 23:35:00,QLD1,86.63,6237.08,23,5,1,6
2025-01-05 23:35:00,SA1,83.41793,1475.13,23,5,1,6
2025-01-05 23:35:00,TAS1,82.17857,1040.17,23,5,1,6
2025-01-05 23:35:00,VIC1,86.0,5238.99,23,5,1,6
2025-01-05 23:40:00,NSW1,90.69493,7417.39,23,5,1,6
2025-01-05 23:40:00,QLD1,90.30958,6315.6,23,5,1,6
2025-01-05 23:40:00,SA1,83.40947,1521.53,23,5,1,6
2025-01-05 23:40:00,TAS1,81.20865,1031.09,23,5,1,6
2025-01-05 23:40:00,VIC1,86.0,5201.54,23,5,1,6
2025-01-05 23:45:00,NSW1,85.00015,7341.43,23,5,1,6
2025-01-05 23:45:00,QLD1,86.13647,6297.88,23,5,1,6
2025-01-05 23:45:00,SA1,75.46383,1506.27,23,5,1,6
2025-01-05 23:45:00,TAS1,74.27093,1027.51,23,5,1,6
2025-01-05 23:45:00,VIC1,78.65382,5143.49,23,5,1,6
2025-01-05 23:50:00,NSW1,84.02154,7296.6,23,5,1,6
2025-01-05 23:50:00,QLD1,86.63,6275.03,23,5,1,6
2025-01-05 23:50:00,SA1,73.1455,1498.81,23,5,1,6
2025-01-05 23:50:00,TAS1,73.34837,1035.59,23,5,1,6
2025-01-05 23:50:00,VIC1,76.49601,5119.22,23,5,1,6
2025-01-05 23:55:00,NSW1,82.47804,7299.16,23,5,1,6
2025-01-05 23:55:00,QLD1,86.63,6291.98,23,5,1,6
2025-01-05 23:55:00,SA1,69.00027,1488.89,23,5,1,6
2025-01-05 23:55:00,TAS1,70.13838,1041.07,23,5,1,6
2025-01-05 23:55:00,VIC1,72.67458,5069.57,23,5,1,6
2025-01-06 00:00:00,NSW1,83.02133,7285.63,0,6,1,0
2025-01-06 00:00:00,QLD1,86.63,6263.15,0,6,1,0
2025-01-06 00:00:00,SA1,70.22057,1497.56,0,6,1,0
2025-01-06 00:00:00,TAS1,70.89633,1048.65,0,6,1,0
2025-01-06 00:00:00,VIC1,73.18892,4996.6,0,6,1,0
2025-01-06 00:05:00,NSW1,83.69968,7253.45,0,6,1,0
2025-01-06 00:05:00,QLD1,86.10038,6156.99,0,6,1,0
2025-01-06 00:05:00,SA1,73.61782,1514.14,0,6,1,0
2025-01-06 00:05:00,TAS1,81.67383,1048.67,0,6,1,0
2025-01-06 00:05:00,VIC1,75.0,4996.08,0,6,1,0
2025-01-06 00:10:00,NSW1,83.83735,7219.37,0,6,1,0
2025-01-06 00:10:00,QLD1,86.82996,6192.64,0,6,1,0
2025-01-06 00:10:00,SA1,75.1502,1512.5,0,6,1,0
2025-01-06 00:10:00,TAS1,73.56137,1033.65,0,6,1,0
2025-01-06 00:10:00,VIC1,75.0,4984.67,0,6,1,0
2025-01-06 00:15:00,NSW1,80.22,7174.66,0,6,1,0
2025-01-06 00:15:00,QLD1,83.99846,6141.79,0,6,1,0
2025-01-06 00:15:00,SA1,71.37753,1520.71,0,6,1,0
2025-01-06 00:15:00,TAS1,69.27675,1032.44,0,6,1,0
2025-01-06 00:15:00,VIC1,70.69406,4924.73,0,6,1,0
2025-01-06 00:20:00,NSW1,76.96239,7076.45,0,6,1,0
2025-01-06 00:20:00,QLD1,81.03069,6158.73,0,6,1,0
2025-01-06 00:20:00,SA1,68.30951,1530.74,0,6,1,0
2025-01-06 00:20:00,TAS1,66.34207,1023.98,0,6,1,0
2025-01-06 00:20:00,VIC1,67.85106,4905.18,0,6,1,0
2025-01-06 00:25:00,NSW1,81.39781,7010.12,0,6,1,0
2025-01-06 00:25:00,QLD1,86.63,6133.36,0,6,1,0
2025-01-06 00:25:00,SA1,71.93194,1518.67,0,6,1,0
2025-01-06 00:25:00,TAS1,120.16,1039.57,0,6,1,0
2025-01-06 00:25:00,VIC1,71.76433,4891.7,0,6,1,0
2025-01-06 00:30:00,NSW1,82.9972,6965.67,0,6,1,0
2025-01-06 00:30:00,QLD1,86.63,6086.06,0,6,1,0
2025-01-06 00:30:00,SA1,73.93155,1510.74,0,6,1,0
2025-01-06 00:30:00,TAS1,75.34243,1043.05,0,6,1,0
2025-01-06 00:30:00,VIC1,74.37724,4860.4,0,6,1,0
2025-01-06 00:35:00,NSW1,83.56381,6958.74,0,6,1,0
2025-01-06 00:35:00,QLD1,86.63,6061.12,0,6,1,0
2025-01-06 00:35:00,SA1,73.88264,1504.84,0,6,1,0
2025-01-06 00:35:00,TAS1,77.27444,1028.45,0,6,1,0
2025-01-06 00:35:00,VIC1,75.0,4800.81,0,6,1,0
2025-01-06 00:40:00,NSW1,83.68104,6986.3,0,6,1,0
2025-01-06 00:40:00,QLD1,86.83004,6102.08,0,6,1,0
2025-01-06 00:40:00,SA1,72.33281,1507.22,0,6,1,0
2025-01-06 00:40:00,TAS1,75.92034,1019.32,0,6,1,0
2025-01-06 00:40:00,VIC1,73.87664,4796.71,0,6,1,0
2025-01-06 00:45:00,NSW1,82.05037,6917.74,0,6,1,0
2025-01-06 00:45:00,QLD1,86.63,6077.26,0,6,1,0
2025-01-06 00:45:00,SA1,68.98678,1510.07,0,6,1,0
2025-01-06 00:45:00,TAS1,74.08349,1022.08,0,6,1,0
2025-01-06 00:45:00,VIC1,71.90297,4786.28,0,6,1,0
2025-01-06 00:50:00,NSW1,83.77884,6936.39,0,6,1,0
2025-01-06 00:50:00,QLD1,86.83004,6042.35,0,6,1,0
2025-01-06 00:50:00,SA1,69.03095,1516.79,0,6,1,0
2025-01-06 00:50:00,TAS1,75.09011,1025.59,0,6,1,0
2025-01-06 00:50:00,VIC1,72.87996,4754.89,0,6,1,0
2025-01-06 00:55:00,NSW1,83.65839,6895.8,0,6,1,0
2025-01-06 00:55:00,QLD1,86.63,6000.28,0,6,1,0
2025-01-06 00:55:00,SA1,68.55055,1524.87,0,6,1,0
2025-01-06 00:55:00,TAS1,74.83929,1020.85,0,6,1,0
2025-01-06 00:55:00,VIC1,72.82469,4726.11,0,6,1,0
2025-01-06 01:00:00,NSW1,76.7201,6857.51,1,6,1,0
2025-01-06 01:00:00,QLD1,79.34544,5953.93,1,6,1,0
2025-01-06 01:00:00,SA1,62.61792,1510.76,1,6,1,0
2025-01-06 01:00:00,TAS1,68.75146,1023.67,1,6,1,0
2025-01-06 01:00:00,VIC1,66.72788,4711.84,1,6,1,0
2025-01-06 01:05:00,NSW1,86.61286,6805.36,1,6,1,0
2025-01-06 01:05:00,QLD1,86.83004,5941.0,1,6,1,0
2025-01-06 01:05:00,SA1,74.10586,1508.37,1,6,1,0
2025-01-06 01:05:00,TAS1,79.29304,1023.75,1,6,1,0
2025-01-06 01:05:00,VIC1,77.15855,4703.92,1,6,1,0
2025-01-06 01:10:00,NSW1,90.04298,6749.26,1,6,1,0
2025-01-06 01:10:00,QLD1,89.73,5974.06,1,6,1,0
2025-01-06 01:10:00,SA1,80.1581,1512.01,1,6,1,0
2025-01-06 01:10:00,TAS1,84.10743,1019.52,1,6,1,0
2025-01-06 01:10:00,VIC1,82.0559,4661.52,1,6,1,0
2025-01-06 01:15:00,NSW1,89.96037,6779.59,1,6,1,0
2025-01-06 01:15:00,QLD1,89.73,5973.68,1,6,1,0
2025-01-06 01:15:00,SA1,80.09012,1502.7,1,6,1,0
2025-01-06 01:15:00,TAS1,84.64906,1023.79,1,6,1,0
2025-01-06 01:15:00,VIC1,82.58433,4656.84,1,6,1,0
2025-01-06 01:20:00,NSW1,86.55763,6766.71,1,6,1,0
2025-01-06 01:20:00,QLD1,86.83004,5951.02,1,6,1,0
2025-01-06 01:20:00,SA1,75.05841,1473.56,1,6,1,0
2025-01-06 01:20:00,TAS1,79.08382,1022.46,1,6,1,0
2025-01-06 01:20:00,VIC1,78.17555,4600.32,1,6,1,0
2025-01-06 01:25:00,NSW1,84.29966,6661.25,1,6,1,0
2025-01-06 01:25:00,QLD1,86.63,5989.89,1,6,1,0
2025-01-06 01:25:00,SA1,72.32297,1471.46,1,6,1,0
2025-01-06 01:25:00,TAS1,76.51775,1022.74,1,6,1,0
2025-01-06 01:25:00,VIC1,75.54131,4560.45,1,6,1,0
2025-01-06 01:30:00,NSW1,84.45804,6653.24,1,6,1,0
2025-01-06 01:30:00,QLD1,86.83004,6023.73,1,6,1,0
2025-01-06 01:30:00,SA1,72.05181,1455.27,1,6,1,0
2025-01-06 01:30:00,TAS1,76.8112,1021.38,1,6,1,0
2025-01-06 01:30:00,VIC1,75.60354,4555.89,1,6,1,0
2025-01-06 01:35:00,NSW1,86.09581,6632.6,1,6,1,0
2025-01-06 01:35:00,QLD1,86.83004,5969.93,1,6,1,0
2025-01-06 01:35:00,SA1,73.61735,1441.79,1,6,1,0
2025-01-06 01:35:00,TAS1,77.82565,1019.27,1,6,1,0
2025-01-06 01:35:00,VIC1,77.01031,4541.33,1,6,1,0
2025-01-06 01:40:00,NSW1,85.13001,6590.94,1,6,1,0
2025-01-06 01:40:00,QLD1,86.83004,5954.74,1,6,1,0
2025-01-06 01:40:00,SA1,73.38111,1450.43,1,6,1,0
2025-01-06 01:40:00,TAS1,76.84088,1010.26,1,6,1,0
2025-01-06 01:40:00,VIC1,76.17477,4510.59,1,6,1,0
2025-01-06 01:45:00,NSW1,89.5844,6582.72,1,6,1,0
2025-01-06 01:45:00,QLD1,89.73006,5987.67,1,6,1,0
2025-01-06 01:45:00,SA1,80.25474,1473.18,1,6,1,0
2025-01-06 01:45:00,TAS1,83.06441,1012.28,1,6,1,0
2025-01-06 01:45:00,VIC1,82.12568,4495.04,1,6,1,0
2025-01-06 01:50:00,NSW1,90.71321,6556.26,1,6,1,0
2025-01-06 01:50:00,QLD1,89.73,5950.66,1,6,1,0
2025-01-06 01:50:00,SA1,83.8187,1448.06,1,6,1,0
2025-01-06 01:50:00,TAS1,57.5401,1008.34,1,6,1,0
2025-01-06 01:50:00,VIC1,83.75042,4466.86,1,6,1,0
2025-01-06 01:55:00,NSW1,91.94218,6554.59,1,6,1,0
2025-01-06 01:55:00,QLD1,89.73,5895.73,1,6,1,0
2025-01-06 01:55:00,SA1,87.88547,1456.66,1,6,1,0
2025-01-06 01:55:00,TAS1,58.00433,1014.21,1,6,1,0
2025-01-06 01:55:00,VIC1,86.0,4436.14,1,6,1,0
2025-01-06 02:00:00,NSW1,91.80711,6548.71,2,6,1,0
2025-01-06 02:00:00,QLD1,89.73,5925.59,2,6,1,0
2025-01-06 02:00:00,SA1,88.98315,1447.58,2,6,1,0
2025-01-06 02:00:00,TAS1,58.00433,1007.83,2,6,1,0
2025-01-06 02:00:00,VIC1,86.0,4442.08,2,6,1,0
2025-01-06 02:05:00,NSW1,91.39442,6531.75,2,6,1,0
2025-01-06 02:05:00,QLD1,89.73,5891.21,2,6,1,0
2025-01-06 02:05:00,SA1,88.75336,1445.45,2,6,1,0
2025-01-06 02:05:00,TAS1,62.56424,1014.73,2,6,1,0
2025-01-06 02:05:00,VIC1,84.90013,4400.7,2,6,1,0
2025-01-06 02:10:00,NSW1,92.56744,6561.81,2,6,1,0
2025-01-06 02:10:00,QLD1,89.73,5863.4,2,6,1,0
2025-01-06 02:10:00,SA1,89.53615,1440.09,2,6,1,0
2025-01-06 02:10:00,TAS1,86.81329,1009.0,2,6,1,0
2025-01-06 02:10:00,VIC1,86.0,4414.18,2,6,1,0
2025-01-06 02:15:00,NSW1,91.98972,6573.54,2,6,1,0
2025-01-06 02:15:00,QLD1,89.72994,5874.28,2,6,1,0
2025-01-06 02:15:00,SA1,90.18064,1440.75,2,6,1,0
2025-01-06 02:15:00,TAS1,86.74329,1006.42,2,6,1,0
2025-01-06 02:15:00,VIC1,86.0,4387.4,2,6,1,0
2025-01-06 02:20:00,NSW1,87.86194,6528.27,2,6,1,0
2025-01-06 02:20:00,QLD1,86.63,5815.35,2,6,1,0
2025-01-06 02:20:00,SA1,85.81763,1419.76,2,6,1,0
2025-01-06 02:20:00,TAS1,62.89514,1004.42,2,6,1,0
2025-01-06 02:20:00,VIC1,81.577,4398.39,2,6,1,0
2025-01-06 02:25:00,NSW1,87.53669,6531.08,2,6,1,0
2025-01-06 02:25:00,QLD1,86.83004,5818.7,2,6,1,0
2025-01-06 02:25:00,SA1,85.98404,1423.22,2,6,1,0
2025-01-06 02:25:00,TAS1,61.21133,1002.66,2,6,1,0
2025-01-06 02:25:00,VIC1,81.2197,4383.83,2,6,1,0
2025-01-06 02:30:00,NSW1,87.37785,6487.99,2,6,1,0
2025-01-06 02:30:00,QLD1,86.63,5806.57,2,6,1,0
2025-01-06 02:30:00,SA1,85.1531,1415.78,2,6,1,0
2025-01-06 02:30:00,TAS1,60.92338,988.62,2,6,1,0
2025-01-06 02:30:00,VIC1,80.41539,4340.93,2,6,1,0
2025-01-06 02:35:00,NSW1,88.15477,6484.94,2,6,1,0
2025-01-06 02:35:00,QLD1,86.83004,5793.29,2,6,1,0
2025-01-06 02:35:00,SA1,86.28054,1413.4,2,6,1,0
2025-01-06 02:35:00,TAS1,61.10743,984.86,2,6,1,0
2025-01-06 02:35:00,VIC1,81.16222,4331.26,2,6,1,0
2025-01-06 02:40:00,NSW1,88.17122,6453.11,2,6,1,0
2025-01-06 02:40:00,QLD1,86.83004,5787.46,2,6,1,0
2025-01-06 02:40:00,SA1,87.47962,1407.54,2,6,1,0
2025-01-06 02:40:00,TAS1,56.95686,973.77,2,6,1,0
2025-01-06 02:40:00,VIC1,81.77525,4317.92,2,6,1,0
2025-01-06 02:45:00,NSW1,88.67779,6454.37,2,6,1,0
2025-01-06 02:45:00,QLD1,86.83004,5804.6,2,6,1,0
2025-01-06 02:45:00,SA1,89.82225,1405.13,2,6,1,0
2025-01-06 02:45:00,TAS1,57.16393,975.84,2,6,1,0
2025-01-06 02:45:00,VIC1,82.86495,4303.24,2,6,1,0
2025-01-06 02:50:00,NSW1,90.37511,6475.51,2,6,1,0
2025-01-06 02:50:00,QLD1,86.83004,5759.28,2,6,1,0
2025-01-06 02:50:00,SA1,93.47366,1397.73,2,6,1,0
2025-01-06 02:50:00,TAS1,57.53731,970.27,2,6,1,0
2025-01-06 02:50:00,VIC1,85.08258,4267.02,2,6,1,0
2025-01-06 02:55:00,NSW1,91.33621,6431.01,2,6,1,0
2025-01-06 02:55:00,QLD1,87.78576,5795.58,2,6,1,0
2025-01-06 02:55:00,SA1,96.13632,1398.11,2,6,1,0
2025-01-06 02:55:00,TAS1,57.8533,973.71,2,6,1,0
2025-01-06 02:55:00,VIC1,86.0,4228.54,2,6,1,0
2025-01-06 03:00:00,NSW1,98.84446,6459.05,3,6,1,0
2025-01-06 03:00:00,QLD1,93.83006,5788.98,3,6,1,0
2025-01-06 03:00:00,SA1,106.68542,1400.71,3,6,1,0
2025-01-06 03:00:00,TAS1,59.62796,970.78,3,6,1,0
2025-01-06 03:00:00,VIC1,93.82036,4217.44,3,6,1,0
2025-01-06 03:05:00,NSW1,102.7176,6419.02,3,6,1,0
2025-01-06 03:05:00,QLD1,96.89759,5796.79,3,6,1,0
2025-01-06 03:05:00,SA1,117.38392,1394.55,3,6,1,0
2025-01-06 03:05:00,TAS1,60.66086,970.13,3,6,1,0
2025-01-06 03:05:00,VIC1,99.0,4251.43,3,6,1,0
2025-01-06 03:10:00,NSW1,102.02,6448.5,3,6,1,0
2025-01-06 03:10:00,QLD1,95.59217,5760.65,3,6,1,0
2025-01-06 03:10:00,SA1,132.36443,1400.31,3,6,1,0
2025-01-06 03:10:00,TAS1,60.50155,979.29,3,6,1,0
2025-01-06 03:10:00,VIC1,99.0,4255.45,3,6,1,0
2025-01-06 03:15:00,NSW1,104.64,6421.86,3,6,1,0
2025-01-06 03:15:00,QLD1,98.05858,5779.19,3,6,1,0
2025-01-06 03:15:00,SA1,222.53,1380.6,3,6,1,0
2025-01-06 03:15:00,TAS1,61.21895,971.97,3,6,1,0
2025-01-06 03:15:00,VIC1,102.36825,4266.39,3,6,1,0
2025-01-06 03:20:00,NSW1,107.06536,6472.91,3,6,1,0
2025-01-06 03:20:00,QLD1,99.75,5766.68,3,6,1,0
2025-01-06 03:20:00,SA1,230.0,1378.54,3,6,1,0
2025-01-06 03:20:00,TAS1,62.4683,962.86,3,6,1,0
2025-01-06 03:20:00,VIC1,107.24128,4316.17,3,6,1,0
2025-01-06 03:25:00,NSW1,104.50005,6480.46,3,6,1,0
2025-01-06 03:25:00,QLD1,97.39682,5772.55,3,6,1,0
2025-01-06 03:25:00,SA1,135.09949,1365.54,3,6,1,0
2025-01-06 03:25:00,TAS1,61.52757,956.52,3,6,1,0
2025-01-06 03:25:00,VIC1,103.05878,4342.35,3,6,1,0
2025-01-06 03:30:00,NSW1,102.02,6509.03,3,6,1,0
2025-01-06 03:30:00,QLD1,93.83006,5714.12,3,6,1,0
2025-01-06 03:30:00,SA1,123.20915,1352.52,3,6,1,0
2025-01-06 03:30:00,TAS1,60.82704,967.69,3,6,1,0
2025-01-06 03:30:00,VIC1,99.78631,4339.16,3,6,1,0
2025-01-06 03:35:00,NSW1,102.02,6492.92,3,6,1,0
2025-01-06 03:35:00,QLD1,93.83012,5786.34,3,6,1,0
2025-01-06 03:35:00,SA1,175.05,1333.56,3,6,1,0
2025-01-06 03:35:00,TAS1,60.97733,965.81,3,6,1,0
2025-01-06 03:35:00,VIC1,100.47956,4356.32,3,6,1,0
2025-01-06 03:40:00,NSW1,102.02,6536.81,3,6,1,0
2025-01-06 03:40:00,QLD1,93.83006,5730.17,3,6,1,0
2025-01-06 03:40:00,SA1,132.36443,1319.46,3,6,1,0
2025-01-06 03:40:00,TAS1,60.65391,969.51,3,6,1,0
2025-01-06 03:40:00,VIC1,99.0,4356.34,3,6,1,0
2025-01-06 03:45:00,NSW1,102.02,6493.97,3,6,1,0
2025-01-06 03:45:00,QLD1,93.83012,5760.19,3,6,1,0
2025-01-06 03:45:00,SA1,119.7943,1302.17,3,6,1,0
2025-01-06 03:45:00,TAS1,60.67518,971.65,3,6,1,0
2025-01-06 03:45:00,VIC1,99.0,4384.07,3,6,1,0
2025-01-06 03:50:00,NSW1,102.02,6485.17,3,6,1,0
2025-01-06 03:50:00,QLD1,93.83012,5759.14,3,6,1,0
2025-01-06 03:50:00,SA1,124.71652,1302.47,3,6,1,0
2025-01-06 03:50:00,TAS1,60.65816,974.69,3,6,1,0
2025-01-06 03:50:00,VIC1,99.0,4387.24,3,6,1,0
2025-01-06 03:55:00,NSW1,102.02,6519.06,3,6,1,0
2025-01-06 03:55:00,QLD1,93.86966,5770.15,3,6,1,0
2025-01-06 03:55:00,SA1,112.30262,1299.32,3,6,1,0
2025-01-06 03:55:00,TAS1,60.60743,964.54,3,6,1,0
2025-01-06 03:55:00,VIC1,98.75441,4420.35,3,6,1,0
2025-01-06 04:00:00,NSW1,102.02,6481.46,4,6,1,0
2025-01-06 04:00:00,QLD1,95.10955,5818.12,4,6,1,0
2025-01-06 04:00:00,SA1,117.38392,1314.31,4,6,1,0
2025-01-06 04:00:00,TAS1,60.67518,964.42,4,6,1,0
2025-01-06 04:00:00,VIC1,99.0,4409.07,4,6,1,0
2025-01-06 04:05:00,NSW1,100.62672,6536.85,4,6,1,0
2025-01-06 04:05:00,QLD1,93.83018,5794.74,4,6,1,0
2025-01-06 04:05:00,SA1,113.37439,1320.28,4,6,1,0
2025-01-06 04:05:00,TAS1,82.13957,973.35,4,6,1,0
2025-01-06 04:05:00,VIC1,99.34411,4460.26,4,6,1,0
2025-01-06 04:10:00,NSW1,99.92469,6582.88,4,6,1,0
2025-01-06 04:10:00,QLD1,93.83012,5809.4,4,6,1,0
2025-01-06 04:10:00,SA1,110.57282,1318.79,4,6,1,0
2025-01-06 04:10:00,TAS1,98.51526,982.19,4,6,1,0
2025-01-06 04:10:00,VIC1,97.53569,4464.98,4,6,1,0
2025-01-06 04:15:00,NSW1,99.87634,6670.0,4,6,1,0
2025-01-06 04:15:00,QLD1,93.83012,5801.89,4,6,1,0
2025-01-06 04:15:00,SA1,108.25823,1307.12,4,6,1,0
2025-01-06 04:15:00,TAS1,97.01376,981.06,4,6,1,0
2025-01-06 04:15:00,VIC1,95.89216,4481.11,4,6,1,0
2025-01-06 04:20:00,NSW1,90.98104,6712.57,4,6,1,0
2025-01-06 04:20:00,QLD1,87.61957,5800.91,4,6,1,0
2025-01-06 04:20:00,SA1,97.08611,1307.1,4,6,1,0
2025-01-06 04:20:00,TAS1,86.74329,980.32,4,6,1,0
2025-01-06 04:20:00,VIC1,86.0,4482.11,4,6,1,0
2025-01-06 04:25:00,NSW1,96.14368,6755.05,4,6,1,0
2025-01-06 04:25:00,QLD1,93.83006,5844.52,4,6,1,0
2025-01-06 04:25:00,SA1,101.06105,1313.74,4,6,1,0
2025-01-06 04:25:00,TAS1,82.39181,982.34,4,6,1,0
2025-01-06 04:25:00,VIC1,89.49503,4480.39,4,6,1,0
2025-01-06 04:30:00,NSW1,96.16329,6718.95,4,6,1,0
2025-01-06 04:30:00,QLD1,93.83006,5845.68,4,6,1,0
2025-01-06 04:30:00,SA1,100.81266,1316.67,4,6,1,0
2025-01-06 04:30:00,TAS1,90.13636,981.37,4,6,1,0
2025-01-06 04:30:00,VIC1,89.53134,4448.77,4,6,1,0
2025-01-06 04:35:00,NSW1,95.52032,6774.24,4,6,1,0
2025-01-06 04:35:00,QLD1,93.83006,5852.2,4,6,1,0
2025-01-06 04:35:00,SA1,100.19465,1315.61,4,6,1,0
2025-01-06 04:35:00,TAS1,91.14748,984.97,4,6,1,0
2025-01-06 04:35:00,VIC1,89.62256,4490.67,4,6,1,0
2025-01-06 04:40:00,NSW1,91.90091,6832.04,4,6,1,0
2025-01-06 04:40:00,QLD1,89.73,5816.94,4,6,1,0
2025-01-06 04:40:00,SA1,95.83336,1331.25,4,6,1,0
2025-01-06 04:40:00,TAS1,86.53324,987.25,4,6,1,0
2025-01-06 04:40:00,VIC1,85.63615,4481.95,4,6,1,0
2025-01-06 04:45:00,NSW1,91.3599,6809.54,4,6,1,0
2025-01-06 04:45:00,QLD1,89.73,5814.13,4,6,1,0
2025-01-06 04:45:00,SA1,95.59193,1339.04,4,6,1,0
2025-01-06 04:45:00,TAS1,86.54473,991.57,4,6,1,0
2025-01-06 04:45:00,VIC1,85.14924,4501.34,4,6,1,0
2025-01-06 04:50:00,NSW1,92.30696,6840.6,4,6,1,0
2025-01-06 04:50:00,QLD1,90.12352,5815.35,4,6,1,0
2025-01-06 04:50:00,SA1,96.8375,1336.97,4,6,1,0
2025-01-06 04:50:00,TAS1,88.15013,991.03,4,6,1,0
2025-01-06 04:50:00,VIC1,86.0,4499.56,4,6,1,0
2025-01-06 04:55:00,NSW1,92.98633,6858.14,4,6,1,0
2025-01-06 04:55:00,QLD1,91.44607,5863.33,4,6,1,0
2025-01-06 04:55:00,SA1,97.55564,1348.87,4,6,1,0
2025-01-06 04:55:00,TAS1,88.15013,991.46,4,6,1,0
2025-01-06 04:55:00,VIC1,86.0,4480.6,4,6,1,0
2025-01-06 05:00:00,NSW1,92.235,6839.15,5,6,1,0
2025-01-06 05:00:00,QLD1,90.67368,5851.66,5,6,1,0
2025-01-06 05:00:00,SA1,97.87522,1349.87,5,6,1,0
2025-01-06 05:00:00,TAS1,88.15013,990.22,5,6,1,0
2025-01-06 05:00:00,VIC1,86.0,4505.24,5,6,1,0
2025-01-06 05:05:00,NSW1,87.5001,6893.39,5,6,1,0
2025-01-06 05:05:00,QLD1,87.06494,5827.23,5,6,1,0
2025-01-06 05:05:00,SA1,92.62066,1366.72,5,6,1,0
2025-01-06 05:05:00,TAS1,77.18,994.3,5,6,1,0
2025-01-06 05:05:00,VIC1,81.01179,4491.82,5,6,1,0
2025-01-06 05:10:00,NSW1,101.90382,6989.58,5,6,1,0
2025-01-06 05:10:00,QLD1,99.75,5900.55,5,6,1,0
2025-01-06 05:10:00,SA1,107.3689,1380.29,5,6,1,0
2025-01-06 05:10:00,TAS1,81.00529,1001.68,5,6,1,0
2025-01-06 05:10:00,VIC1,94.33604,4601.35,5,6,1,0
2025-01-06 05:15:00,NSW1,101.8361,6981.36,5,6,1,0
2025-01-06 05:15:00,QLD1,99.75,5914.71,5,6,1,0
2025-01-06 05:15:00,SA1,107.6829,1361.12,5,6,1,0
2025-01-06 05:15:00,TAS1,81.06658,1004.37,5,6,1,0
2025-01-06 05:15:00,VIC1,94.99635,4640.65,5,6,1,0
2025-01-06 05:20:00,NSW1,103.49516,7048.02,5,6,1,0
2025-01-06 05:20:00,QLD1,100.88043,5958.06,5,6,1,0
2025-01-06 05:20:00,SA1,108.04585,1350.63,5,6,1,0
2025-01-06 05:20:00,TAS1,81.22465,1013.04,5,6,1,0
2025-01-06 05:20:00,VIC1,95.7208,4677.49,5,6,1,0
2025-01-06 05:25:00,NSW1,95.18081,7057.78,5,6,1,0
2025-01-06 05:25:00,QLD1,93.83006,5907.32,5,6,1,0
2025-01-06 05:25:00,SA1,98.59128,1356.49,5,6,1,0
2025-01-06 05:25:00,TAS1,79.40626,1011.12,5,6,1,0
2025-01-06 05:25:00,VIC1,87.36209,4698.56,5,6,1,0
2025-01-06 05:30:00,NSW1,93.70879,7091.75,5,6,1,0
2025-01-06 05:30:00,QLD1,92.435,5941.67,5,6,1,0
2025-01-06 05:30:00,SA1,96.06354,1354.94,5,6,1,0
2025-01-06 05:30:00,TAS1,79.13221,1014.61,5,6,1,0
2025-01-06 05:30:00,VIC1,86.0,4699.89,5,6,1,0
2025-01-06 05:35:00,NSW1,96.33806,7128.66,5,6,1,0
2025-01-06 05:35:00,QLD1,93.83006,5897.9,5,6,1,0
2025-01-06 05:35:00,SA1,99.83989,1370.69,5,6,1,0
2025-01-06 05:35:00,TAS1,79.80719,1015.28,5,6,1,0
2025-01-06 05:35:00,VIC1,89.22471,4661.9,5,6,1,0
2025-01-06 05:40:00,NSW1,95.64684,7130.43,5,6,1,0
2025-01-06 05:40:00,QLD1,93.83006,5945.05,5,6,1,0
2025-01-06 05:40:00,SA1,101.0069,1394.45,5,6,1,0
2025-01-06 05:40:00,TAS1,79.94707,1020.89,5,6,1,0
2025-01-06 05:40:00,VIC1,90.13592,4670.23,5,6,1,0
2025-01-06 05:45:00,NSW1,89.75804,7121.79,5,6,1,0
2025-01-06 05:45:00,QLD1,86.96256,5931.18,5,6,1,0
2025-01-06 05:45:00,SA1,96.67735,1408.7,5,6,1,0
2025-01-06 05:45:00,TAS1,78.56644,1019.16,5,6,1,0
2025-01-06 05:45:00,VIC1,86.0,4750.59,5,6,1,0
2025-01-06 05:50:00,NSW1,80.13357,7183.85,5,6,1,0
2025-01-06 05:50:00,QLD1,77.52586,5830.89,5,6,1,0
2025-01-06 05:50:00,SA1,86.64803,1417.41,5,6,1,0
2025-01-06 05:50:00,TAS1,77.14,1024.53,5,6,1,0
2025-01-06 05:50:00,VIC1,76.78788,4711.61,5,6,1,0
2025-01-06 05:55:00,NSW1,80.07673,7123.53,5,6,1,0
2025-01-06 05:55:00,QLD1,77.95001,5865.4,5,6,1,0
2025-01-06 05:55:00,SA1,88.43975,1436.59,5,6,1,0
2025-01-06 05:55:00,TAS1,77.32151,1026.49,5,6,1,0
2025-01-06 05:55:00,VIC1,78.04466,4768.05,5,6,1,0
2025-01-06 06:00:00,NSW1,76.72,7169.45,6,6,1,0
2025-01-06 06:00:00,QLD1,74.63204,5802.66,6,6,1,0
2025-01-06 06:00:00,SA1,85.04165,1435.34,6,6,1,0
2025-01-06 06:00:00,TAS1,77.12,1033.85,6,6,1,0
2025-01-06 06:00:00,VIC1,76.07063,4772.54,6,6,1,0
2025-01-06 06:05:00,NSW1,78.60711,7192.49,6,6,1,0
2025-01-06 06:05:00,QLD1,77.95001,5840.24,6,6,1,0
2025-01-06 06:05:00,SA1,85.56427,1420.85,6,6,1,0
2025-01-06 06:05:00,TAS1,77.1442,1035.53,6,6,1,0
2025-01-06 06:05:00,VIC1,77.12123,4773.34,6,6,1,0
2025-01-06 06:10:00,NSW1,60.0001,7206.86,6,6,1,0
2025-01-06 06:10:00,QLD1,58.02443,5807.42,6,6,1,0
2025-01-06 06:10:00,SA1,128.92126,1436.11,6,6,1,0
2025-01-06 06:10:00,TAS1,119.26,1044.58,6,6,1,0
2025-01-06 06:10:00,VIC1,116.65159,4873.0,6,6,1,0
2025-01-06 06:15:00,NSW1,72.06003,7277.44,6,6,1,0
2025-01-06 06:15:00,QLD1,68.94992,5879.72,6,6,1,0
2025-01-06 06:15:00,SA1,101.19467,1433.55,6,6,1,0
2025-01-06 06:15:00,TAS1,93.97278,1047.8,6,6,1,0
2025-01-06 06:15:00,VIC1,92.55516,4901.11,6,6,1,0
2025-01-06 06:20:00,NSW1,56.98,7276.22,6,6,1,0
2025-01-06 06:20:00,QLD1,53.49168,5848.53,6,6,1,0
2025-01-06 06:20:00,SA1,81.00562,1423.09,6,6,1,0
2025-01-06 06:20:00,TAS1,77.12,1049.15,6,6,1,0
2025-01-06 06:20:00,VIC1,74.6572,4914.79,6,6,1,0
2025-01-06 06:25:00,NSW1,60.0001,7319.61,6,6,1,0
2025-01-06 06:25:00,QLD1,55.26462,5807.96,6,6,1,0
2025-01-06 06:25:00,SA1,86.90595,1418.91,6,6,1,0
2025-01-06 06:25:00,TAS1,82.56723,1044.01,6,6,1,0
2025-01-06 06:25:00,VIC1,81.3108,4970.36,6,6,1,0
2025-01-06 06:30:00,NSW1,57.00992,7349.13,6,6,1,0
2025-01-06 06:30:00,QLD1,51.24047,5809.33,6,6,1,0
2025-01-06 06:30:00,SA1,79.79451,1428.79,6,6,1,0
2025-01-06 06:30:00,TAS1,77.12,1048.82,6,6,1,0
2025-01-06 06:30:00,VIC1,74.6572,4989.56,6,6,1,0
2025-01-06 06:35:00,NSW1,57.00992,7306.54,6,6,1,0
2025-01-06 06:35:00,QLD1,50.28809,5819.8,6,6,1,0
2025-01-06 06:35:00,SA1,79.06155,1435.37,6,6,1,0
2025-01-06 06:35:00,TAS1,77.12,1053.32,6,6,1,0
2025-01-06 06:35:00,VIC1,74.6572,5026.69,6,6,1,0
2025-01-06 06:40:00,NSW1,72.19338,7380.02,6,6,1,0
2025-01-06 06:40:00,QLD1,64.08092,5783.35,6,6,1,0
2025-01-06 06:40:00,SA1,80.10136,1454.0,6,6,1,0
2025-01-06 06:40:00,TAS1,77.18,1050.32,6,6,1,0
2025-01-06 06:40:00,VIC1,75.29745,5026.51,6,6,1,0
2025-01-06 06:45:00,NSW1,56.98,7301.8,6,6,1,0
2025-01-06 06:45:00,QLD1,51.08626,5777.66,6,6,1,0
2025-01-06 06:45:00,SA1,79.4026,1460.89,6,6,1,0
2025-01-06 06:45:00,TAS1,77.12,1058.77,6,6,1,0
2025-01-06 06:45:00,VIC1,74.6572,5054.11,6,6,1,0
2025-01-06 06:50:00,NSW1,56.98,7273.4,6,6,1,0
2025-01-06 06:50:00,QLD1,44.94994,5770.16,6,6,1,0
2025-01-06 06:50:00,SA1,61.74895,1439.35,6,6,1,0
2025-01-06 06:50:00,TAS1,61.73693,1052.22,6,6,1,0
2025-01-06 06:50:00,VIC1,58.55807,5044.8,6,6,1,0
2025-01-06 06:55:00,NSW1,56.98,7252.21,6,6,1,0
2025-01-06 06:55:00,QLD1,-20.49,5708.51,6,6,1,0
2025-01-06 06:55:00,SA1,77.72627,1420.14,6,6,1,0
2025-01-06 06:55:00,TAS1,77.1,1049.65,6,6,1,0
2025-01-06 06:55:00,VIC1,74.0652,5055.01,6,6,1,0
2025-01-06 07:00:00,NSW1,57.00992,7243.24,7,6,1,0
2025-01-06 07:00:00,QLD1,-20.49,5706.29,7,6,1,0
2025-01-06 07:00:00,SA1,78.06037,1401.2,7,6,1,0
2025-01-06 07:00:00,TAS1,77.12,1057.64,7,6,1,0
2025-01-06 07:00:00,VIC1,74.8501,5084.39,7,6,1,0
2025-01-06 07:05:00,NSW1,36.00021,7190.13,7,6,1,0
2025-01-06 07:05:00,QLD1,-18.04,5699.55,7,6,1,0
2025-01-06 07:05:00,SA1,49.17373,1377.75,7,6,1,0
2025-01-06 07:05:00,TAS1,50.18,1064.82,7,6,1,0
2025-01-06 07:05:00,VIC1,47.47633,5061.51,7,6,1,0
2025-01-06 07:10:00,NSW1,74.50469,7325.03,7,6,1,0
2025-01-06 07:10:00,QLD1,-20.49,5694.95,7,6,1,0
2025-01-06 07:10:00,SA1,76.16062,1350.69,7,6,1,0
2025-01-06 07:10:00,TAS1,77.12,1069.75,7,6,1,0
2025-01-06 07:10:00,VIC1,74.27437,5083.48,7,6,1,0
2025-01-06 07:15:00,NSW1,73.51242,7252.19,7,6,1,0
2025-01-06 07:15:00,QLD1,-20.49,5726.21,7,6,1,0
2025-01-06 07:15:00,SA1,75.66436,1338.99,7,6,1,0
2025-01-06 07:15:00,TAS1,77.1,1069.54,7,6,1,0
2025-01-06 07:15:00,VIC1,73.87627,5107.46,7,6,1,0
2025-01-06 07:20:00,NSW1,75.49121,7259.56,7,6,1,0
2025-01-06 07:20:00,QLD1,-20.49,5668.12,7,6,1,0
2025-01-06 07:20:00,SA1,74.91855,1329.1,7,6,1,0
2025-01-06 07:20:00,TAS1,77.12,1060.03,7,6,1,0
2025-01-06 07:20:00,VIC1,74.6572,5148.23,7,6,1,0
2025-01-06 07:25:00,NSW1,74.91807,7202.24,7,6,1,0
2025-01-06 07:25:00,QLD1,-20.49,5596.16,7,6,1,0
2025-01-06 07:25:00,SA1,74.63202,1324.06,7,6,1,0
2025-01-06 07:25:00,TAS1,77.12,1062.53,7,6,1,0
2025-01-06 07:25:00,VIC1,74.6572,5167.95,7,6,1,0
2025-01-06 07:30:00,NSW1,74.93684,7243.89,7,6,1,0
2025-01-06 07:30:00,QLD1,-20.49,5581.99,7,6,1,0
2025-01-06 07:30:00,SA1,73.82794,1319.81,7,6,1,0
2025-01-06 07:30:00,TAS1,77.12,1064.32,7,6,1,0
2025-01-06 07:30:00,VIC1,74.6572,5190.49,7,6,1,0
2025-01-06 07:35:00,NSW1,76.72,7124.17,7,6,1,0
2025-01-06 07:35:00,QLD1,-20.49,5539.7,7,6,1,0
2025-01-06 07:35:00,SA1,78.90303,1333.37,7,6,1,0
2025-01-06 07:35:00,TAS1,83.19315,1057.66,7,6,1,0
2025-01-06 07:35:00,VIC1,78.9095,5208.63,7,6,1,0
2025-01-06 07:40:00,NSW1,76.72,7183.95,7,6,1,0
2025-01-06 07:40:00,QLD1,-20.49,5533.96,7,6,1,0
2025-01-06 07:40:00,SA1,106.98362,1343.42,7,6,1,0
2025-01-06 07:40:00,TAS1,113.6206,1045.0,7,6,1,0
2025-01-06 07:40:00,VIC1,107.77023,5219.83,7,6,1,0
2025-01-06 07:45:00,NSW1,76.72,7145.21,7,6,1,0
2025-01-06 07:45:00,QLD1,-20.49,5488.34,7,6,1,0
2025-01-06 07:45:00,SA1,115.48897,1340.15,7,6,1,0
2025-01-06 07:45:00,TAS1,120.26,1045.7,7,6,1,0
2025-01-06 07:45:00,VIC1,115.52635,5218.42,7,6,1,0
2025-01-06 07:50:00,NSW1,85.0,7138.4,7,6,1,0
2025-01-06 07:50:00,QLD1,-20.49,5497.41,7,6,1,0
2025-01-06 07:50:00,SA1,148.3828,1350.65,7,6,1,0
2025-01-06 07:50:00,TAS1,150.3,1047.52,7,6,1,0
2025-01-06 07:50:00,VIC1,148.03705,5246.09,7,6,1,0
2025-01-06 07:55:00,NSW1,75.64504,7120.25,7,6,1,0
2025-01-06 07:55:00,QLD1,-20.49,5458.63,7,6,1,0
2025-01-06 07:55:00,SA1,178.02,1350.22,7,6,1,0
2025-01-06 07:55:00,TAS1,150.88705,1060.28,7,6,1,0
2025-01-06 07:55:00,VIC1,177.80633,5298.19,7,6,1,0
2025-01-06 08:00:00,NSW1,75.9001,7110.07,8,6,1,0
2025-01-06 08:00:00,QLD1,-20.49,5395.94,8,6,1,0
2025-01-06 08:00:00,SA1,147.71362,1340.78,8,6,1,0
2025-01-06 08:00:00,TAS1,150.3,1052.52,8,6,1,0
2025-01-06 08:00:00,VIC1,147.51462,5307.52,8,6,1,0
2025-01-06 08:05:00,NSW1,75.9,7058.25,8,6,1,0
2025-01-06 08:05:00,QLD1,-20.49,5413.8,8,6,1,0
2025-01-06 08:05:00,SA1,175.51161,1319.83,8,6,1,0
2025-01-06 08:05:00,TAS1,181.21025,1054.74,8,6,1,0
2025-01-06 08:05:00,VIC1,178.54236,5352.53,8,6,1,0
2025-01-06 08:10:00,NSW1,75.9,7115.25,8,6,1,0
2025-01-06 08:10:00,QLD1,-25.88,5489.43,8,6,1,0
2025-01-06 08:10:00,SA1,175.37814,1311.69,8,6,1,0
2025-01-06 08:10:00,TAS1,182.60178,1060.08,8,6,1,0
2025-01-06 08:10:00,VIC1,179.40167,5374.21,8,6,1,0
2025-01-06 08:15:00,NSW1,75.9,7044.91,8,6,1,0
2025-01-06 08:15:00,QLD1,-30.11,5466.77,8,6,1,0
2025-01-06 08:15:00,SA1,231.91001,1280.3,8,6,1,0
2025-01-06 08:15:00,TAS1,242.77752,1059.14,8,6,1,0
2025-01-06 08:15:00,VIC1,238.43579,5429.72,8,6,1,0
2025-01-06 08:20:00,NSW1,76.72003,7025.29,8,6,1,0
2025-01-06 08:20:00,QLD1,-27.73,5544.42,8,6,1,0
2025-01-06 08:20:00,SA1,200.0,1272.09,8,6,1,0
2025-01-06 08:20:00,TAS1,210.04502,1069.17,8,6,1,0
2025-01-06 08:20:00,VIC1,205.72917,5422.61,8,6,1,0
2025-01-06 08:25:00,NSW1,76.72,7079.69,8,6,1,0
2025-01-06 08:25:00,QLD1,-30.11,5499.44,8,6,1,0
2025-01-06 08:25:00,SA1,227.50275,1251.2,8,6,1,0
2025-01-06 08:25:00,TAS1,239.97241,1069.73,8,6,1,0
2025-01-06 08:25:00,VIC1,235.97901,5425.98,8,6,1,0
2025-01-06 08:30:00,NSW1,87.5,7037.56,8,6,1,0
2025-01-06 08:30:00,QLD1,-30.11,5488.48,8,6,1,0
2025-01-06 08:30:00,SA1,158.11329,1240.34,8,6,1,0
2025-01-06 08:30:00,TAS1,118.26,1064.4,8,6,1,0
2025-01-06 08:30:00,VIC1,166.61212,5434.32,8,6,1,0
2025-01-06 08:35:00,NSW1,115.04645,7085.84,8,6,1,0
2025-01-06 08:35:00,QLD1,-25.92,5478.29,8,6,1,0
2025-01-06 08:35:00,SA1,111.83351,1226.53,8,6,1,0
2025-01-06 08:35:00,TAS1,117.26,1051.78,8,6,1,0
2025-01-06 08:35:00,VIC1,119.19916,5451.04,8,6,1,0
2025-01-06 08:40:00,NSW1,76.0,7090.76,8,6,1,0
2025-01-06 08:40:00,QLD1,-25.0,5528.93,8,6,1,0
2025-01-06 08:40:00,SA1,169.34493,1241.15,8,6,1,0
2025-01-06 08:40:00,TAS1,117.26,1057.26,8,6,1,0
2025-01-06 08:40:00,VIC1,179.02747,5434.57,8,6,1,0
2025-01-06 08:45:00,NSW1,89.62838,7052.52,8,6,1,0
2025-01-06 08:45:00,QLD1,-30.75,5453.73,8,6,1,0
2025-01-06 08:45:00,SA1,88.1064,1242.67,8,6,1,0
2025-01-06 08:45:00,TAS1,91.55523,1047.86,8,6,1,0
2025-01-06 08:45:00,VIC1,92.1955,5406.03,8,6,1,0
2025-01-06 08:50:00,NSW1,89.3379,7035.19,8,6,1,0
2025-01-06 08:50:00,QLD1,-30.75,5457.92,8,6,1,0
2025-01-06 08:50:00,SA1,88.07843,1233.17,8,6,1,0
2025-01-06 08:50:00,TAS1,93.3426,1029.19,8,6,1,0
2025-01-06 08:50:00,VIC1,93.24545,5439.56,8,6,1,0
2025-01-06 08:55:00,NSW1,76.72,7033.69,8,6,1,0
2025-01-06 08:55:00,QLD1,-30.75,5390.23,8,6,1,0
2025-01-06 08:55:00,SA1,178.02,1223.47,8,6,1,0
2025-01-06 08:55:00,TAS1,93.36743,1032.7,8,6,1,0
2025-01-06 08:55:00,VIC1,192.56864,5434.69,8,6,1,0
2025-01-06 09:00:00,NSW1,87.5001,7033.81,9,6,1,0
2025-01-06 09:00:00,QLD1,-30.11,5416.33,9,6,1,0
2025-01-06 09:00:00,SA1,115.68,1193.21,9,6,1,0
2025-01-06 09:00:00,TAS1,118.26,1038.31,9,6,1,0
2025-01-06 09:00:00,VIC1,123.99613,5441.0,9,6,1,0
2025-01-06 09:05:00,NSW1,87.5,6991.65,9,6,1,0
2025-01-06 09:05:00,QLD1,-30.75,5339.21,9,6,1,0
2025-01-06 09:05:00,SA1,100.0,1170.64,9,6,1,0
2025-01-06 09:05:00,TAS1,106.2578,1049.42,9,6,1,0
2025-01-06 09:05:00,VIC1,106.99409,5404.59,9,6,1,0
2025-01-06 09:10:00,NSW1,105.74,7090.69,9,6,1,0
2025-01-06 09:10:00,QLD1,-31.0,5283.36,9,6,1,0
2025-01-06 09:10:00,SA1,113.19957,1141.82,9,6,1,0
2025-01-06 09:10:00,TAS1,121.63,1052.74,9,6,1,0
2025-01-06 09:10:00,VIC1,122.13921,5416.46,9,6,1,0
2025-01-06 09:15:00,NSW1,87.5,7080.59,9,6,1,0
2025-01-06 09:15:00,QLD1,-30.75,5254.88,9,6,1,0
2025-01-06 09:15:00,SA1,111.10869,1138.51,9,6,1,0
2025-01-06 09:15:00,TAS1,120.35875,1038.57,9,6,1,0
2025-01-06 09:15:00,VIC1,119.91458,5386.75,9,6,1,0
2025-01-06 09:20:00,NSW1,87.5001,7108.73,9,6,1,0
2025-01-06 09:20:00,QLD1,-31.11,5245.49,9,6,1,0
2025-01-06 09:20:00,SA1,108.54268,1126.2,9,6,1,0
2025-01-06 09:20:00,TAS1,120.16,1029.92,9,6,1,0
2025-01-06 09:20:00,VIC1,118.425,5369.52,9,6,1,0
2025-01-06 09:25:00,NSW1,76.0,7073.29,9,6,1,0
2025-01-06 09:25:00,QLD1,-31.0,5257.5,9,6,1,0
2025-01-06 09:25:00,SA1,73.25651,1116.86,9,6,1,0
2025-01-06 09:25:00,TAS1,83.54441,1035.46,9,6,1,0
2025-01-06 09:25:00,VIC1,81.08542,5366.58,9,6,1,0
2025-01-06 09:30:00,NSW1,76.72,7061.81,9,6,1,0
2025-01-06 09:30:00,QLD1,-31.0,5257.65,9,6,1,0
2025-01-06 09:30:00,SA1,106.55271,1102.28,9,6,1,0
2025-01-06 09:30:00,TAS1,119.26,1034.73,9,6,1,0
2025-01-06 09:30:00,VIC1,116.35105,5366.26,9,6,1,0
2025-01-06 09:35:00,NSW1,76.72,7033.93,9,6,1,0
2025-01-06 09:35:00,QLD1,-31.11,5209.84,9,6,1,0
2025-01-06 09:35:00,SA1,72.64248,1094.47,9,6,1,0
2025-01-06 09:35:00,TAS1,80.78688,1027.55,9,6,1,0
2025-01-06 09:35:00,VIC1,78.81635,5342.65,9,6,1,0
2025-01-06 09:40:00,NSW1,76.72,7112.07,9,6,1,0
2025-01-06 09:40:00,QLD1,-31.11,5216.5,9,6,1,0
2025-01-06 09:40:00,SA1,71.16781,1087.95,9,6,1,0
2025-01-06 09:40:00,TAS1,79.70083,1028.34,9,6,1,0
2025-01-06 09:40:00,VIC1,77.55536,5329.5,9,6,1,0
2025-01-06 09:45:00,NSW1,48.62825,7127.87,9,6,1,0
2025-01-06 09:45:00,QLD1,-31.0,5156.25,9,6,1,0
2025-01-06 09:45:00,SA1,43.45435,1074.13,9,6,1,0
2025-01-06 09:45:00,TAS1,50.24,1012.68,9,6,1,0
2025-01-06 09:45:00,VIC1,48.38621,5332.78,9,6,1,0
2025-01-06 09:50:00,NSW1,76.0,7185.96,9,6,1,0
2025-01-06 09:50:00,QLD1,-31.2,5166.39,9,6,1,0
2025-01-06 09:50:00,SA1,67.49749,1056.0,9,6,1,0
2025-01-06 09:50:00,TAS1,77.2,1011.74,9,6,1,0
2025-01-06 09:50:00,VIC1,74.92775,5307.6,9,6,1,0
2025-01-06 09:55:00,NSW1,56.98,7204.94,9,6,1,0
2025-01-06 09:55:00,QLD1,-31.2,5146.99,9,6,1,0
2025-01-06 09:55:00,SA1,49.7587,1024.76,9,6,1,0
2025-01-06 09:55:00,TAS1,56.86137,987.38,9,6,1,0
2025-01-06 09:55:00,VIC1,55.18775,5301.59,9,6,1,0
2025-01-06 10:00:00,NSW1,56.98,7131.3,10,6,1,0
2025-01-06 10:00:00,QLD1,-31.0,5136.2,10,6,1,0
2025-01-06 10:00:00,SA1,48.06146,991.75,10,6,1,0
2025-01-06 10:00:00,TAS1,56.13322,1022.44,10,6,1,0
2025-01-06 10:00:00,VIC1,54.20094,5289.68,10,6,1,0
2025-01-06 10:05:00,NSW1,75.90005,7167.62,10,6,1,0
2025-01-06 10:05:00,QLD1,-31.11,5128.87,10,6,1,0
2025-01-06 10:05:00,SA1,62.7949,963.48,10,6,1,0
2025-01-06 10:05:00,TAS1,77.12,1015.86,10,6,1,0
2025-01-06 10:05:00,VIC1,72.68581,5234.06,10,6,1,0
2025-01-06 10:10:00,NSW1,49.58629,7232.46,10,6,1,0
2025-01-06 10:10:00,QLD1,-31.2,5191.93,10,6,1,0
2025-01-06 10:10:00,SA1,39.44024,911.71,10,6,1,0
2025-01-06 10:10:00,TAS1,50.06,1006.87,10,6,1,0
2025-01-06 10:10:00,VIC1,46.2569,5183.55,10,6,1,0
2025-01-06 10:15:00,NSW1,21.70742,7231.8,10,6,1,0
2025-01-06 10:15:00,QLD1,-32.9,5087.82,10,6,1,0
2025-01-06 10:15:00,SA1,14.86863,864.61,10,6,1,0
2025-01-06 10:15:00,TAS1,24.74767,1013.95,10,6,1,0
2025-01-06 10:15:00,VIC1,20.04,5121.68,10,6,1,0
2025-01-06 10:20:00,NSW1,21.15522,7237.92,10,6,1,0
2025-01-06 10:20:00,QLD1,-32.95,5157.84,10,6,1,0
2025-01-06 10:20:00,SA1,12.1857,831.45,10,6,1,0
2025-01-06 10:20:00,TAS1,22.75174,1001.38,10,6,1,0
2025-01-06 10:20:00,VIC1,19.19,5099.22,10,6,1,0
2025-01-06 10:25:00,NSW1,21.36433,7247.95,10,6,1,0
2025-01-06 10:25:00,QLD1,-32.95,5087.38,10,6,1,0
2025-01-06 10:25:00,SA1,14.59448,818.08,10,6,1,0
2025-01-06 10:25:00,TAS1,50.06,1014.64,10,6,1,0
2025-01-06 10:25:00,VIC1,19.19,5076.88,10,6,1,0
2025-01-06 10:30:00,NSW1,21.2555,7262.72,10,6,1,0
2025-01-06 10:30:00,QLD1,-34.14,5144.89,10,6,1,0
2025-01-06 10:30:00,SA1,16.31063,770.06,10,6,1,0
2025-01-06 10:30:00,TAS1,50.06,1000.31,10,6,1,0
2025-01-06 10:30:00,VIC1,19.19,5027.17,10,6,1,0
2025-01-06 10:35:00,NSW1,37.88,7245.3,10,6,1,0
2025-01-06 10:35:00,QLD1,-32.95,5199.81,10,6,1,0
2025-01-06 10:35:00,SA1,27.98998,757.36,10,6,1,0
2025-01-06 10:35:00,TAS1,119.26,1007.36,10,6,1,0
2025-01-06 10:35:00,VIC1,33.07501,5001.31,10,6,1,0
2025-01-06 10:40:00,NSW1,14.12228,7187.24,10,6,1,0
2025-01-06 10:40:00,QLD1,-34.2,5151.46,10,6,1,0
2025-01-06 10:40:00,SA1,10.15497,738.46,10,6,1,0
2025-01-06 10:40:00,TAS1,79.39109,1007.98,10,6,1,0
2025-01-06 10:40:00,VIC1,12.42,4953.05,10,6,1,0
2025-01-06 10:45:00,NSW1,38.51,7266.68,10,6,1,0
2025-01-06 10:45:00,QLD1,-34.86,5156.15,10,6,1,0
2025-01-06 10:45:00,SA1,22.89731,705.73,10,6,1,0
2025-01-06 10:45:00,TAS1,50.06,1012.15,10,6,1,0
2025-01-06 10:45:00,VIC1,32.4576,4940.4,10,6,1,0
2025-01-06 10:50:00,NSW1,23.33359,7286.22,10,6,1,0
2025-01-06 10:50:00,QLD1,-34.86,5127.39,10,6,1,0
2025-01-06 10:50:00,SA1,12.38267,733.33,10,6,1,0
2025-01-06 10:50:00,TAS1,50.06,1019.55,10,6,1,0
2025-01-06 10:50:00,VIC1,20.04,4859.5,10,6,1,0
2025-01-06 10:55:00,NSW1,22.73578,7284.75,10,6,1,0
2025-01-06 10:55:00,QLD1,-32.95,5152.51,10,6,1,0
2025-01-06 10:55:00,SA1,12.1857,709.13,10,6,1,0
2025-01-06 10:55:00,TAS1,22.39153,1012.29,10,6,1,0
2025-01-06 10:55:00,VIC1,19.19,4837.4,10,6,1,0
2025-01-06 11:00:00,NSW1,2e-05,7264.39,11,6,1,0
2025-01-06 11:00:00,QLD1,-32.9,5161.35,11,6,1,0
2025-01-06 11:00:00,SA1,1e-05,719.57,11,6,1,0
2025-01-06 11:00:00,TAS1,4.16002,1008.29,11,6,1,0
2025-01-06 11:00:00,VIC1,2e-05,4819.89,11,6,1,0
2025-01-06 11:05:00,NSW1,24.36404,7333.88,11,6,1,0
2025-01-06 11:05:00,QLD1,-34.14,5173.58,11,6,1,0
2025-01-06 11:05:00,SA1,-10.1,692.73,11,6,1,0
2025-01-06 11:05:00,TAS1,120.26,1010.71,11,6,1,0
2025-01-06 11:05:00,VIC1,20.04,4806.76,11,6,1,0
2025-01-06 11:10:00,NSW1,40.85312,7414.99,11,6,1,0
2025-01-06 11:10:00,QLD1,-35.1,5061.56,11,6,1,0
2025-01-06 11:10:00,SA1,-10.1,684.14,11,6,1,0
2025-01-06 11:10:00,TAS1,120.26,1014.05,11,6,1,0
2025-01-06 11:10:00,VIC1,33.0,4779.9,11,6,1,0
2025-01-06 11:15:00,NSW1,40.23738,7398.98,11,6,1,0
2025-01-06 11:15:00,QLD1,-32.95,5156.22,11,6,1,0
2025-01-06 11:15:00,SA1,-10.1,663.18,11,6,1,0
2025-01-06 11:15:00,TAS1,120.26,1020.22,11,6,1,0
2025-01-06 11:15:00,VIC1,32.99987,4756.39,11,6,1,0
2025-01-06 11:20:00,NSW1,39.87154,7423.05,11,6,1,0
2025-01-06 11:20:00,QLD1,-35.1,5100.93,11,6,1,0
2025-01-06 11:20:00,SA1,-19.9,662.23,11,6,1,0
2025-01-06 11:20:00,TAS1,120.26,1016.65,11,6,1,0
2025-01-06 11:20:00,VIC1,32.99883,4751.46,11,6,1,0
2025-01-06 11:25:00,NSW1,40.32684,7467.66,11,6,1,0
2025-01-06 11:25:00,QLD1,-34.86,5124.63,11,6,1,0
2025-01-06 11:25:00,SA1,-20.1,614.57,11,6,1,0
2025-01-06 11:25:00,TAS1,120.26,1011.68,11,6,1,0
2025-01-06 11:25:00,VIC1,33.00013,4768.42,11,6,1,0
2025-01-06 11:30:00,NSW1,40.63493,7528.49,11,6,1,0
2025-01-06 11:30:00,QLD1,-32.95,5109.71,11,6,1,0
2025-01-06 11:30:00,SA1,-20.1,627.38,11,6,1,0
2025-01-06 11:30:00,TAS1,120.26,1003.39,11,6,1,0
2025-01-06 11:30:00,VIC1,33.0,4768.48,11,6,1,0
2025-01-06 11:35:00,NSW1,40.42512,7552.11,11,6,1,0
2025-01-06 11:35:00,QLD1,-34.14,5128.13,11,6,1,0
2025-01-06 11:35:00,SA1,-19.97,583.84,11,6,1,0
2025-01-06 11:35:00,TAS1,120.26,1002.02,11,6,1,0
2025-01-06 11:35:00,VIC1,32.99896,4779.06,11,6,1,0
2025-01-06 11:40:00,NSW1,60.88,7674.67,11,6,1,0
2025-01-06 11:40:00,QLD1,-34.2,5110.97,11,6,1,0
2025-01-06 11:40:00,SA1,-10.1,644.59,11,6,1,0
2025-01-06 11:40:00,TAS1,120.26,996.55,11,6,1,0
2025-01-06 11:40:00,VIC1,49.01756,4768.42,11,6,1,0
2025-01-06 11:45:00,NSW1,45.0,7714.19,11,6,1,0
2025-01-06 11:45:00,QLD1,-32.9,5124.92,11,6,1,0
2025-01-06 11:45:00,SA1,-19.97,631.63,11,6,1,0
2025-01-06 11:45:00,TAS1,120.26,995.88,11,6,1,0
2025-01-06 11:45:00,VIC1,33.0,4707.13,11,6,1,0
2025-01-06 11:50:00,NSW1,41.63812,7724.44,11,6,1,0
2025-01-06 11:50:00,QLD1,-33.75,5126.3,11,6,1,0
2025-01-06 11:50:00,SA1,-19.97,656.0,11,6,1,0
2025-01-06 11:50:00,TAS1,120.26,987.77,11,6,1,0
2025-01-06 11:50:00,VIC1,33.0,4719.89,11,6,1,0
2025-01-06 11:55:00,NSW1,59.1,7731.94,11,6,1,0
2025-01-06 11:55:00,QLD1,-34.2,5145.2,11,6,1,0
2025-01-06 11:55:00,SA1,-10.1,687.37,11,6,1,0
2025-01-06 11:55:00,TAS1,120.26,991.35,11,6,1,0
2025-01-06 11:55:00,VIC1,8.70954,4682.22,11,6,1,0
2025-01-06 12:00:00,NSW1,56.98,7793.66,12,6,1,0
2025-01-06 12:00:00,QLD1,-35.0,5096.14,12,6,1,0
2025-01-06 12:00:00,SA1,1.74363,724.67,12,6,1,0
2025-01-06 12:00:00,TAS1,120.26,989.94,12,6,1,0
2025-01-06 12:00:00,VIC1,19.19,4628.13,12,6,1,0
2025-01-06 12:05:00,NSW1,75.9,7874.91,12,6,1,0
2025-01-06 12:05:00,QLD1,-35.1,4933.67,12,6,1,0
2025-01-06 12:05:00,SA1,-10.1,743.01,12,6,1,0
2025-01-06 12:05:00,TAS1,120.26,984.36,12,6,1,0
2025-01-06 12:05:00,VIC1,11.07,4608.07,12,6,1,0
2025-01-06 12:10:00,NSW1,15.33691,7951.84,12,6,1,0
2025-01-06 12:10:00,QLD1,-35.1,5007.43,12,6,1,0
2025-01-06 12:10:00,SA1,-20.1,697.48,12,6,1,0
2025-01-06 12:10:00,TAS1,120.26,980.19,12,6,1,0
2025-01-06 12:10:00,VIC1,8.95,4594.7,12,6,1,0
2025-01-06 12:15:00,NSW1,36.00019,7965.27,12,6,1,0
2025-01-06 12:15:00,QLD1,-32.0,5144.05,12,6,1,0
2025-01-06 12:15:00,SA1,-20.1,719.11,12,6,1,0
2025-01-06 12:15:00,TAS1,120.26,982.97,12,6,1,0
2025-01-06 12:15:00,VIC1,8.95,4612.71,12,6,1,0
2025-01-06 12:20:00,NSW1,36.0,8048.99,12,6,1,0
2025-01-06 12:20:00,QLD1,-34.0,5105.67,12,6,1,0
2025-01-06 12:20:00,SA1,-32.01,685.45,12,6,1,0
2025-01-06 12:20:00,TAS1,120.26,969.16,12,6,1,0
2025-01-06 12:20:00,VIC1,11.99896,4600.64,12,6,1,0
2025-01-06 12:25:00,NSW1,56.98,8062.73,12,6,1,0
2025-01-06 12:25:00,QLD1,-35.1,5109.84,12,6,1,0
2025-01-06 12:25:00,SA1,-32.25,684.31,12,6,1,0
2025-01-06 12:25:00,TAS1,120.26,975.56,12,6,1,0
2025-01-06 12:25:00,VIC1,12.78,4643.38,12,6,1,0
2025-01-06 12:30:00,NSW1,58.97993,8073.06,12,6,1,0
2025-01-06 12:30:00,QLD1,-32.9,5142.05,12,6,1,0
2025-01-06 12:30:00,SA1,-32.49998,678.47,12,6,1,0
2025-01-06 12:30:00,TAS1,120.26,970.89,12,6,1,0
2025-01-06 12:30:00,VIC1,11.99896,4665.28,12,6,1,0
2025-01-06 12:35:00,NSW1,36.00015,8093.77,12,6,1,0
2025-01-06 12:35:00,QLD1,-32.0,5198.68,12,6,1,0
2025-01-06 12:35:00,SA1,-35.0,692.23,12,6,1,0
2025-01-06 12:35:00,TAS1,120.26,968.71,12,6,1,0
2025-01-06 12:35:00,VIC1,11.99896,4669.89,12,6,1,0
2025-01-06 12:40:00,NSW1,118.38651,8126.42,12,6,1,0
2025-01-06 12:40:00,QLD1,-32.9,5207.51,12,6,1,0
2025-01-06 12:40:00,SA1,-35.99,687.75,12,6,1,0
2025-01-06 12:40:00,TAS1,120.26,969.88,12,6,1,0
2025-01-06 12:40:00,VIC1,-0.49,4595.33,12,6,1,0
2025-01-06 12:45:00,NSW1,91.15963,8246.86,12,6,1,0
2025-01-06 12:45:00,QLD1,-34.2,5134.06,12,6,1,0
2025-01-06 12:45:00,SA1,-35.99,701.2,12,6,1,0
2025-01-06 12:45:00,TAS1,120.26,968.19,12,6,1,0
2025-01-06 12:45:00,VIC1,-19.88,4563.31,12,6,1,0
2025-01-06 12:50:00,NSW1,84.99993,8323.1,12,6,1,0
2025-01-06 12:50:00,QLD1,-34.84,5216.38,12,6,1,0
2025-01-06 12:50:00,SA1,-33.0,713.28,12,6,1,0
2025-01-06 12:50:00,TAS1,120.26,964.61,12,6,1,0
2025-01-06 12:50:00,VIC1,-20.81,4461.5,12,6,1,0
2025-01-06 12:55:00,NSW1,93.09894,8430.45,12,6,1,0
2025-01-06 12:55:00,QLD1,-35.1,5186.94,12,6,1,0
2025-01-06 12:55:00,SA1,-33.0,752.16,12,6,1,0
2025-01-06 12:55:00,TAS1,120.26,965.42,12,6,1,0
2025-01-06 12:55:00,VIC1,-18.15,4383.84,12,6,1,0
2025-01-06 13:00:00,NSW1,84.95007,8468.03,13,6,1,0
2025-01-06 13:00:00,QLD1,-35.1,5212.37,13,6,1,0
2025-01-06 13:00:00,SA1,-32.25,749.33,13,6,1,0
2025-01-06 13:00:00,TAS1,120.26,960.96,13,6,1,0
2025-01-06 13:00:00,VIC1,-21.0,4359.68,13,6,1,0
2025-01-06 13:05:00,NSW1,75.89983,8571.98,13,6,1,0
2025-01-06 13:05:00,QLD1,-35.1,5337.48,13,6,1,0
2025-01-06 13:05:00,SA1,-32.25,723.44,13,6,1,0
2025-01-06 13:05:00,TAS1,120.26,958.93,13,6,1,0
2025-01-06 13:05:00,VIC1,-18.15,4331.86,13,6,1,0
2025-01-06 13:10:00,NSW1,40.36018,8657.12,13,6,1,0
2025-01-06 13:10:00,QLD1,-35.1,5294.54,13,6,1,0
2025-01-06 13:10:00,SA1,-32.01,703.27,13,6,1,0
2025-01-06 13:10:00,TAS1,120.26,958.13,13,6,1,0
2025-01-06 13:10:00,VIC1,0.0,4316.39,13,6,1,0
2025-01-06 13:15:00,NSW1,18.25146,8677.47,13,6,1,0
2025-01-06 13:15:00,QLD1,-34.14,5389.57,13,6,1,0
2025-01-06 13:15:00,SA1,-32.01,674.7,13,6,1,0
2025-01-06 13:15:00,TAS1,120.26,947.28,13,6,1,0
2025-01-06 13:15:00,VIC1,11.99896,4293.63,13,6,1,0
2025-01-06 13:20:00,NSW1,75.095,8764.36,13,6,1,0
2025-01-06 13:20:00,QLD1,-34.92,5385.71,13,6,1,0
2025-01-06 13:20:00,SA1,-32.01,661.22,13,6,1,0
2025-01-06 13:20:00,TAS1,120.26,948.39,13,6,1,0
2025-01-06 13:20:00,VIC1,8.94974,4221.06,13,6,1,0
2025-01-06 13:25:00,NSW1,76.00012,8897.89,13,6,1,0
2025-01-06 13:25:00,QLD1,-34.86,5412.6,13,6,1,0
2025-01-06 13:25:00,SA1,-32.01,662.82,13,6,1,0
2025-01-06 13:25:00,TAS1,120.26,943.39,13,6,1,0
2025-01-06 13:25:00,VIC1,8.95,4238.41,13,6,1,0
2025-01-06 13:30:00,NSW1,76.00003,9029.97,13,6,1,0
2025-01-06 13:30:00,QLD1,-34.84,5339.54,13,6,1,0
2025-01-06 13:30:00,SA1,-21.0,643.82,13,6,1,0
2025-01-06 13:30:00,TAS1,120.26,944.29,13,6,1,0
2025-01-06 13:30:00,VIC1,8.95,4220.88,13,6,1,0
2025-01-06 13:35:00,NSW1,74.715,9044.99,13,6,1,0
2025-01-06 13:35:00,QLD1,-34.14,5337.46,13,6,1,0
2025-01-06 13:35:00,SA1,-32.01,628.77,13,6,1,0
2025-01-06 13:35:00,TAS1,120.26,937.36,13,6,1,0
2025-01-06 13:35:00,VIC1,8.95,4262.29,13,6,1,0
2025-01-06 13:40:00,NSW1,37.88,9065.86,13,6,1,0
2025-01-06 13:40:00,QLD1,-34.14,5349.37,13,6,1,0
2025-01-06 13:40:00,SA1,-21.0,660.1,13,6,1,0
2025-01-06 13:40:00,TAS1,120.26,935.42,13,6,1,0
2025-01-06 13:40:00,VIC1,8.95,4257.31,13,6,1,0
2025-01-06 13:45:00,NSW1,0.0,9158.95,13,6,1,0
2025-01-06 13:45:00,QLD1,-31.99,5357.8,13,6,1,0
2025-01-06 13:45:00,SA1,-21.0,626.7,13,6,1,0
2025-01-06 13:45:00,TAS1,1.77,917.42,13,6,1,0
2025-01-06 13:45:00,VIC1,0.0,4208.4,13,6,1,0
2025-01-06 13:50:00,NSW1,37.88,9392.07,13,6,1,0
2025-01-06 13:50:00,QLD1,-31.99,5427.85,13,6,1,0
2025-01-06 13:50:00,SA1,-20.1,627.29,13,6,1,0
2025-01-06 13:50:00,TAS1,120.26,931.17,13,6,1,0
2025-01-06 13:50:00,VIC1,11.99896,4264.61,13,6,1,0
2025-01-06 13:55:00,NSW1,36.00024,9462.98,13,6,1,0
2025-01-06 13:55:00,QLD1,-32.0,5354.45,13,6,1,0
2025-01-06 13:55:00,SA1,-20.1,607.04,13,6,1,0
2025-01-06 13:55:00,TAS1,120.26,926.89,13,6,1,0
2025-01-06 13:55:00,VIC1,8.95,4269.95,13,6,1,0
2025-01-06 14:00:00,NSW1,42.99003,9562.16,14,6,1,0
2025-01-06 14:00:00,QLD1,-31.2,5386.38,14,6,1,0
2025-01-06 14:00:00,SA1,-20.1,608.18,14,6,1,0
2025-01-06 14:00:00,TAS1,11.71703,925.57,14,6,1,0
2025-01-06 14:00:00,VIC1,8.95,4293.42,14,6,1,0
2025-01-06 14:05:00,NSW1,36.00005,9581.67,14,6,1,0
2025-01-06 14:05:00,QLD1,-31.2,5443.3,14,6,1,0
2025-01-06 14:05:00,SA1,-20.1,614.05,14,6,1,0
2025-01-06 14:05:00,TAS1,12.82903,942.97,14,6,1,0
2025-01-06 14:05:00,VIC1,8.95,4326.85,14,6,1,0
2025-01-06 14:10:00,NSW1,36.00015,9668.75,14,6,1,0
2025-01-06 14:10:00,QLD1,-31.99,5475.74,14,6,1,0
2025-01-06 14:10:00,SA1,-31.95,601.81,14,6,1,0
2025-01-06 14:10:00,TAS1,10.88703,937.77,14,6,1,0
2025-01-06 14:10:00,VIC1,8.95,4320.62,14,6,1,0
2025-01-06 14:15:00,NSW1,36.00015,9786.07,14,6,1,0
2025-01-06 14:15:00,QLD1,-31.99,5492.48,14,6,1,0
2025-01-06 14:15:00,SA1,-32.0099,615.51,14,6,1,0
2025-01-06 14:15:00,TAS1,1.15,944.14,14,6,1,0
2025-01-06 14:15:00,VIC1,0.0,4306.17,14,6,1,0
2025-01-06 14:20:00,NSW1,36.00015,9847.25,14,6,1,0
2025-01-06 14:20:00,QLD1,-31.0,5532.39,14,6,1,0
2025-01-06 14:20:00,SA1,-21.0,630.84,14,6,1,0
2025-01-06 14:20:00,TAS1,1.97,938.41,14,6,1,0
2025-01-06 14:20:00,VIC1,0.0,4276.41,14,6,1,0
2025-01-06 14:25:00,NSW1,36.00015,9869.46,14,6,1,0
2025-01-06 14:25:00,QLD1,-31.0,5540.09,14,6,1,0
2025-01-06 14:25:00,SA1,-23.30801,603.22,14,6,1,0
2025-01-06 14:25:00,TAS1,120.26,941.41,14,6,1,0
2025-01-06 14:25:00,VIC1,0.0,4204.4,14,6,1,0
2025-01-06 14:30:00,NSW1,5.26344,9880.37,14,6,1,0
2025-01-06 14:30:00,QLD1,-31.0,5572.23,14,6,1,0
2025-01-06 14:30:00,SA1,-31.95,585.06,14,6,1,0
2025-01-06 14:30:00,TAS1,2.04,933.15,14,6,1,0
2025-01-06 14:30:00,VIC1,0.0,4182.84,14,6,1,0
2025-01-06 14:35:00,NSW1,24.37678,9997.7,14,6,1,0
2025-01-06 14:35:00,QLD1,-31.0,5641.2,14,6,1,0
2025-01-06 14:35:00,SA1,-32.0099,623.3,14,6,1,0
2025-01-06 14:35:00,TAS1,120.26,943.66,14,6,1,0
2025-01-06 14:35:00,VIC1,8.94974,4183.78,14,6,1,0
2025-01-06 14:40:00,NSW1,130.01,10153.38,14,6,1,0
2025-01-06 14:40:00,QLD1,-30.95,5652.74,14,6,1,0
2025-01-06 14:40:00,SA1,-32.25,620.65,14,6,1,0
2025-01-06 14:40:00,TAS1,-18.62856,824.61,14,6,1,0
2025-01-06 14:40:00,VIC1,-18.15,4220.23,14,6,1,0
2025-01-06 14:45:00,NSW1,36.00012,10236.1,14,6,1,0
2025-01-06 14:45:00,QLD1,-30.75,5784.51,14,6,1,0
2025-01-06 14:45:00,SA1,-32.01,656.22,14,6,1,0
2025-01-06 14:45:00,TAS1,32.68592,914.82,14,6,1,0
2025-01-06 14:45:00,VIC1,25.04,4227.85,14,6,1,0
2025-01-06 14:50:00,NSW1,160.02,10385.76,14,6,1,0
2025-01-06 14:50:00,QLD1,-30.75,5855.53,14,6,1,0
2025-01-06 14:50:00,SA1,-32.0099,658.3,14,6,1,0
2025-01-06 14:50:00,TAS1,13.61618,905.61,14,6,1,0
2025-01-06 14:50:00,VIC1,11.07,4188.6,14,6,1,0
2025-01-06 14:55:00,NSW1,160.02,10498.35,14,6,1,0
2025-01-06 14:55:00,QLD1,-25.0,5929.51,14,6,1,0
2025-01-06 14:55:00,SA1,-29.99,688.94,14,6,1,0
2025-01-06 14:55:00,TAS1,14.18412,925.39,14,6,1,0
2025-01-06 14:55:00,VIC1,8.95,4187.49,14,6,1,0
2025-01-06 15:00:00,NSW1,160.02,10603.41,15,6,1,0
2025-01-06 15:00:00,QLD1,-25.0,5904.14,15,6,1,0
2025-01-06 15:00:00,SA1,-20.1,690.61,15,6,1,0
2025-01-06 15:00:00,TAS1,4.36,930.51,15,6,1,0
2025-01-06 15:00:00,VIC1,0.0,4138.48,15,6,1,0
2025-01-06 15:05:00,NSW1,75.9,10602.15,15,6,1,0
2025-01-06 15:05:00,QLD1,44.95,5956.51,15,6,1,0
2025-01-06 15:05:00,SA1,-10.1,691.67,15,6,1,0
2025-01-06 15:05:00,TAS1,11.35384,919.7,15,6,1,0
2025-01-06 15:05:00,VIC1,8.94974,4113.92,15,6,1,0
2025-01-06 15:10:00,NSW1,299.99,10750.48,15,6,1,0
2025-01-06 15:10:00,QLD1,34.75,6030.55,15,6,1,0
2025-01-06 15:10:00,SA1,-21.0,660.11,15,6,1,0
2025-01-06 15:10:00,TAS1,14.67445,906.27,15,6,1,0
2025-01-06 15:10:00,VIC1,11.99583,4126.17,15,6,1,0
2025-01-06 15:15:00,NSW1,160.02,10784.76,15,6,1,0
2025-01-06 15:15:00,QLD1,55.75,6132.75,15,6,1,0
2025-01-06 15:15:00,SA1,-21.0,669.54,15,6,1,0
2025-01-06 15:15:00,TAS1,10.61086,904.83,15,6,1,0
2025-01-06 15:15:00,VIC1,8.95052,4140.23,15,6,1,0
2025-01-06 15:20:00,NSW1,160.02,10824.1,15,6,1,0
2025-01-06 15:20:00,QLD1,44.95,6161.99,15,6,1,0
2025-01-06 15:20:00,SA1,-20.1,673.76,15,6,1,0
2025-01-06 15:20:00,TAS1,11.41412,912.12,15,6,1,0
2025-01-06 15:20:00,VIC1,8.95,4116.3,15,6,1,0
2025-01-06 15:25:00,NSW1,160.02,10835.8,15,6,1,0
2025-01-06 15:25:00,QLD1,55.75,6237.3,15,6,1,0
2025-01-06 15:25:00,SA1,-19.9,689.71,15,6,1,0
2025-01-06 15:25:00,TAS1,11.28412,915.79,15,6,1,0
2025-01-06 15:25:00,VIC1,8.95,4093.18,15,6,1,0
2025-01-06 15:30:00,NSW1,160.02,10836.53,15,6,1,0
2025-01-06 15:30:00,QLD1,89.73,6325.0,15,6,1,0
2025-01-06 15:30:00,SA1,-20.1,708.0,15,6,1,0
2025-01-06 15:30:00,TAS1,11.35412,918.49,15,6,1,0
2025-01-06 15:30:00,VIC1,8.95,4070.43,15,6,1,0
2025-01-06 15:35:00,NSW1,130.01,10780.24,15,6,1,0
2025-01-06 15:35:00,QLD1,-25.0,6440.07,15,6,1,0
2025-01-06 15:35:00,SA1,-18.55108,720.5,15,6,1,0
2025-01-06 15:35:00,TAS1,13.60384,906.49,15,6,1,0
2025-01-06 15:35:00,VIC1,8.94974,4053.4,15,6,1,0
2025-01-06 15:40:00,NSW1,160.02,10808.59,15,6,1,0
2025-01-06 15:40:00,QLD1,-24.9999,6494.28,15,6,1,0
2025-01-06 15:40:00,SA1,-19.9,731.16,15,6,1,0
2025-01-06 15:40:00,TAS1,10.85384,909.81,15,6,1,0
2025-01-06 15:40:00,VIC1,8.94974,4049.1,15,6,1,0
2025-01-06 15:45:00,NSW1,299.99,10834.84,15,6,1,0
2025-01-06 15:45:00,QLD1,55.75002,6529.3,15,6,1,0
2025-01-06 15:45:00,SA1,8.07424,768.73,15,6,1,0
2025-01-06 15:45:00,TAS1,11.1503,914.28,15,6,1,0
2025-01-06 15:45:00,VIC1,8.95,3977.76,15,6,1,0
2025-01-06 15:50:00,NSW1,200.9,10791.71,15,6,1,0
2025-01-06 15:50:00,QLD1,36.63,6645.5,15,6,1,0
2025-01-06 15:50:00,SA1,9.1,786.49,15,6,1,0
2025-01-06 15:50:00,TAS1,15.43885,940.35,15,6,1,0
2025-01-06 15:50:00,VIC1,12.92042,4023.19,15,6,1,0
2025-01-06 15:55:00,NSW1,149.96,10715.4,15,6,1,0
2025-01-06 15:55:00,QLD1,36.63,6749.3,15,6,1,0
2025-01-06 15:55:00,SA1,9.1,786.0,15,6,1,0
2025-01-06 15:55:00,TAS1,14.98813,938.61,15,6,1,0
2025-01-06 15:55:00,VIC1,9.99396,3956.95,15,6,1,0
2025-01-06 16:00:00,NSW1,100.0,10622.66,16,6,1,0
2025-01-06 16:00:00,QLD1,36.63,6782.36,16,6,1,0
2025-01-06 16:00:00,SA1,0.0,828.54,16,6,1,0
2025-01-06 16:00:00,TAS1,120.26,943.46,16,6,1,0
2025-01-06 16:00:00,VIC1,0.0,3946.77,16,6,1,0
2025-01-06 16:05:00,NSW1,94.38122,10519.84,16,6,1,0
2025-01-06 16:05:00,QLD1,80.79,6836.23,16,6,1,0
2025-01-06 16:05:00,SA1,-3.34515,848.43,16,6,1,0
2025-01-06 16:05:00,TAS1,120.26,944.05,16,6,1,0
2025-01-06 16:05:00,VIC1,-3.67,3921.62,16,6,1,0
2025-01-06 16:10:00,NSW1,87.51,10479.29,16,6,1,0
2025-01-06 16:10:00,QLD1,74.97977,6901.24,16,6,1,0
2025-01-06 16:10:00,SA1,-3.61052,855.61,16,6,1,0
2025-01-06 16:10:00,TAS1,120.26,947.84,16,6,1,0
2025-01-06 16:10:00,VIC1,-4.0,3888.23,16,6,1,0
2025-01-06 16:15:00,NSW1,51.07891,10464.17,16,6,1,0
2025-01-06 16:15:00,QLD1,44.95003,6995.79,16,6,1,0
2025-01-06 16:15:00,SA1,7.57504,906.82,16,6,1,0
2025-01-06 16:15:00,TAS1,120.26,940.88,16,6,1,0
2025-01-06 16:15:00,VIC1,8.34044,3973.2,16,6,1,0
2025-01-06 16:20:00,NSW1,10.55601,10474.18,16,6,1,0
2025-01-06 16:20:00,QLD1,9.54516,7084.95,16,6,1,0
2025-01-06 16:20:00,SA1,7.61284,926.78,16,6,1,0
2025-01-06 16:20:00,TAS1,120.26,938.52,16,6,1,0
2025-01-06 16:20:00,VIC1,8.37044,3964.8,16,6,1,0
2025-01-06 16:25:00,NSW1,0.0,10484.17,16,6,1,0
2025-01-06 16:25:00,QLD1,0.0,7167.65,16,6,1,0
2025-01-06 16:25:00,SA1,0.0,936.09,16,6,1,0
2025-01-06 16:25:00,TAS1,120.26,953.34,16,6,1,0
2025-01-06 16:25:00,VIC1,0.0,4044.39,16,6,1,0
2025-01-06 16:30:00,NSW1,0.0,10513.04,16,6,1,0
2025-01-06 16:30:00,QLD1,0.0,7272.35,16,6,1,0
2025-01-06 16:30:00,SA1,0.0,950.55,16,6,1,0
2025-01-06 16:30:00,TAS1,120.26,974.6,16,6,1,0
2025-01-06 16:30:00,VIC1,0.0,4079.23,16,6,1,0
2025-01-06 16:35:00,NSW1,85.00018,10512.11,16,6,1,0
2025-01-06 16:35:00,QLD1,77.28715,7373.82,16,6,1,0
2025-01-06 16:35:00,SA1,8.24735,948.79,16,6,1,0
2025-01-06 16:35:00,TAS1,120.26,948.51,16,6,1,0
2025-01-06 16:35:00,VIC1,8.94948,4132.79,16,6,1,0
2025-01-06 16:40:00,NSW1,85.00018,10554.78,16,6,1,0
2025-01-06 16:40:00,QLD1,75.94004,7408.85,16,6,1,0
2025-01-06 16:40:00,SA1,7.8197,956.62,16,6,1,0
2025-01-06 16:40:00,TAS1,120.26,963.64,16,6,1,0
2025-01-06 16:40:00,VIC1,8.36018,4126.82,16,6,1,0
2025-01-06 16:45:00,NSW1,87.51,10531.54,16,6,1,0
2025-01-06 16:45:00,QLD1,79.34839,7548.16,16,6,1,0
2025-01-06 16:45:00,SA1,1e-05,978.68,16,6,1,0
2025-01-06 16:45:00,TAS1,120.26,972.09,16,6,1,0
2025-01-06 16:45:00,VIC1,1e-05,4195.26,16,6,1,0
2025-01-06 16:50:00,NSW1,100.0,10690.69,16,6,1,0
2025-01-06 16:50:00,QLD1,87.03463,7634.98,16,6,1,0
2025-01-06 16:50:00,SA1,8.46423,997.13,16,6,1,0
2025-01-06 16:50:00,TAS1,120.26,970.75,16,6,1,0
2025-01-06 16:50:00,VIC1,8.95,4181.87,16,6,1,0
2025-01-06 16:55:00,NSW1,100.0,10811.64,16,6,1,0
2025-01-06 16:55:00,QLD1,80.79,7682.11,16,6,1,0
2025-01-06 16:55:00,SA1,0.0,988.76,16,6,1,0
2025-01-06 16:55:00,TAS1,120.26,982.61,16,6,1,0
2025-01-06 16:55:00,VIC1,0.0,4196.14,16,6,1,0
2025-01-06 17:00:00,NSW1,100.0,10839.39,17,6,1,0
2025-01-06 17:00:00,QLD1,89.11034,7807.58,17,6,1,0
2025-01-06 17:00:00,SA1,7.6566,1002.7,17,6,1,0
2025-01-06 17:00:00,TAS1,120.26,980.52,17,6,1,0
2025-01-06 17:00:00,VIC1,8.59018,4205.11,17,6,1,0
2025-01-06 17:05:00,NSW1,100.0,10864.83,17,6,1,0
2025-01-06 17:05:00,QLD1,86.83004,7864.85,17,6,1,0
2025-01-06 17:05:00,SA1,-22.42591,999.73,17,6,1,0
2025-01-06 17:05:00,TAS1,120.26,977.86,17,6,1,0
2025-01-06 17:05:00,VIC1,8.95,4232.48,17,6,1,0
2025-01-06 17:10:00,NSW1,100.0,10856.09,17,6,1,0
2025-01-06 17:10:00,QLD1,86.83004,7784.39,17,6,1,0
2025-01-06 17:10:00,SA1,-28.06439,1010.9,17,6,1,0
2025-01-06 17:10:00,TAS1,120.26,987.6,17,6,1,0
2025-01-06 17:10:00,VIC1,-19.99,4184.14,17,6,1,0
2025-01-06 17:15:00,NSW1,100.0,10824.26,17,6,1,0
2025-01-06 17:15:00,QLD1,91.35168,7856.27,17,6,1,0
2025-01-06 17:15:00,SA1,-21.0,1047.2,17,6,1,0
2025-01-06 17:15:00,TAS1,120.26,970.53,17,6,1,0
2025-01-06 17:15:00,VIC1,-20.96,4214.12,17,6,1,0
2025-01-06 17:20:00,NSW1,130.01,10800.35,17,6,1,0
2025-01-06 17:20:00,QLD1,118.1177,7919.04,17,6,1,0
2025-01-06 17:20:00,SA1,-21.0,1071.5,17,6,1,0
2025-01-06 17:20:00,TAS1,120.26,957.25,17,6,1,0
2025-01-06 17:20:00,VIC1,-20.81,4204.97,17,6,1,0
2025-01-06 17:25:00,NSW1,135.89,10859.83,17,6,1,0
2025-01-06 17:25:00,QLD1,123.7181,8020.51,17,6,1,0
2025-01-06 17:25:00,SA1,-19.9,1062.16,17,6,1,0
2025-01-06 17:25:00,TAS1,120.26,950.26,17,6,1,0
2025-01-06 17:25:00,VIC1,-0.50308,4225.27,17,6,1,0
2025-01-06 17:30:00,NSW1,135.89,10887.57,17,6,1,0
2025-01-06 17:30:00,QLD1,127.142,8135.15,17,6,1,0
2025-01-06 17:30:00,SA1,-22.43299,1075.43,17,6,1,0
2025-01-06 17:30:00,TAS1,120.26,957.12,17,6,1,0
2025-01-06 17:30:00,VIC1,8.95,4222.82,17,6,1,0
2025-01-06 17:35:00,NSW1,135.89,10906.78,17,6,1,0
2025-01-06 17:35:00,QLD1,128.01858,8153.03,17,6,1,0
2025-01-06 17:35:00,SA1,-21.0,1057.76,17,6,1,0
2025-01-06 17:35:00,TAS1,120.26,974.92,17,6,1,0
2025-01-06 17:35:00,VIC1,8.95,4257.83,17,6,1,0
2025-01-06 17:40:00,NSW1,130.01,10848.54,17,6,1,0
2025-01-06 17:40:00,QLD1,120.83261,8081.03,17,6,1,0
2025-01-06 17:40:00,SA1,-21.0,1026.97,17,6,1,0
2025-01-06 17:40:00,TAS1,120.26,971.25,17,6,1,0
2025-01-06 17:40:00,VIC1,8.95026,4247.78,17,6,1,0
2025-01-06 17:45:00,NSW1,149.96,10855.38,17,6,1,0
2025-01-06 17:45:00,QLD1,140.37793,8133.8,17,6,1,0
2025-01-06 17:45:00,SA1,-29.99,1043.59,17,6,1,0
2025-01-06 17:45:00,TAS1,120.26,980.59,17,6,1,0
2025-01-06 17:45:00,VIC1,8.95,4232.09,17,6,1,0
2025-01-06 17:50:00,NSW1,135.89,10882.52,17,6,1,0
2025-01-06 17:50:00,QLD1,130.45621,8159.04,17,6,1,0
2025-01-06 17:50:00,SA1,-29.99,1092.59,17,6,1,0
2025-01-06 17:50:00,TAS1,120.26,978.01,17,6,1,0
2025-01-06 17:50:00,VIC1,9.0,4263.49,17,6,1,0
2025-01-06 17:55:00,NSW1,130.01,10795.07,17,6,1,0
2025-01-06 17:55:00,QLD1,130.31,8212.84,17,6,1,0
2025-01-06 17:55:00,SA1,-19.97,1129.25,17,6,1,0
2025-01-06 17:55:00,TAS1,120.26,981.02,17,6,1,0
2025-01-06 17:55:00,VIC1,8.95026,4235.29,17,6,1,0
2025-01-06 18:00:00,NSW1,130.01,10745.13,18,6,1,0
2025-01-06 18:00:00,QLD1,130.31,8208.25,18,6,1,0
2025-01-06 18:00:00,SA1,-22.44,1138.16,18,6,1,0
2025-01-06 18:00:00,TAS1,120.26,978.2,18,6,1,0
2025-01-06 18:00:00,VIC1,9.0,4300.17,18,6,1,0
2025-01-06 18:05:00,NSW1,135.89,10720.97,18,6,1,0
2025-01-06 18:05:00,QLD1,139.59493,8271.98,18,6,1,0
2025-01-06 18:05:00,SA1,8.44502,1155.67,18,6,1,0
2025-01-06 18:05:00,TAS1,120.26,980.35,18,6,1,0
2025-01-06 18:05:00,VIC1,9.0,4302.23,18,6,1,0
2025-01-06 18:10:00,NSW1,130.01,10680.1,18,6,1,0
2025-01-06 18:10:00,QLD1,129.36663,8211.45,18,6,1,0
2025-01-06 18:10:00,SA1,8.46872,1145.83,18,6,1,0
2025-01-06 18:10:00,TAS1,120.26,981.86,18,6,1,0
2025-01-06 18:10:00,VIC1,9.0,4296.39,18,6,1,0
2025-01-06 18:15:00,NSW1,108.11556,10563.98,18,6,1,0
2025-01-06 18:15:00,QLD1,110.83012,8210.72,18,6,1,0
2025-01-06 18:15:00,SA1,8.43253,1181.46,18,6,1,0
2025-01-06 18:15:00,TAS1,120.26,983.66,18,6,1,0
2025-01-06 18:15:00,VIC1,8.95026,4290.65,18,6,1,0
2025-01-06 18:20:00,NSW1,106.90131,10481.31,18,6,1,0
2025-01-06 18:20:00,QLD1,110.83012,8222.69,18,6,1,0
2025-01-06 18:20:00,SA1,8.32967,1212.39,18,6,1,0
2025-01-06 18:20:00,TAS1,120.26,978.44,18,6,1,0
2025-01-06 18:20:00,VIC1,8.95,4344.12,18,6,1,0
2025-01-06 18:25:00,NSW1,130.01,10485.79,18,6,1,0
2025-01-06 18:25:00,QLD1,134.12258,8260.75,18,6,1,0
2025-01-06 18:25:00,SA1,8.5012,1237.72,18,6,1,0
2025-01-06 18:25:00,TAS1,120.26,975.57,18,6,1,0
2025-01-06 18:25:00,VIC1,9.0,4373.48,18,6,1,0
2025-01-06 18:30:00,NSW1,142.46271,10461.68,18,6,1,0
2025-01-06 18:30:00,QLD1,147.73,8224.67,18,6,1,0
2025-01-06 18:30:00,SA1,8.37904,1245.48,18,6,1,0
2025-01-06 18:30:00,TAS1,120.26,970.68,18,6,1,0
2025-01-06 18:30:00,VIC1,9.0,4474.69,18,6,1,0
2025-01-06 18:35:00,NSW1,141.63998,10392.16,18,6,1,0
2025-01-06 18:35:00,QLD1,147.73,8232.28,18,6,1,0
2025-01-06 18:35:00,SA1,8.48987,1282.94,18,6,1,0
2025-01-06 18:35:00,TAS1,120.26,971.76,18,6,1,0
2025-01-06 18:35:00,VIC1,9.0,4462.14,18,6,1,0
2025-01-06 18:40:00,NSW1,160.02,10357.96,18,6,1,0
2025-01-06 18:40:00,QLD1,170.0048,8282.01,18,6,1,0
2025-01-06 18:40:00,SA1,8.35302,1302.33,18,6,1,0
2025-01-06 18:40:00,TAS1,120.26,972.49,18,6,1,0
2025-01-06 18:40:00,VIC1,8.95,4517.25,18,6,1,0
2025-01-06 18:45:00,NSW1,149.96,10332.98,18,6,1,0
2025-01-06 18:45:00,QLD1,156.32939,8238.3,18,6,1,0
2025-01-06 18:45:00,SA1,8.46833,1335.9,18,6,1,0
2025-01-06 18:45:00,TAS1,120.26,974.9,18,6,1,0
2025-01-06 18:45:00,VIC1,8.95052,4472.93,18,6,1,0
2025-01-06 18:50:00,NSW1,149.96,10333.37,18,6,1,0
2025-01-06 18:50:00,QLD1,153.32033,8168.87,18,6,1,0
2025-01-06 18:50:00,SA1,8.61431,1361.33,18,6,1,0
2025-01-06 18:50:00,TAS1,120.26,976.58,18,6,1,0
2025-01-06 18:50:00,VIC1,9.0,4497.74,18,6,1,0
2025-01-06 18:55:00,NSW1,149.96,10237.48,18,6,1,0
2025-01-06 18:55:00,QLD1,154.28607,8213.9,18,6,1,0
2025-01-06 18:55:00,SA1,8.73839,1375.19,18,6,1,0
2025-01-06 18:55:00,TAS1,120.26,971.21,18,6,1,0
2025-01-06 18:55:00,VIC1,9.0,4542.18,18,6,1,0
2025-01-06 19:00:00,NSW1,171.92486,10221.41,19,6,1,0
2025-01-06 19:00:00,QLD1,178.95,8183.52,19,6,1,0
2025-01-06 19:00:00,SA1,8.74113,1384.02,19,6,1,0
2025-01-06 19:00:00,TAS1,120.26,991.5,19,6,1,0
2025-01-06 19:00:00,VIC1,9.0,4548.82,19,6,1,0
2025-01-06 19:05:00,NSW1,156.15072,10177.07,19,6,1,0
2025-01-06 19:05:00,QLD1,160.51205,8170.52,19,6,1,0
2025-01-06 19:05:00,SA1,8.77906,1395.59,19,6,1,0
2025-01-06 19:05:00,TAS1,120.26,997.03,19,6,1,0
2025-01-06 19:05:00,VIC1,9.0,4547.13,19,6,1,0
2025-01-06 19:10:00,NSW1,143.78365,10140.66,19,6,1,0
2025-01-06 19:10:00,QLD1,147.73,8158.56,19,6,1,0
2025-01-06 19:10:00,SA1,17.62661,1413.65,19,6,1,0
2025-01-06 19:10:00,TAS1,120.26,997.74,19,6,1,0
2025-01-06 19:10:00,VIC1,17.99,4571.08,19,6,1,0
2025-01-06 19:15:00,NSW1,143.3606,10098.52,19,6,1,0
2025-01-06 19:15:00,QLD1,147.73,8094.15,19,6,1,0
2025-01-06 19:15:00,SA1,17.77425,1442.75,19,6,1,0
2025-01-06 19:15:00,TAS1,120.26,999.56,19,6,1,0
2025-01-06 19:15:00,VIC1,17.99,4610.08,19,6,1,0
2025-01-06 19:20:00,NSW1,143.38255,10054.5,19,6,1,0
2025-01-06 19:20:00,QLD1,148.08802,8127.81,19,6,1,0
2025-01-06 19:20:00,SA1,17.5915,1445.49,19,6,1,0
2025-01-06 19:20:00,TAS1,120.26,998.36,19,6,1,0
2025-01-06 19:20:00,VIC1,17.99,4621.29,19,6,1,0
2025-01-06 19:25:00,NSW1,135.89,10014.54,19,6,1,0
2025-01-06 19:25:00,QLD1,141.94608,8114.06,19,6,1,0
2025-01-06 19:25:00,SA1,34.88384,1482.48,19,6,1,0
2025-01-06 19:25:00,TAS1,120.26,992.89,19,6,1,0
2025-01-06 19:25:00,VIC1,35.0,4670.85,19,6,1,0
2025-01-06 19:30:00,NSW1,141.38856,9960.33,19,6,1,0
2025-01-06 19:30:00,QLD1,147.73,8138.23,19,6,1,0
2025-01-06 19:30:00,SA1,21.15802,1490.59,19,6,1,0
2025-01-06 19:30:00,TAS1,120.26,1002.7,19,6,1,0
2025-01-06 19:30:00,VIC1,21.28741,4640.11,19,6,1,0
2025-01-06 19:35:00,NSW1,139.69829,9948.41,19,6,1,0
2025-01-06 19:35:00,QLD1,147.73,8150.21,19,6,1,0
2025-01-06 19:35:00,SA1,40.61014,1482.01,19,6,1,0
2025-01-06 19:35:00,TAS1,120.26,997.35,19,6,1,0
2025-01-06 19:35:00,VIC1,40.76088,4668.49,19,6,1,0
2025-01-06 19:40:00,NSW1,131.66273,9874.88,19,6,1,0
2025-01-06 19:40:00,QLD1,139.73002,8043.64,19,6,1,0
2025-01-06 19:40:00,SA1,32.7516,1477.17,19,6,1,0
2025-01-06 19:40:00,TAS1,120.26,1004.92,19,6,1,0
2025-01-06 19:40:00,VIC1,33.0,4665.31,19,6,1,0
2025-01-06 19:45:00,NSW1,130.01,9841.47,19,6,1,0
2025-01-06 19:45:00,QLD1,135.31847,7986.28,19,6,1,0
2025-01-06 19:45:00,SA1,45.22,1502.02,19,6,1,0
2025-01-06 19:45:00,TAS1,120.26,995.71,19,6,1,0
2025-01-06 19:45:00,VIC1,46.29565,4691.12,19,6,1,0
2025-01-06 19:50:00,NSW1,126.07532,9804.11,19,6,1,0
2025-01-06 19:50:00,QLD1,130.31,7948.64,19,6,1,0
2025-01-06 19:50:00,SA1,35.95,1511.36,19,6,1,0
2025-01-06 19:50:00,TAS1,120.26,1001.41,19,6,1,0
2025-01-06 19:50:00,VIC1,36.29723,4709.95,19,6,1,0
2025-01-06 19:55:00,NSW1,108.60765,9734.76,19,6,1,0
2025-01-06 19:55:00,QLD1,112.75,7910.88,19,6,1,0
2025-01-06 19:55:00,SA1,32.92401,1510.5,19,6,1,0
2025-01-06 19:55:00,TAS1,120.26,999.4,19,6,1,0
2025-01-06 19:55:00,VIC1,33.0,4678.47,19,6,1,0
2025-01-06 20:00:00,NSW1,109.25489,9723.07,20,6,1,0
2025-01-06 20:00:00,QLD1,112.75,7927.82,20,6,1,0
2025-01-06 20:00:00,SA1,37.54171,1502.19,20,6,1,0
2025-01-06 20:00:00,TAS1,120.26,999.6,20,6,1,0
2025-01-06 20:00:00,VIC1,37.91276,4687.17,20,6,1,0
2025-01-06 20:05:00,NSW1,130.01,9673.83,20,6,1,0
2025-01-06 20:05:00,QLD1,129.30969,7918.78,20,6,1,0
2025-01-06 20:05:00,SA1,45.22,1523.31,20,6,1,0
2025-01-06 20:05:00,TAS1,120.26,1001.14,20,6,1,0
2025-01-06 20:05:00,VIC1,45.59534,4673.51,20,6,1,0
2025-01-06 20:10:00,NSW1,123.11267,9553.29,20,6,1,0
2025-01-06 20:10:00,QLD1,122.95,7851.8,20,6,1,0
2025-01-06 20:10:00,SA1,45.22,1498.98,20,6,1,0
2025-01-06 20:10:00,TAS1,120.26,994.71,20,6,1,0
2025-01-06 20:10:00,VIC1,46.6828,4693.32,20,6,1,0
2025-01-06 20:15:00,NSW1,130.01,9548.52,20,6,1,0
2025-01-06 20:15:00,QLD1,128.93416,7806.21,20,6,1,0
2025-01-06 20:15:00,SA1,63.3054,1500.46,20,6,1,0
2025-01-06 20:15:00,TAS1,120.26,998.12,20,6,1,0
2025-01-06 20:15:00,VIC1,65.8,4693.83,20,6,1,0
2025-01-06 20:20:00,NSW1,129.10889,9424.94,20,6,1,0
2025-01-06 20:20:00,QLD1,130.31,7817.37,20,6,1,0
2025-01-06 20:20:00,SA1,45.22,1489.75,20,6,1,0
2025-01-06 20:20:00,TAS1,120.26,1002.42,20,6,1,0
2025-01-06 20:20:00,VIC1,46.681,4669.81,20,6,1,0
2025-01-06 20:25:00,NSW1,120.44712,9372.55,20,6,1,0
2025-01-06 20:25:00,QLD1,122.95,7792.77,20,6,1,0
2025-01-06 20:25:00,SA1,60.77942,1514.51,20,6,1,0
2025-01-06 20:25:00,TAS1,120.26,993.06,20,6,1,0
2025-01-06 20:25:00,VIC1,63.76651,4699.84,20,6,1,0
2025-01-06 20:30:00,NSW1,105.74231,9309.71,20,6,1,0
2025-01-06 20:30:00,QLD1,109.7,7708.63,20,6,1,0
2025-01-06 20:30:00,SA1,45.22,1509.78,20,6,1,0
2025-01-06 20:30:00,TAS1,120.26,995.63,20,6,1,0
2025-01-06 20:30:00,VIC1,46.94794,4679.06,20,6,1,0
2025-01-06 20:35:00,NSW1,105.21285,9257.64,20,6,1,0
2025-01-06 20:35:00,QLD1,109.7,7683.34,20,6,1,0
2025-01-06 20:35:00,SA1,45.22,1508.32,20,6,1,0
2025-01-06 20:35:00,TAS1,120.26,996.08,20,6,1,0
2025-01-06 20:35:00,VIC1,46.91194,4644.23,20,6,1,0
2025-01-06 20:40:00,NSW1,100.0,9238.57,20,6,1,0
2025-01-06 20:40:00,QLD1,104.09054,7598.66,20,6,1,0
2025-01-06 20:40:00,SA1,45.22,1522.87,20,6,1,0
2025-01-06 20:40:00,TAS1,120.26,996.5,20,6,1,0
2025-01-06 20:40:00,VIC1,46.6765,4625.66,20,6,1,0
2025-01-06 20:45:00,NSW1,100.0,9168.92,20,6,1,0
2025-01-06 20:45:00,QLD1,104.71384,7617.92,20,6,1,0
2025-01-06 20:45:00,SA1,45.22,1536.25,20,6,1,0
2025-01-06 20:45:00,TAS1,120.26,990.22,20,6,1,0
2025-01-06 20:45:00,VIC1,46.47482,4621.92,20,6,1,0
2025-01-06 20:50:00,NSW1,89.80254,9030.44,20,6,1,0
2025-01-06 20:50:00,QLD1,93.83012,7547.48,20,6,1,0
2025-01-06 20:50:00,SA1,32.20802,1522.52,20,6,1,0
2025-01-06 20:50:00,TAS1,120.26,992.83,20,6,1,0
2025-01-06 20:50:00,VIC1,33.0,4571.24,20,6,1,0
2025-01-06 20:55:00,NSW1,87.51,9008.01,20,6,1,0
2025-01-06 20:55:00,QLD1,91.38857,7546.67,20,6,1,0
2025-01-06 20:55:00,SA1,34.71916,1528.18,20,6,1,0
2025-01-06 20:55:00,TAS1,120.26,987.23,20,6,1,0
2025-01-06 20:55:00,VIC1,35.42422,4575.44,20,6,1,0
2025-01-06 21:00:00,NSW1,87.51,8921.58,21,6,1,0
2025-01-06 21:00:00,QLD1,92.43478,7528.95,21,6,1,0
2025-01-06 21:00:00,SA1,32.20327,1511.61,21,6,1,0
2025-01-06 21:00:00,TAS1,120.26,989.67,21,6,1,0
2025-01-06 21:00:00,VIC1,33.0,4553.22,21,6,1,0
2025-01-06 21:05:00,NSW1,85.0,8872.67,21,6,1,0
2025-01-06 21:05:00,QLD1,89.00861,7409.53,21,6,1,0
2025-01-06 21:05:00,SA1,32.19826,1511.38,21,6,1,0
2025-01-06 21:05:00,TAS1,120.26,993.75,21,6,1,0
2025-01-06 21:05:00,VIC1,32.99991,4472.19,21,6,1,0
2025-01-06 21:10:00,NSW1,87.51,8896.2,21,6,1,0
2025-01-06 21:10:00,QLD1,92.84595,7474.54,21,6,1,0
2025-01-06 21:10:00,SA1,32.59014,1531.12,21,6,1,0
2025-01-06 21:10:00,TAS1,120.26,990.6,21,6,1,0
2025-01-06 21:10:00,VIC1,33.0,4438.29,21,6,1,0
2025-01-06 21:15:00,NSW1,87.51,8904.21,21,6,1,0
2025-01-06 21:15:00,QLD1,92.86074,7453.83,21,6,1,0
2025-01-06 21:15:00,SA1,17.5268,1510.27,21,6,1,0
2025-01-06 21:15:00,TAS1,120.26,989.63,21,6,1,0
2025-01-06 21:15:00,VIC1,17.99,4424.45,21,6,1,0
2025-01-06 21:20:00,NSW1,82.98058,8881.78,21,6,1,0
2025-01-06 21:20:00,QLD1,86.83004,7359.98,21,6,1,0
2025-01-06 21:20:00,SA1,7.11283,1492.69,21,6,1,0
2025-01-06 21:20:00,TAS1,120.26,987.81,21,6,1,0
2025-01-06 21:20:00,VIC1,12.0,4387.49,21,6,1,0
2025-01-06 21:25:00,NSW1,83.31152,8813.73,21,6,1,0
2025-01-06 21:25:00,QLD1,86.63,7375.09,21,6,1,0
2025-01-06 21:25:00,SA1,11.39844,1481.53,21,6,1,0
2025-01-06 21:25:00,TAS1,120.26,975.64,21,6,1,0
2025-01-06 21:25:00,VIC1,12.0,4363.11,21,6,1,0
2025-01-06 21:30:00,NSW1,83.94133,8743.09,21,6,1,0
2025-01-06 21:30:00,QLD1,86.63,7318.1,21,6,1,0
2025-01-06 21:30:00,SA1,11.56222,1483.95,21,6,1,0
2025-01-06 21:30:00,TAS1,120.26,975.14,21,6,1,0
2025-01-06 21:30:00,VIC1,12.0,4355.91,21,6,1,0
2025-01-06 21:35:00,NSW1,87.51,8688.64,21,6,1,0
2025-01-06 21:35:00,QLD1,91.92974,7315.71,21,6,1,0
2025-01-06 21:35:00,SA1,31.08766,1462.26,21,6,1,0
2025-01-06 21:35:00,TAS1,120.26,971.14,21,6,1,0
2025-01-06 21:35:00,VIC1,33.0,4357.02,21,6,1,0
2025-01-06 21:40:00,NSW1,87.5,8672.59,21,6,1,0
2025-01-06 21:40:00,QLD1,92.49974,7319.97,21,6,1,0
2025-01-06 21:40:00,SA1,31.81006,1476.33,21,6,1,0
2025-01-06 21:40:00,TAS1,120.26,965.81,21,6,1,0
2025-01-06 21:40:00,VIC1,33.0,4298.11,21,6,1,0
2025-01-06 21:45:00,NSW1,85.00015,8616.66,21,6,1,0
2025-01-06 21:45:00,QLD1,89.82031,7317.95,21,6,1,0
2025-01-06 21:45:00,SA1,31.88764,1460.29,21,6,1,0
2025-01-06 21:45:00,TAS1,120.26,973.45,21,6,1,0
2025-01-06 21:45:00,VIC1,33.0,4284.65,21,6,1,0
2025-01-06 21:50:00,NSW1,85.0,8603.01,21,6,1,0
2025-01-06 21:50:00,QLD1,89.66849,7241.83,21,6,1,0
2025-01-06 21:50:00,SA1,8.71105,1453.02,21,6,1,0
2025-01-06 21:50:00,TAS1,120.26,968.21,21,6,1,0
2025-01-06 21:50:00,VIC1,8.95,4236.3,21,6,1,0
2025-01-06 21:55:00,NSW1,82.16212,8553.89,21,6,1,0
2025-01-06 21:55:00,QLD1,86.63,7243.42,21,6,1,0
2025-01-06 21:55:00,SA1,32.05874,1469.2,21,6,1,0
2025-01-06 21:55:00,TAS1,120.26,966.4,21,6,1,0
2025-01-06 21:55:00,VIC1,33.0,4208.86,21,6,1,0
2025-01-06 22:00:00,NSW1,76.77,8481.05,22,6,1,0
2025-01-06 22:00:00,QLD1,80.80204,7176.88,22,6,1,0
2025-01-06 22:00:00,SA1,8.7999,1453.21,22,6,1,0
2025-01-06 22:00:00,TAS1,120.26,963.22,22,6,1,0
2025-01-06 22:00:00,VIC1,9.0,4176.72,22,6,1,0
2025-01-06 22:05:00,NSW1,84.94806,8396.78,22,6,1,0
2025-01-06 22:05:00,QLD1,89.73,7083.62,22,6,1,0
2025-01-06 22:05:00,SA1,4.2991,1438.4,22,6,1,0
2025-01-06 22:05:00,TAS1,120.26,961.67,22,6,1,0
2025-01-06 22:05:00,VIC1,9.0,4141.64,22,6,1,0
2025-01-06 22:10:00,NSW1,87.51,8373.88,22,6,1,0
2025-01-06 22:10:00,QLD1,92.89072,7047.98,22,6,1,0
2025-01-06 22:10:00,SA1,11.40644,1433.56,22,6,1,0
2025-01-06 22:10:00,TAS1,120.26,949.18,22,6,1,0
2025-01-06 22:10:00,VIC1,12.0,4150.55,22,6,1,0
2025-01-06 22:15:00,NSW1,87.51,8362.71,22,6,1,0
2025-01-06 22:15:00,QLD1,93.35455,6985.5,22,6,1,0
2025-01-06 22:15:00,SA1,11.32701,1431.21,22,6,1,0
2025-01-06 22:15:00,TAS1,120.26,952.7,22,6,1,0
2025-01-06 22:15:00,VIC1,12.0,4136.1,22,6,1,0
2025-01-06 22:20:00,NSW1,85.0,8330.15,22,6,1,0
2025-01-06 22:20:00,QLD1,89.99762,6922.49,22,6,1,0
2025-01-06 22:20:00,SA1,31.25448,1426.97,22,6,1,0
2025-01-06 22:20:00,TAS1,120.26,940.9,22,6,1,0
2025-01-06 22:20:00,VIC1,33.0,4132.09,22,6,1,0
2025-01-06 22:25:00,NSW1,85.0,8222.48,22,6,1,0
2025-01-06 22:25:00,QLD1,91.54043,6912.76,22,6,1,0
2025-01-06 22:25:00,SA1,31.00506,1413.74,22,6,1,0
2025-01-06 22:25:00,TAS1,120.26,942.48,22,6,1,0
2025-01-06 22:25:00,VIC1,33.0,4144.94,22,6,1,0
2025-01-06 22:30:00,NSW1,85.0,8221.58,22,6,1,0
2025-01-06 22:30:00,QLD1,90.8526,6811.15,22,6,1,0
2025-01-06 22:30:00,SA1,8.34436,1402.24,22,6,1,0
2025-01-06 22:30:00,TAS1,120.26,946.55,22,6,1,0
2025-01-06 22:30:00,VIC1,8.95,4139.64,22,6,1,0
2025-01-06 22:35:00,NSW1,87.50005,8116.4,22,6,1,0
2025-01-06 22:35:00,QLD1,93.83006,6769.86,22,6,1,0
2025-01-06 22:35:00,SA1,66.09785,1407.23,22,6,1,0
2025-01-06 22:35:00,TAS1,120.26,938.35,22,6,1,0
2025-01-06 22:35:00,VIC1,69.58808,4104.22,22,6,1,0
2025-01-06 22:40:00,NSW1,87.416,8078.12,22,6,1,0
2025-01-06 22:40:00,QLD1,93.83006,6774.66,22,6,1,0
2025-01-06 22:40:00,SA1,31.19585,1385.74,22,6,1,0
2025-01-06 22:40:00,TAS1,120.26,943.5,22,6,1,0
2025-01-06 22:40:00,VIC1,33.0,4103.43,22,6,1,0
2025-01-06 22:45:00,NSW1,84.19985,7996.27,22,6,1,0
2025-01-06 22:45:00,QLD1,89.73,6741.34,22,6,1,0
2025-01-06 22:45:00,SA1,31.2075,1387.58,22,6,1,0
2025-01-06 22:45:00,TAS1,120.26,926.71,22,6,1,0
2025-01-06 22:45:00,VIC1,33.0,4087.76,22,6,1,0
2025-01-06 22:50:00,NSW1,81.92715,7950.39,22,6,1,0
2025-01-06 22:50:00,QLD1,86.63,6669.09,22,6,1,0
2025-01-06 22:50:00,SA1,31.44582,1394.79,22,6,1,0
2025-01-06 22:50:00,TAS1,120.26,930.1,22,6,1,0
2025-01-06 22:50:00,VIC1,33.0,4073.06,22,6,1,0
2025-01-06 22:55:00,NSW1,84.99985,7958.34,22,6,1,0
2025-01-06 22:55:00,QLD1,89.33305,6653.3,22,6,1,0
2025-01-06 22:55:00,SA1,8.42755,1375.1,22,6,1,0
2025-01-06 22:55:00,TAS1,120.26,929.06,22,6,1,0
2025-01-06 22:55:00,VIC1,8.95,4057.66,22,6,1,0
2025-01-06 23:00:00,NSW1,85.0,7915.1,23,6,1,0
2025-01-06 23:00:00,QLD1,89.88519,6672.08,23,6,1,0
2025-01-06 23:00:00,SA1,8.40839,1387.65,23,6,1,0
2025-01-06 23:00:00,TAS1,120.26,924.21,23,6,1,0
2025-01-06 23:00:00,VIC1,8.95,4023.84,23,6,1,0
2025-01-06 23:05:00,NSW1,76.77,7788.18,23,6,1,0
2025-01-06 23:05:00,QLD1,79.46762,6551.47,23,6,1,0
2025-01-06 23:05:00,SA1,-19.97,1369.53,23,6,1,0
2025-01-06 23:05:00,TAS1,120.26,920.41,23,6,1,0
2025-01-06 23:05:00,VIC1,8.95,4058.82,23,6,1,0
2025-01-06 23:10:00,NSW1,76.77,7779.25,23,6,1,0
2025-01-06 23:10:00,QLD1,80.98224,6634.75,23,6,1,0
2025-01-06 23:10:00,SA1,36.12807,1398.38,23,6,1,0
2025-01-06 23:10:00,TAS1,120.26,921.72,23,6,1,0
2025-01-06 23:10:00,VIC1,39.00009,4203.81,23,6,1,0
2025-01-06 23:15:00,NSW1,76.77,7709.99,23,6,1,0
2025-01-06 23:15:00,QLD1,81.48435,6634.34,23,6,1,0
2025-01-06 23:15:00,SA1,42.85251,1367.39,23,6,1,0
2025-01-06 23:15:00,TAS1,120.26,921.25,23,6,1,0
2025-01-06 23:15:00,VIC1,45.84963,4262.59,23,6,1,0
2025-01-06 23:20:00,NSW1,75.9002,7712.53,23,6,1,0
2025-01-06 23:20:00,QLD1,79.47085,6542.96,23,6,1,0
2025-01-06 23:20:00,SA1,27.64671,1338.67,23,6,1,0
2025-01-06 23:20:00,TAS1,120.26,909.69,23,6,1,0
2025-01-06 23:20:00,VIC1,8.95,4232.73,23,6,1,0
2025-01-06 23:25:00,NSW1,75.9002,7695.24,23,6,1,0
2025-01-06 23:25:00,QLD1,78.97228,6544.84,23,6,1,0
2025-01-06 23:25:00,SA1,53.64815,1357.96,23,6,1,0
2025-01-06 23:25:00,TAS1,120.26,914.29,23,6,1,0
2025-01-06 23:25:00,VIC1,54.89308,4238.75,23,6,1,0
2025-01-06 23:30:00,NSW1,75.01728,7678.93,23,6,1,0
2025-01-06 23:30:00,QLD1,77.95,6477.71,23,6,1,0
2025-01-06 23:30:00,SA1,27.47083,1365.31,23,6,1,0
2025-01-06 23:30:00,TAS1,120.26,922.7,23,6,1,0
2025-01-06 23:30:00,VIC1,8.95,4254.39,23,6,1,0
2025-01-06 23:35:00,NSW1,85.0,7633.56,23,6,1,0
2025-01-06 23:35:00,QLD1,86.63,6389.93,23,6,1,0
2025-01-06 23:35:00,SA1,54.80216,1415.81,23,6,1,0
2025-01-06 23:35:00,TAS1,120.26,911.31,23,6,1,0
2025-01-06 23:35:00,VIC1,69.91361,4283.94,23,6,1,0
2025-01-06 23:40:00,NSW1,75.9002,7546.63,23,6,1,0
2025-01-06 23:40:00,QLD1,78.75286,6473.28,23,6,1,0
2025-01-06 23:40:00,SA1,51.69515,1418.86,23,6,1,0
2025-01-06 23:40:00,TAS1,120.26,909.61,23,6,1,0
2025-01-06 23:40:00,VIC1,61.4366,4235.93,23,6,1,0
2025-01-06 23:45:00,NSW1,75.57842,7516.35,23,6,1,0
2025-01-06 23:45:00,QLD1,77.95,6485.69,23,6,1,0
2025-01-06 23:45:00,SA1,22.64411,1404.7,23,6,1,0
2025-01-06 23:45:00,TAS1,120.26,914.22,23,6,1,0
2025-01-06 23:45:00,VIC1,-1e-05,4171.32,23,6,1,0
2025-01-06 23:50:00,NSW1,75.9,7519.07,23,6,1,0
2025-01-06 23:50:00,QLD1,77.95,6409.5,23,6,1,0
2025-01-06 23:50:00,SA1,27.70877,1413.97,23,6,1,0
2025-01-06 23:50:00,TAS1,120.26,908.04,23,6,1,0
2025-01-06 23:50:00,VIC1,8.95,4146.34,23,6,1,0
2025-01-06 23:55:00,NSW1,75.9,7503.65,23,6,1,0
2025-01-06 23:55:00,QLD1,78.18743,6403.63,23,6,1,0
2025-01-06 23:55:00,SA1,27.76723,1437.77,23,6,1,0
2025-01-06 23:55:00,TAS1,120.26,910.97,23,6,1,0
2025-01-06 23:55:00,VIC1,8.94974,4115.17,23,6,1,0
2025-01-07 00:00:00,NSW1,75.9,7515.0,0,7,1,1
2025-01-07 00:00:00,QLD1,77.95,6321.93,0,7,1,1
2025-01-07 00:00:00,SA1,27.69161,1416.97,0,7,1,1
2025-01-07 00:00:00,TAS1,120.26,911.31,0,7,1,1
2025-01-07 00:00:00,VIC1,8.94974,4056.62,0,7,1,1
